{
    "BlockStep": {
        "conf": {
            "num_neurons": 1000000,
            "av_num_conn_per_neuron": 100,
            "connectivity": "fixed_indegree"
        },
        "seeds": [
            123457,
            123451,
            123450,
            123453,
            123456,
            123452,
            123459,
            123458,
            123454,
            123455
        ],
        "timers": {
            "time_initialize": {
                "mean": 0.0011263051999999998,
                "std": 9.57575777114271e-05
            },
            "time_create": {
                "mean": 0.0014469412999999999,
                "std": 1.7094191019466232e-05
            },
            "time_connect": {
                "mean": 0.0137324767,
                "std": 0.00010460976263528174
            },
            "time_calibrate": {
                "mean": 0.09034713800000001,
                "std": 0.004787726653602228
            },
            "time_construct": {
                "mean": 0.10665286119999999,
                "std": 0.004970724178232703
            },
            "time_simulate": {
                "mean": 0.0034867896000000003,
                "std": 7.699902136027442e-05
            },
            "time_total": {
                "mean": 0.11013965079999999,
                "std": 0.005030261493260561
            }
        }
    }
}