{
    "BlockStep": {
        "conf": {
            "num_neurons": 100000,
            "av_num_conn_per_neuron": 10000,
            "connectivity": "fixed_outdegree"
        },
        "seeds": [
            123457,
            123451,
            123450,
            123453,
            123456,
            123452,
            123459,
            123458,
            123454,
            123455
        ],
        "timers": {
            "time_initialize": {
                "mean": 0.0011113933,
                "std": 3.774508783153117e-05
            },
            "time_create": {
                "mean": 0.0008305799999999998,
                "std": 9.614573313465353e-06
            },
            "time_connect": {
                "mean": 0.1235607313,
                "std": 0.0012325141141104276
            },
            "time_calibrate": {
                "mean": 1.7186904959,
                "std": 0.005664616327442872
            },
            "time_construct": {
                "mean": 1.8441932005000001,
                "std": 0.006317043208800432
            },
            "time_simulate": {
                "mean": 0.0029533236,
                "std": 0.00023062667368637133
            },
            "time_total": {
                "mean": 1.8471465240999998,
                "std": 0.006291275900877317
            }
        }
    }
}