{
    "BlockStep": {
        "conf": {
            "num_neurons": 1000000,
            "av_num_conn_per_neuron": 1000,
            "connectivity": "fixed_total_number"
        },
        "seeds": [
            123457,
            123451,
            123450,
            123453,
            123456,
            123452,
            123459,
            123458,
            123454,
            123455
        ],
        "timers": {
            "time_initialize": {
                "mean": 0.0011226423,
                "std": 5.573202911262068e-05
            },
            "time_create": {
                "mean": 0.0014434376,
                "std": 2.1781107980082165e-05
            },
            "time_connect": {
                "mean": 0.1308362407,
                "std": 0.0008107842538623974
            },
            "time_calibrate": {
                "mean": 1.6597430099000001,
                "std": 0.0033334992951781573
            },
            "time_construct": {
                "mean": 1.7931453305000002,
                "std": 0.00322709170959291
            },
            "time_simulate": {
                "mean": 0.0034426132,
                "std": 4.8126873878946236e-05
            },
            "time_total": {
                "mean": 1.7965879437,
                "std": 0.0032306494669986554
            }
        }
    }
}