{
    "BlockStep": {
        "conf": {
            "num_neurons": 10000,
            "av_num_conn_per_neuron": 100,
            "connectivity": "fixed_indegree"
        },
        "seeds": [
            123457,
            123451,
            123450,
            123453,
            123456,
            123452,
            123459,
            123458,
            123454,
            123455
        ],
        "timers": {
            "time_initialize": {
                "mean": 0.0012123813,
                "std": 7.52011585323657e-05
            },
            "time_create": {
                "mean": 0.0006705512,
                "std": 7.249822099031122e-05
            },
            "time_connect": {
                "mean": 0.0019303373,
                "std": 9.656710522227531e-05
            },
            "time_calibrate": {
                "mean": 0.0018231512000000001,
                "std": 5.680434966408828e-05
            },
            "time_construct": {
                "mean": 0.005636421000000001,
                "std": 0.0001379651021816749
            },
            "time_simulate": {
                "mean": 0.0030209377000000003,
                "std": 0.0003829442924465778
            },
            "time_total": {
                "mean": 0.0086573587,
                "std": 0.00041759189880481387
            }
        }
    }
}