{
    "BlockStep": {
        "conf": {
            "num_neurons": 10000,
            "av_num_conn_per_neuron": 10000,
            "connectivity": "fixed_total_number"
        },
        "seeds": [
            123457,
            123451,
            123450,
            123453,
            123456,
            123452,
            123459,
            123458,
            123454,
            123455
        ],
        "timers": {
            "time_initialize": {
                "mean": 0.0011488734,
                "std": 8.994176162851161e-05
            },
            "time_create": {
                "mean": 0.0006926641999999999,
                "std": 5.855823939088332e-05
            },
            "time_connect": {
                "mean": 0.014596209500000002,
                "std": 0.00024788550256166664
            },
            "time_calibrate": {
                "mean": 0.0801568798,
                "std": 0.0051222020647594116
            },
            "time_construct": {
                "mean": 0.09659462690000001,
                "std": 0.005416510635355209
            },
            "time_simulate": {
                "mean": 0.0028358439,
                "std": 3.7501444288053734e-05
            },
            "time_total": {
                "mean": 0.0994304708,
                "std": 0.005436228329745059
            }
        }
    }
}