{
    "BlockStep": {
        "conf": {
            "num_neurons": 1000,
            "av_num_conn_per_neuron": 1000,
            "connectivity": "fixed_total_number"
        },
        "seeds": [
            123457,
            123451,
            123450,
            123453,
            123456,
            123452,
            123459,
            123458,
            123454,
            123455
        ],
        "timers": {
            "time_initialize": {
                "mean": 0.0013000364,
                "std": 0.00012561923762481603
            },
            "time_create": {
                "mean": 0.0005923163000000001,
                "std": 9.219696918342816e-05
            },
            "time_connect": {
                "mean": 0.0020645764,
                "std": 0.00012466947325404082
            },
            "time_calibrate": {
                "mean": 0.0015404175999999999,
                "std": 4.216760100883141e-05
            },
            "time_construct": {
                "mean": 0.0054973467,
                "std": 0.0001675245235665812
            },
            "time_simulate": {
                "mean": 0.0028343875999999996,
                "std": 4.584808437481339e-05
            },
            "time_total": {
                "mean": 0.008331734300000001,
                "std": 0.00020048825690052307
            }
        }
    }
}