{
    "BlockStep": {
        "conf": {
            "num_neurons": 100000,
            "av_num_conn_per_neuron": 1000,
            "connectivity": "fixed_total_number"
        },
        "seeds": [
            123457,
            123451,
            123450,
            123453,
            123456,
            123452,
            123459,
            123458,
            123454,
            123455
        ],
        "timers": {
            "time_initialize": {
                "mean": 0.0011553895,
                "std": 9.206319940263862e-05
            },
            "time_create": {
                "mean": 0.0008358934999999999,
                "std": 1.1756133388576352e-05
            },
            "time_connect": {
                "mean": 0.014547288999999996,
                "std": 0.0001542901046859455
            },
            "time_calibrate": {
                "mean": 0.0836380722,
                "std": 0.004755672316646737
            },
            "time_construct": {
                "mean": 0.10017664420000001,
                "std": 0.004988670049338577
            },
            "time_simulate": {
                "mean": 0.0028498911,
                "std": 5.014808784081405e-05
            },
            "time_total": {
                "mean": 0.10302653529999999,
                "std": 0.00501814432333029
            }
        }
    }
}