{
    "BlockStep": {
        "conf": {
            "num_neurons": 10000,
            "av_num_conn_per_neuron": 1000,
            "connectivity": "fixed_indegree"
        },
        "seeds": [
            123457,
            123451,
            123450,
            123453,
            123456,
            123452,
            123459,
            123458,
            123454,
            123455
        ],
        "timers": {
            "time_initialize": {
                "mean": 0.0012408984,
                "std": 7.655850233540364e-05
            },
            "time_create": {
                "mean": 0.0008235440000000001,
                "std": 0.000447430196958587
            },
            "time_connect": {
                "mean": 0.0027184165,
                "std": 0.00011047456673936318
            },
            "time_calibrate": {
                "mean": 0.0049835028,
                "std": 0.00017666002467157078
            },
            "time_construct": {
                "mean": 0.0097663617,
                "std": 0.0006081389419780728
            },
            "time_simulate": {
                "mean": 0.0028494894,
                "std": 4.637330846553874e-05
            },
            "time_total": {
                "mean": 0.0126158511,
                "std": 0.000639334406095347
            }
        }
    }
}