{
    "BlockStep": {
        "conf": {
            "num_neurons": 100000,
            "av_num_conn_per_neuron": 1000,
            "connectivity": "fixed_indegree"
        },
        "seeds": [
            123457,
            123451,
            123450,
            123453,
            123456,
            123452,
            123459,
            123458,
            123454,
            123455
        ],
        "timers": {
            "time_initialize": {
                "mean": 0.0011183904999999999,
                "std": 4.9449911124793716e-05
            },
            "time_create": {
                "mean": 0.000828339,
                "std": 9.07615386603819e-06
            },
            "time_connect": {
                "mean": 0.0137215394,
                "std": 6.238917971603738e-05
            },
            "time_calibrate": {
                "mean": 0.0825394826,
                "std": 0.002786741660776764
            },
            "time_construct": {
                "mean": 0.09820775149999998,
                "std": 0.0028497509628769404
            },
            "time_simulate": {
                "mean": 0.0028346025,
                "std": 2.556014624860358e-05
            },
            "time_total": {
                "mean": 0.10104235399999999,
                "std": 0.002848149826133026
            }
        }
    }
}