{
    "BlockStep": {
        "conf": {
            "num_neurons": 1000000,
            "av_num_conn_per_neuron": 1000,
            "connectivity": "fixed_indegree"
        },
        "seeds": [
            123457,
            123451,
            123450,
            123453,
            123456,
            123452,
            123459,
            123458,
            123454,
            123455
        ],
        "timers": {
            "time_initialize": {
                "mean": 0.0011322781,
                "std": 6.0152675139930394e-05
            },
            "time_create": {
                "mean": 0.0014349812,
                "std": 5.460520374469801e-06
            },
            "time_connect": {
                "mean": 0.1231768316,
                "std": 0.0005348884761002434
            },
            "time_calibrate": {
                "mean": 1.6596983813000001,
                "std": 0.003711430846983704
            },
            "time_construct": {
                "mean": 1.7854424722000002,
                "std": 0.004016769532945893
            },
            "time_simulate": {
                "mean": 0.0034254496999999995,
                "std": 3.616117139432853e-05
            },
            "time_total": {
                "mean": 1.7888679218999997,
                "std": 0.004030294423826924
            }
        }
    }
}