{
    "BlockStep": {
        "conf": {
            "num_neurons": 100000,
            "av_num_conn_per_neuron": 10000,
            "connectivity": "fixed_total_number"
        },
        "seeds": [
            123457,
            123451,
            123450,
            123453,
            123456,
            123452,
            123459,
            123458,
            123454,
            123455
        ],
        "timers": {
            "time_initialize": {
                "mean": 0.0011085652999999998,
                "std": 6.404266326606038e-05
            },
            "time_create": {
                "mean": 0.0008351533999999999,
                "std": 1.4734852589693591e-05
            },
            "time_connect": {
                "mean": 0.1309230019,
                "std": 0.0008909036306458145
            },
            "time_calibrate": {
                "mean": 1.6268946153,
                "std": 0.0035525814522906585
            },
            "time_construct": {
                "mean": 1.7597613359,
                "std": 0.0035495759662333226
            },
            "time_simulate": {
                "mean": 0.002878385,
                "std": 2.8854739752768473e-05
            },
            "time_total": {
                "mean": 1.7626397209,
                "std": 0.003540933852768822
            }
        }
    }
}