{
    "BlockStep": {
        "conf": {
            "num_neurons": 1000,
            "av_num_conn_per_neuron": 1000,
            "connectivity": "fixed_indegree"
        },
        "seeds": [
            123457,
            123451,
            123450,
            123453,
            123456,
            123452,
            123459,
            123458,
            123454,
            123455
        ],
        "timers": {
            "time_initialize": {
                "mean": 0.0012454673,
                "std": 6.98933040928099e-05
            },
            "time_create": {
                "mean": 0.0006725831,
                "std": 8.151988745385998e-05
            },
            "time_connect": {
                "mean": 0.0019411991999999999,
                "std": 0.00010419985370220056
            },
            "time_calibrate": {
                "mean": 0.0015127973999999999,
                "std": 4.0960575406602907e-05
            },
            "time_construct": {
                "mean": 0.0053720470000000005,
                "std": 0.00012453594639299931
            },
            "time_simulate": {
                "mean": 0.0027768154,
                "std": 4.5855899699384384e-05
            },
            "time_total": {
                "mean": 0.0081488624,
                "std": 0.00016528420922290208
            }
        }
    }
}