{
    "BlockStep": {
        "conf": {
            "num_neurons": 1000000,
            "av_num_conn_per_neuron": 100,
            "connectivity": "fixed_total_number"
        },
        "seeds": [
            123457,
            123451,
            123450,
            123453,
            123456,
            123452,
            123459,
            123458,
            123454,
            123455
        ],
        "timers": {
            "time_initialize": {
                "mean": 0.0011223192,
                "std": 9.855510938332928e-05
            },
            "time_create": {
                "mean": 0.0014428767,
                "std": 1.549346151800819e-05
            },
            "time_connect": {
                "mean": 0.014542175600000002,
                "std": 0.00020959310825988532
            },
            "time_calibrate": {
                "mean": 0.0905776626,
                "std": 0.005659840941518592
            },
            "time_construct": {
                "mean": 0.1076850341,
                "std": 0.0059727640327306986
            },
            "time_simulate": {
                "mean": 0.0034542634,
                "std": 3.0252809371032002e-05
            },
            "time_total": {
                "mean": 0.1111392975,
                "std": 0.005964067381785324
            }
        }
    }
}