{
    "BlockStep": {
        "conf": {
            "num_neurons": 1000,
            "av_num_conn_per_neuron": 10000,
            "connectivity": "fixed_indegree"
        },
        "seeds": [
            123457,
            123451,
            123450,
            123453,
            123456,
            123452,
            123459,
            123458,
            123454,
            123455
        ],
        "timers": {
            "time_initialize": {
                "mean": 0.0012614593,
                "std": 5.2725584964132926e-05
            },
            "time_create": {
                "mean": 0.0006505491000000001,
                "std": 8.853819242163238e-05
            },
            "time_connect": {
                "mean": 0.0027404744000000003,
                "std": 0.00012462381263241782
            },
            "time_calibrate": {
                "mean": 0.004638180800000001,
                "std": 0.00015728563068557777
            },
            "time_construct": {
                "mean": 0.0092906636,
                "std": 0.00022263290745943207
            },
            "time_simulate": {
                "mean": 0.0028039384999999995,
                "std": 3.602236891502276e-05
            },
            "time_total": {
                "mean": 0.0120946021,
                "std": 0.00025034853441210713
            }
        }
    }
}