{
    "BlockStep": {
        "conf": {
            "num_neurons": 1000,
            "av_num_conn_per_neuron": 1000,
            "connectivity": "fixed_outdegree"
        },
        "seeds": [
            123457,
            123451,
            123450,
            123453,
            123456,
            123452,
            123459,
            123458,
            123454,
            123455
        ],
        "timers": {
            "time_initialize": {
                "mean": 0.0012291234,
                "std": 8.453626731078209e-05
            },
            "time_create": {
                "mean": 0.000666962,
                "std": 7.71398074679993e-05
            },
            "time_connect": {
                "mean": 0.0020283505,
                "std": 0.0002684294293743702
            },
            "time_calibrate": {
                "mean": 0.0016533366,
                "std": 0.0004580569169164897
            },
            "time_construct": {
                "mean": 0.0055777725,
                "std": 0.0007745728817369288
            },
            "time_simulate": {
                "mean": 0.0027561896999999994,
                "std": 5.2334288536388756e-05
            },
            "time_total": {
                "mean": 0.0083339622,
                "std": 0.0007649159576217244
            }
        }
    }
}