{
    "conf": {
        "threads": 16,
        "procs": 8,
        "vps": 128,
        "nodes": 1,
        "num_neurons": 77169,
        "seed": 123457
    },
    "ranks": {
        "4": {
            "stats": {
                "local_spike_counter": 305450,
                "rate": 0.39581560669510385
            },
            "timers": {
                "time_network": 16736625,
                "time_create": 397797920,
                "time_connect": 1668290182,
                "time_presimulate": 2547123284,
                "time_simulate": 7920689767,
                "time_total": 12550637778
            }
        },
        "3": {
            "stats": {
                "local_spike_counter": 308821,
                "rate": 0.40018389744700816
            },
            "timers": {
                "time_network": 10129762,
                "time_create": 389033909,
                "time_connect": 1712486779,
                "time_presimulate": 2511707679,
                "time_simulate": 7920669726,
                "time_total": 12544027855
            }
        },
        "6": {
            "stats": {
                "local_spike_counter": 304295,
                "rate": 0.394318906659966
            },
            "timers": {
                "time_network": 16610634,
                "time_create": 386707730,
                "time_connect": 1726150720,
                "time_presimulate": 2500315506,
                "time_simulate": 7920686217,
                "time_total": 12550470807
            }
        },
        "5": {
            "stats": {
                "local_spike_counter": 306595,
                "rate": 0.397299348288379
            },
            "timers": {
                "time_network": 16747065,
                "time_create": 391243067,
                "time_connect": 1692584038,
                "time_presimulate": 2529388921,
                "time_simulate": 7920592626,
                "time_total": 12550555717
            }
        },
        "1": {
            "stats": {
                "local_spike_counter": 309016,
                "rate": 0.4004365870633302
            },
            "timers": {
                "time_network": 16738305,
                "time_create": 389671834,
                "time_connect": 1683157613,
                "time_presimulate": 2540372169,
                "time_simulate": 7920699407,
                "time_total": 12550639328
            }
        },
        "7": {
            "stats": {
                "local_spike_counter": 308877,
                "rate": 0.40025646472143916
            },
            "timers": {
                "time_network": 11517253,
                "time_create": 393645236,
                "time_connect": 1710563124,
                "time_presimulate": 2508993486,
                "time_simulate": 7920688127,
                "time_total": 12545407226
            }
        },
        "0": {
            "stats": {
                "local_spike_counter": 311503,
                "rate": 0.40365935155457494
            },
            "timers": {
                "time_network": 16742885,
                "time_create": 392312556,
                "time_connect": 1689008529,
                "time_presimulate": 2531883041,
                "time_simulate": 7920691617,
                "time_total": 12550638628
            }
        },
        "2": {
            "stats": {
                "local_spike_counter": 308400,
                "rate": 0.39963834704459
            },
            "timers": {
                "time_network": 11896976,
                "time_create": 384254941,
                "time_connect": 1710537423,
                "time_presimulate": 2518415852,
                "time_simulate": 7920671107,
                "time_total": 12545776299
            }
        }
    },
    "all_values": {
        "stats": {
            "local_spike_counter": 2462957,
            "rate": 3.191608509474391
        },
        "timers": {
            "time_network": [
                16736625,
                10129762,
                16610634,
                16747065,
                16738305,
                11517253,
                16742885,
                11896976
            ],
            "time_create": [
                397797920,
                389033909,
                386707730,
                391243067,
                389671834,
                393645236,
                392312556,
                384254941
            ],
            "time_connect": [
                1668290182,
                1712486779,
                1726150720,
                1692584038,
                1683157613,
                1710563124,
                1689008529,
                1710537423
            ],
            "time_presimulate": [
                2547123284,
                2511707679,
                2500315506,
                2529388921,
                2540372169,
                2508993486,
                2531883041,
                2518415852
            ],
            "time_simulate": [
                7920689767,
                7920669726,
                7920686217,
                7920592626,
                7920699407,
                7920688127,
                7920691617,
                7920671107
            ],
            "time_total": [
                12550637778,
                12544027855,
                12550470807,
                12550555717,
                12550639328,
                12545407226,
                12550638628,
                12545776299
            ]
        }
    }
}