{
    "BlockStep": {
        "conf": {
            "num_neurons": 77169
        },
        "seeds": [
            123456,
            123453,
            123454,
            123458,
            123457,
            123452,
            123450,
            123459,
            123451,
            123455
        ],
        "timers": {
            "time_initialize": {
                "mean": 0.0014412001999999998,
                "std": 0.00015559238617284584
            },
            "time_create": {
                "mean": 0.032103463799999996,
                "std": 0.07537960109905015
            },
            "time_connect": {
                "mean": 0.08248780029999998,
                "std": 0.0024453457991312406
            },
            "time_calibrate": {
                "mean": 0.4088186261000001,
                "std": 0.005015246613435981
            },
            "time_construct": {
                "mean": 0.5248510904000001,
                "std": 0.0802043996444076
            },
            "time_simulate": {
                "mean": 8.545469665,
                "std": 0.0327570940618
            },
            "time_total": {
                "mean": 9.070320755400001,
                "std": 0.09475151705036293
            }
        }
    }
}