{
    "conf": {
        "threads": 16,
        "procs": 8,
        "vps": 128,
        "nodes": 1,
        "num_neurons": 77169,
        "seed": 123451
    },
    "ranks": {
        "4": {
            "stats": {
                "local_spike_counter": 304156,
                "rate": 0.394138784318075
            },
            "timers": {
                "time_network": 39026735,
                "time_create": 395166461,
                "time_connect": 1684455582,
                "time_presimulate": 2542294169,
                "time_simulate": 7712132424,
                "time_total": 12373075371
            }
        },
        "2": {
            "stats": {
                "local_spike_counter": 311145,
                "rate": 0.4031954393358916
            },
            "timers": {
                "time_network": 45576247,
                "time_create": 394471496,
                "time_connect": 1690381750,
                "time_presimulate": 2537063686,
                "time_simulate": 7712130444,
                "time_total": 12379623623
            }
        },
        "0": {
            "stats": {
                "local_spike_counter": 303215,
                "rate": 0.39291939493879824
            },
            "timers": {
                "time_network": 11060889,
                "time_create": 394784619,
                "time_connect": 1693834917,
                "time_presimulate": 2533307427,
                "time_simulate": 7712135534,
                "time_total": 12345123386
            }
        },
        "7": {
            "stats": {
                "local_spike_counter": 304470,
                "rate": 0.3945456793925627
            },
            "timers": {
                "time_network": 11860095,
                "time_create": 393028855,
                "time_connect": 1687410926,
                "time_presimulate": 2541480362,
                "time_simulate": 7712106784,
                "time_total": 12345887022
            }
        },
        "6": {
            "stats": {
                "local_spike_counter": 305821,
                "rate": 0.3962963648882087
            },
            "timers": {
                "time_network": 152848361,
                "time_create": 390688475,
                "time_connect": 1682421086,
                "time_presimulate": 2548799521,
                "time_simulate": 7712111894,
                "time_total": 12486869337
            }
        },
        "3": {
            "stats": {
                "local_spike_counter": 304423,
                "rate": 0.3944847747158081
            },
            "timers": {
                "time_network": 13426088,
                "time_create": 392142887,
                "time_connect": 1672681318,
                "time_presimulate": 2557104768,
                "time_simulate": 7712133354,
                "time_total": 12347488415
            }
        },
        "5": {
            "stats": {
                "local_spike_counter": 303824,
                "rate": 0.3937085640482345
            },
            "timers": {
                "time_network": 46066780,
                "time_create": 394297475,
                "time_connect": 1706533160,
                "time_presimulate": 2521088338,
                "time_simulate": 7712137184,
                "time_total": 12380122937
            }
        },
        "1": {
            "stats": {
                "local_spike_counter": 308803,
                "rate": 0.40016057225165547
            },
            "timers": {
                "time_network": 12301499,
                "time_create": 394987030,
                "time_connect": 1678950389,
                "time_presimulate": 2547993384,
                "time_simulate": 7712141064,
                "time_total": 12346373366
            }
        }
    },
    "all_values": {
        "stats": {
            "local_spike_counter": 2445857,
            "rate": 3.169449573889234
        },
        "timers": {
            "time_network": [
                39026735,
                45576247,
                11060889,
                11860095,
                152848361,
                13426088,
                46066780,
                12301499
            ],
            "time_create": [
                395166461,
                394471496,
                394784619,
                393028855,
                390688475,
                392142887,
                394297475,
                394987030
            ],
            "time_connect": [
                1684455582,
                1690381750,
                1693834917,
                1687410926,
                1682421086,
                1672681318,
                1706533160,
                1678950389
            ],
            "time_presimulate": [
                2542294169,
                2537063686,
                2533307427,
                2541480362,
                2548799521,
                2557104768,
                2521088338,
                2547993384
            ],
            "time_simulate": [
                7712132424,
                7712130444,
                7712135534,
                7712106784,
                7712111894,
                7712133354,
                7712137184,
                7712141064
            ],
            "time_total": [
                12373075371,
                12379623623,
                12345123386,
                12345887022,
                12486869337,
                12347488415,
                12380122937,
                12346373366
            ]
        }
    }
}