{
    "BlockStep": {
        "conf": {
            "num_neurons": 77169
        },
        "seeds": [
            123450,
            123451,
            123458,
            123454,
            123457,
            123452,
            123455,
            123453,
            123459,
            123456
        ],
        "timers": {
            "time_initialize": {
                "mean": 0.0004994681,
                "std": 8.30305688827918e-06
            },
            "time_create": {
                "mean": 3.0268020576,
                "std": 0.02859961336916371
            },
            "time_connect": {
                "mean": 54.651194141299996,
                "std": 0.1167478384416124
            },
            "time_calibrate": {
                "mean": 1.9942961077999997,
                "std": 0.010065079082890546
            },
            "time_construct": {
                "mean": 59.6727917748,
                "std": 0.13312813855759076
            },
            "time_simulate": {
                "mean": 9.2829800818,
                "std": 0.04060715557890621
            },
            "time_total": {
                "mean": 68.95577185660002,
                "std": 0.14177102000140093
            }
        }
    }
}