{
    "conf": {
        "num_neurons": 77169
    },
    "seeds": [
        123453,
        123454,
        123455,
        123450,
        123457,
        123456,
        123451,
        123458,
        123459,
        123452
    ],
    "timers": {
        "time_model_def": {
            "mean": 0.0170470443,
            "std": 8.570650923360458e-05
        },
        "time_build": {
            "mean": 13.876945327200001,
            "std": 0.3624962927692205
        },
        "time_load": {
            "mean": 0.7792710851000001,
            "std": 0.028076817571922298
        },
        "time_construct_no_build": {
            "mean": 0.7963181294000001,
            "std": 0.028072446145736778
        },
        "time_construct": {
            "mean": 14.6732634566,
            "std": 0.359699245653745
        },
        "time_simulate": {
            "mean": 6.4887552218,
            "std": 0.013932835823171615
        },
        "time_total": {
            "mean": 21.162018678400003,
            "std": 0.3566781127700176
        }
    }
}