{
    "time_model_def": {
        "mean": 0.0168962365,
        "std": 0.00013907108851608915
    },
    "time_build": {
        "mean": 33.3816208475,
        "std": 0.8995562630050677
    },
    "time_load": {
        "mean": 0.7705019217,
        "std": 0.008867404902750156
    },
    "time_simulate": {
        "mean": 6.476248869,
        "std": 0.009599534250435542
    },
    "time_total": {
        "mean": 40.6452678747,
        "std": 0.9037047347273447
    },
    "network_construction_time": {
        "mean": 34.1690190057,
        "std": 0.9022545706544535
    },
    "network_construction_time_nobuild": {
        "mean": 0.7873981582,
        "std": 0.008913420258731517
    }
}