{
    "conf": {
        "threads": 16,
        "procs": 8,
        "num_neurons": 77169,
        "seed": 123455
    },
    "ranks": {
        "0": {
            "stats": {
                "local_spike_counter": 309003,
                "rate": 0.40041974108890876
            },
            "timers": {
                "time_initialize": 20284830,
                "time_create": 402819719,
                "time_connect": 1515079059,
                "time_calibrate": 2359512942,
                "time_construct": 4297696550,
                "time_simulate": 7728670510,
                "time_total": 12026367060
            }
        },
        "1": {
            "stats": {
                "local_spike_counter": 308110,
                "rate": 0.3992625522305727
            },
            "timers": {
                "time_initialize": 20237790,
                "time_create": 388938217,
                "time_connect": 1529170391,
                "time_calibrate": 2359323222,
                "time_construct": 4297669620,
                "time_simulate": 7728669970,
                "time_total": 12026339590
            }
        },
        "2": {
            "stats": {
                "local_spike_counter": 307081,
                "rate": 0.3979291285629045
            },
            "timers": {
                "time_initialize": 20245040,
                "time_create": 399781720,
                "time_connect": 1518223068,
                "time_calibrate": 2359447052,
                "time_construct": 4297696880,
                "time_simulate": 7728590420,
                "time_total": 12026287300
            }
        },
        "4": {
            "stats": {
                "local_spike_counter": 302923,
                "rate": 0.3925410084364084
            },
            "timers": {
                "time_initialize": 11672845,
                "time_create": 391800326,
                "time_connect": 1526308372,
                "time_calibrate": 2359314092,
                "time_construct": 4289095635,
                "time_simulate": 7728678240,
                "time_total": 12017773875
            }
        },
        "3": {
            "stats": {
                "local_spike_counter": 308537,
                "rate": 0.3998158776981085
            },
            "timers": {
                "time_initialize": 9736059,
                "time_create": 385696278,
                "time_connect": 1532227280,
                "time_calibrate": 2359499902,
                "time_construct": 4287159519,
                "time_simulate": 7728676590,
                "time_total": 12015836109
            }
        },
        "6": {
            "stats": {
                "local_spike_counter": 303853,
                "rate": 0.39374614352963627
            },
            "timers": {
                "time_initialize": 14947155,
                "time_create": 393999062,
                "time_connect": 1524282137,
                "time_calibrate": 2359147401,
                "time_construct": 4292375755,
                "time_simulate": 7728667990,
                "time_total": 12021043745
            }
        },
        "5": {
            "stats": {
                "local_spike_counter": 311106,
                "rate": 0.40314490141262727
            },
            "timers": {
                "time_initialize": 13548210,
                "time_create": 389557989,
                "time_connect": 1528697540,
                "time_calibrate": 2359164931,
                "time_construct": 4290968670,
                "time_simulate": 7728670010,
                "time_total": 12019638680
            }
        },
        "7": {
            "stats": {
                "local_spike_counter": 306580,
                "rate": 0.39727991062558504
            },
            "timers": {
                "time_initialize": 17514832,
                "time_create": 386519270,
                "time_connect": 1531402248,
                "time_calibrate": 2359506362,
                "time_construct": 4294942712,
                "time_simulate": 7728673250,
                "time_total": 12023615962
            }
        }
    },
    "all_values": {
        "stats": {
            "local_spike_counter": 2457193,
            "rate": 3.1841392635847514
        },
        "timers": {
            "time_initialize": [
                20284830,
                20237790,
                20245040,
                11672845,
                9736059,
                14947155,
                13548210,
                17514832
            ],
            "time_create": [
                402819719,
                388938217,
                399781720,
                391800326,
                385696278,
                393999062,
                389557989,
                386519270
            ],
            "time_connect": [
                1515079059,
                1529170391,
                1518223068,
                1526308372,
                1532227280,
                1524282137,
                1528697540,
                1531402248
            ],
            "time_calibrate": [
                2359512942,
                2359323222,
                2359447052,
                2359314092,
                2359499902,
                2359147401,
                2359164931,
                2359506362
            ],
            "time_construct": [
                4297696550,
                4297669620,
                4297696880,
                4289095635,
                4287159519,
                4292375755,
                4290968670,
                4294942712
            ],
            "time_simulate": [
                7728670510,
                7728669970,
                7728590420,
                7728678240,
                7728676590,
                7728667990,
                7728670010,
                7728673250
            ],
            "time_total": [
                12026367060,
                12026339590,
                12026287300,
                12017773875,
                12015836109,
                12021043745,
                12019638680,
                12023615962
            ]
        }
    }
}