{
    "BlockStep": {
        "conf": {
            "num_neurons": 77169
        },
        "seeds": [
            123452,
            123450,
            123456,
            123453,
            123458,
            123459,
            123457,
            123454,
            123455,
            123451
        ],
        "timers": {
            "time_initialize": {
                "mean": 0.0014424029,
                "std": 0.00015889536930033547
            },
            "time_create": {
                "mean": 3.3244301432,
                "std": 0.05859184226186341
            },
            "time_connect": {
                "mean": 56.0280754463,
                "std": 0.2765136486112791
            },
            "time_calibrate": {
                "mean": 2.0643185364999996,
                "std": 0.014025372886593324
            },
            "time_construct": {
                "mean": 61.41826652889999,
                "std": 0.2788462396251166
            },
            "time_simulate": {
                "mean": 8.9442760898,
                "std": 0.021529076361494454
            },
            "time_total": {
                "mean": 70.3625426187,
                "std": 0.27539413795853335
            }
        }
    }
}