{
    "BlockStep": {
        "conf": {
            "num_neurons": 77169
        },
        "seeds": [
            123455,
            123450,
            123457,
            123459,
            123451,
            123458,
            123456,
            123453,
            123452,
            123454
        ],
        "timers": {
            "time_initialize": {
                "mean": 0.0001718039,
                "std": 9.150156757673604e-06
            },
            "time_create": {
                "mean": 0.0016318902999999999,
                "std": 9.058398697678303e-05
            },
            "time_connect": {
                "mean": 0.3088371136,
                "std": 0.009612238686886689
            },
            "time_calibrate": {
                "mean": 0.6020809405,
                "std": 0.0006997380260289225
            },
            "time_construct": {
                "mean": 0.9127217482999999,
                "std": 0.009058143344518533
            },
            "time_simulate": {
                "mean": 8.5043794728,
                "std": 0.026093092115890483
            },
            "time_total": {
                "mean": 9.417101221100001,
                "std": 0.02239771937831634
            }
        }
    }
}