{
    "conf": {
        "num_neurons": 77169
    },
    "seeds": [
        123458,
        123452,
        123455,
        123451,
        123453,
        123456,
        123459,
        123450,
        123457,
        123454
    ],
    "timers": {
        "time_model_def": {
            "mean": 0.010765867200000001,
            "std": 0.00015040828769373018
        },
        "time_build": {
            "mean": 7.257762449699999,
            "std": 0.04501811496227084
        },
        "time_load": {
            "mean": 0.5166481961,
            "std": 0.01318401817519031
        },
        "time_construct_no_build": {
            "mean": 0.5274140633,
            "std": 0.013209725231475428
        },
        "time_construct": {
            "mean": 7.785176513000001,
            "std": 0.04776431630323279
        },
        "time_simulate": {
            "mean": 7.0071798446,
            "std": 0.01598959748306582
        },
        "time_total": {
            "mean": 14.792356357599996,
            "std": 0.052791027425123836
        }
    }
}