{
    "BlockStep": {
        "conf": {
            "num_neurons": 77169
        },
        "seeds": [
            123458,
            123450,
            123455,
            123459,
            123451,
            123452,
            123457,
            123456,
            123454,
            123453
        ],
        "timers": {
            "time_initialize": {
                "mean": 0.0005087742,
                "std": 1.5807080753890018e-05
            },
            "time_create": {
                "mean": 0.023559868699999997,
                "std": 0.04725391278618004
            },
            "time_connect": {
                "mean": 0.10500146820000003,
                "std": 0.00036595537159271293
            },
            "time_calibrate": {
                "mean": 0.5795590909999999,
                "std": 0.0009109137973896362
            },
            "time_construct": {
                "mean": 0.7086292020999999,
                "std": 0.047342272872366545
            },
            "time_simulate": {
                "mean": 8.8269296973,
                "std": 0.09656670540708802
            },
            "time_total": {
                "mean": 9.5355588994,
                "std": 0.10078252352440643
            }
        }
    }
}