{
    "BlockStep": {
        "conf": {
            "num_neurons": 77169
        },
        "seeds": [
            123451,
            123453,
            123454,
            123458,
            123450,
            123459,
            123456,
            123455,
            123457,
            123452
        ],
        "timers": {
            "time_initialize": {
                "mean": 0.00016645959999999997,
                "std": 1.2947085889882715e-05
            },
            "time_create": {
                "mean": 1.9309354902,
                "std": 0.04000376940598508
            },
            "time_connect": {
                "mean": 41.1600812409,
                "std": 0.2842177451210503
            },
            "time_calibrate": {
                "mean": 2.202987383,
                "std": 0.013346795866985048
            },
            "time_construct": {
                "mean": 45.2941705737,
                "std": 0.32013027097813834
            },
            "time_simulate": {
                "mean": 8.6413989292,
                "std": 0.010844200985019368
            },
            "time_total": {
                "mean": 53.93556950289999,
                "std": 0.3208402813763773
            }
        }
    }
}