{
    "threads": 16,
    "procs": 8,
    "7": {
        "stats": {
            "local_spike_counter": 310004,
            "num_neurons": 77169,
            "rate": 0.3825913317030217
        },
        "timers": {
            "time_network": 30986234,
            "time_create": 389795896,
            "time_connect": 4075749766,
            "time_presimulate": 397476595,
            "time_simulate": 7552830777,
            "time_total": 12446839268
        }
    },
    "5": {
        "stats": {
            "local_spike_counter": 306984,
            "num_neurons": 77169,
            "rate": 0.37886419972490804
        },
        "timers": {
            "time_network": 23538317,
            "time_create": 393196393,
            "time_connect": 4072783691,
            "time_presimulate": 397081973,
            "time_simulate": 7552840957,
            "time_total": 12439441331
        }
    },
    "2": {
        "stats": {
            "local_spike_counter": 308503,
            "num_neurons": 77169,
            "rate": 0.3807388730609195
        },
        "timers": {
            "time_network": 35858768,
            "time_create": 393495404,
            "time_connect": 4072130008,
            "time_presimulate": 397409844,
            "time_simulate": 7552841408,
            "time_total": 12451735432
        }
    },
    "6": {
        "stats": {
            "local_spike_counter": 307149,
            "num_neurons": 77169,
            "rate": 0.3790678344190765
        },
        "timers": {
            "time_network": 39371516,
            "time_create": 388433769,
            "time_connect": 4077502775,
            "time_presimulate": 397069232,
            "time_simulate": 7552925878,
            "time_total": 12455303170
        }
    },
    "1": {
        "stats": {
            "local_spike_counter": 310705,
            "num_neurons": 77169,
            "rate": 0.38345647061582216
        },
        "timers": {
            "time_network": 10999805,
            "time_create": 398586520,
            "time_connect": 4067244693,
            "time_presimulate": 397248424,
            "time_simulate": 7552849238,
            "time_total": 12426928680
        }
    },
    "vps": 128,
    "0": {
        "stats": {
            "local_spike_counter": 311604,
            "num_neurons": 77169,
            "rate": 0.3845659711616249
        },
        "timers": {
            "time_network": 15365416,
            "time_create": 394151958,
            "time_connect": 4071774746,
            "time_presimulate": 397145083,
            "time_simulate": 7552800137,
            "time_total": 12431237340
        }
    },
    "3": {
        "stats": {
            "local_spike_counter": 309890,
            "num_neurons": 77169,
            "rate": 0.3824506386415962
        },
        "timers": {
            "time_network": 30816963,
            "time_create": 389730136,
            "time_connect": 4076375079,
            "time_presimulate": 396982142,
            "time_simulate": 7552811467,
            "time_total": 12446715787
        }
    },
    "4": {
        "stats": {
            "local_spike_counter": 311984,
            "num_neurons": 77169,
            "rate": 0.3850349480330431
        },
        "timers": {
            "time_network": 11171005,
            "time_create": 397029412,
            "time_connect": 4069025812,
            "time_presimulate": 397008523,
            "time_simulate": 7552815587,
            "time_total": 12427050339
        }
    }
}