{
    "threads": 16,
    "procs": 32,
    "16": {
        "stats": {
            "local_spike_counter": 75915,
            "num_neurons": 77169,
            "rate": 0.09369047156241495
        },
        "timers": {
            "time_network": 70099885,
            "time_create": 311376939,
            "time_connect": 1393558294,
            "time_presimulate": 338173253,
            "time_simulate": 6271965527,
            "time_total": 8385173898
        }
    },
    "3": {
        "stats": {
            "local_spike_counter": 75464,
            "num_neurons": 77169,
            "rate": 0.09313387006502118
        },
        "timers": {
            "time_network": 72496756,
            "time_create": 316634766,
            "time_connect": 1388061702,
            "time_presimulate": 338398858,
            "time_simulate": 6271990349,
            "time_total": 8387582431
        }
    },
    "27": {
        "stats": {
            "local_spike_counter": 75885,
            "num_neurons": 77169,
            "rate": 0.09365344707256615
        },
        "timers": {
            "time_network": 67853774,
            "time_create": 308885889,
            "time_connect": 1395599793,
            "time_presimulate": 338615199,
            "time_simulate": 6271988550,
            "time_total": 8382943205
        }
    },
    "21": {
        "stats": {
            "local_spike_counter": 76265,
            "num_neurons": 77169,
            "rate": 0.09412242394398442
        },
        "timers": {
            "time_network": 65954478,
            "time_create": 311696853,
            "time_connect": 1392798075,
            "time_presimulate": 338624329,
            "time_simulate": 6271974326,
            "time_total": 8381048061
        }
    },
    "10": {
        "stats": {
            "local_spike_counter": 78966,
            "num_neurons": 77169,
            "rate": 0.09745586218003899
        },
        "timers": {
            "time_network": 58803674,
            "time_create": 307166330,
            "time_connect": 1397586121,
            "time_presimulate": 338360521,
            "time_simulate": 6271966559,
            "time_total": 8373883205
        }
    },
    "24": {
        "stats": {
            "local_spike_counter": 77872,
            "num_neurons": 77169,
            "rate": 0.09610570245021903
        },
        "timers": {
            "time_network": 78774258,
            "time_create": 309956813,
            "time_connect": 1394322288,
            "time_presimulate": 338827230,
            "time_simulate": 6271989670,
            "time_total": 8393870259
        }
    },
    "18": {
        "stats": {
            "local_spike_counter": 74225,
            "num_neurons": 77169,
            "rate": 0.0916047586342653
        },
        "timers": {
            "time_network": 23483206,
            "time_create": 313362692,
            "time_connect": 1391167467,
            "time_presimulate": 338585067,
            "time_simulate": 6271976767,
            "time_total": 8338575199
        }
    },
    "8": {
        "stats": {
            "local_spike_counter": 77881,
            "num_neurons": 77169,
            "rate": 0.09611680979717367
        },
        "timers": {
            "time_network": 65403554,
            "time_create": 320475251,
            "time_connect": 1383570713,
            "time_presimulate": 339074208,
            "time_simulate": 6271969849,
            "time_total": 8380493575
        }
    },
    "5": {
        "stats": {
            "local_spike_counter": 77476,
            "num_neurons": 77169,
            "rate": 0.09561697918421472
        },
        "timers": {
            "time_network": 72183405,
            "time_create": 315985292,
            "time_connect": 1388671446,
            "time_presimulate": 338468688,
            "time_simulate": 6271998549,
            "time_total": 8387307380
        }
    },
    "29": {
        "stats": {
            "local_spike_counter": 76572,
            "num_neurons": 77169,
            "rate": 0.09450130789010391
        },
        "timers": {
            "time_network": 78425447,
            "time_create": 309625112,
            "time_connect": 1395101511,
            "time_presimulate": 338367838,
            "time_simulate": 6271993989,
            "time_total": 8393513897
        }
    },
    "17": {
        "stats": {
            "local_spike_counter": 75617,
            "num_neurons": 77169,
            "rate": 0.09332269496325012
        },
        "timers": {
            "time_network": 69145864,
            "time_create": 310716511,
            "time_connect": 1393828148,
            "time_presimulate": 338583457,
            "time_simulate": 6271978207,
            "time_total": 8384252187
        }
    },
    "13": {
        "stats": {
            "local_spike_counter": 76606,
            "num_neurons": 77169,
            "rate": 0.09454326897859922
        },
        "timers": {
            "time_network": 60298700,
            "time_create": 309977860,
            "time_connect": 1394322226,
            "time_presimulate": 338823536,
            "time_simulate": 6271976559,
            "time_total": 8375398881
        }
    },
    "1": {
        "stats": {
            "local_spike_counter": 75928,
            "num_neurons": 77169,
            "rate": 0.0937065155080161
        },
        "timers": {
            "time_network": 66211204,
            "time_create": 313762411,
            "time_connect": 1391190968,
            "time_presimulate": 338156287,
            "time_simulate": 6271997249,
            "time_total": 8381318119
        }
    },
    "25": {
        "stats": {
            "local_spike_counter": 77301,
            "num_neurons": 77169,
            "rate": 0.09540100299343002
        },
        "timers": {
            "time_network": 76257518,
            "time_create": 319071150,
            "time_connect": 1385710233,
            "time_presimulate": 338366038,
            "time_simulate": 6271998880,
            "time_total": 8391403819
        }
    },
    "23": {
        "stats": {
            "local_spike_counter": 80184,
            "num_neurons": 77169,
            "rate": 0.0989590564679007
        },
        "timers": {
            "time_network": 74069480,
            "time_create": 313177060,
            "time_connect": 1391128116,
            "time_presimulate": 338816551,
            "time_simulate": 6271985407,
            "time_total": 8389176614
        }
    },
    "9": {
        "stats": {
            "local_spike_counter": 75044,
            "num_neurons": 77169,
            "rate": 0.09261552720713782
        },
        "timers": {
            "time_network": 46300331,
            "time_create": 316983374,
            "time_connect": 1387127940,
            "time_presimulate": 339035148,
            "time_simulate": 6271987719,
            "time_total": 8361434512
        }
    },
    "7": {
        "stats": {
            "local_spike_counter": 78350,
            "num_neurons": 77169,
            "rate": 0.09669562598847677
        },
        "timers": {
            "time_network": 67765782,
            "time_create": 317469920,
            "time_connect": 1386547824,
            "time_presimulate": 339011541,
            "time_simulate": 6272004759,
            "time_total": 8382799826
        }
    },
    "28": {
        "stats": {
            "local_spike_counter": 78548,
            "num_neurons": 77169,
            "rate": 0.0969399876214789
        },
        "timers": {
            "time_network": 60647425,
            "time_create": 312494654,
            "time_connect": 1392190178,
            "time_presimulate": 338442079,
            "time_simulate": 6272006400,
            "time_total": 8375780736
        }
    },
    "19": {
        "stats": {
            "local_spike_counter": 77301,
            "num_neurons": 77169,
            "rate": 0.09540100299343002
        },