{
    "threads": 64,
    "procs": 6,
    "1": {
        "stats": {
            "local_spike_counter": 415088,
            "num_neurons": 77169,
            "rate": 0.5122807147454351
        },
        "timers": {
            "time_network": 73225530,
            "time_create": 535918405,
            "time_connect": 10675696842,
            "time_presimulate": 720352193,
            "time_simulate": 11068337983,
            "time_total": 23073530953
        }
    },
    "3": {
        "stats": {
            "local_spike_counter": 410944,
            "num_neurons": 77169,
            "rate": 0.5071663985476527
        },
        "timers": {
            "time_network": 64330001,
            "time_create": 526196573,
            "time_connect": 10684178733,
            "time_presimulate": 721569592,
            "time_simulate": 11068378918,
            "time_total": 23064653817
        }
    },
    "5": {
        "stats": {
            "local_spike_counter": 410535,
            "num_neurons": 77169,
            "rate": 0.5066616313360472
        },
        "timers": {
            "time_network": 71551362,
            "time_create": 534104426,
            "time_connect": 10679417287,
            "time_presimulate": 718392516,
            "time_simulate": 11068383018,
            "time_total": 23071848609
        }
    },
    "vps": 384,
    "0": {
        "stats": {
            "local_spike_counter": 411317,
            "num_neurons": 77169,
            "rate": 0.5076267363714396
        },
        "timers": {
            "time_network": 67817643,
            "time_create": 554769372,
            "time_connect": 10656813094,
            "time_presimulate": 720352973,
            "time_simulate": 11068355052,
            "time_total": 23068108134
        }
    },
    "4": {
        "stats": {
            "local_spike_counter": 409727,
            "num_neurons": 77169,
            "rate": 0.5056644384094526
        },
        "timers": {
            "time_network": 64524732,
            "time_create": 541950085,
            "time_connect": 10671925782,
            "time_presimulate": 718115283,
            "time_simulate": 11068327827,
            "time_total": 23064843709
        }
    },
    "2": {
        "stats": {
            "local_spike_counter": 410061,
            "num_neurons": 77169,
            "rate": 0.506076644396436
        },
        "timers": {
            "time_network": 59431259,
            "time_create": 537224080,
            "time_connect": 10674308338,
            "time_presimulate": 720514891,
            "time_simulate": 11068277208,
            "time_total": 23059755776
        }
    }
}