{
    "threads": 16,
    "procs": 24,
    "18": {
        "stats": {
            "local_spike_counter": 101897,
            "num_neurons": 77169,
            "rate": 0.1257561480708081
        },
        "timers": {
            "time_network": 76042675,
            "time_create": 326909191,
            "time_connect": 1712644795,
            "time_presimulate": 375173827,
            "time_simulate": 6234430322,
            "time_total": 8725200810
        }
    },
    "7": {
        "stats": {
            "local_spike_counter": 102175,
            "num_neurons": 77169,
            "rate": 0.12609924167674041
        },
        "timers": {
            "time_network": 71343275,
            "time_create": 336938368,
            "time_connect": 1702274721,
            "time_presimulate": 375526721,
            "time_simulate": 6234399922,
            "time_total": 8720483007
        }
    },
    "21": {
        "stats": {
            "local_spike_counter": 104235,
            "num_neurons": 77169,
            "rate": 0.12864158997969205
        },
        "timers": {
            "time_network": 52547284,
            "time_create": 326546747,
            "time_connect": 1713410292,
            "time_presimulate": 374803144,
            "time_simulate": 6234419822,
            "time_total": 8701727289
        }
    },
    "10": {
        "stats": {
            "local_spike_counter": 102436,
            "num_neurons": 77169,
            "rate": 0.12642135473842506
        },
        "timers": {
            "time_network": 76011695,
            "time_create": 314684951,
            "time_connect": 1724539106,
            "time_presimulate": 375537720,
            "time_simulate": 6234424086,
            "time_total": 8725197558
        }
    },
    "5": {
        "stats": {
            "local_spike_counter": 104772,
            "num_neurons": 77169,
            "rate": 0.12930432834798578
        },
        "timers": {
            "time_network": 72968193,
            "time_create": 342678998,
            "time_connect": 1696499031,
            "time_presimulate": 375553561,
            "time_simulate": 6234398452,
            "time_total": 8722098235
        }
    },
    "16": {
        "stats": {
            "local_spike_counter": 101908,
            "num_neurons": 77169,
            "rate": 0.125769723717086
        },
        "timers": {
            "time_network": 53674896,
            "time_create": 342168790,
            "time_connect": 1697419895,
            "time_presimulate": 375170478,
            "time_simulate": 6234430392,
            "time_total": 8702864451
        }
    },
    "8": {
        "stats": {
            "local_spike_counter": 103347,
            "num_neurons": 77169,
            "rate": 0.12754566508016726
        },
        "timers": {
            "time_network": 64523206,
            "time_create": 315223567,
            "time_connect": 1724533035,
            "time_presimulate": 375018205,
            "time_simulate": 6234429926,
            "time_total": 8713727939
        }
    },
    "4": {
        "stats": {
            "local_spike_counter": 101500,
            "num_neurons": 77169,
            "rate": 0.12526619065514216
        },
        "timers": {
            "time_network": 50424655,
            "time_create": 357200424,
            "time_connect": 1681984735,
            "time_presimulate": 375562061,
            "time_simulate": 6234404392,
            "time_total": 8699576267
        }
    },
    "17": {
        "stats": {
            "local_spike_counter": 99777,
            "num_neurons": 77169,
            "rate": 0.12313975078815884
        },
        "timers": {
            "time_network": 54453545,
            "time_create": 331382441,
            "time_connect": 1708092113,
            "time_presimulate": 375315449,
            "time_simulate": 6234423242,
            "time_total": 8703666790
        }
    },
    "13": {
        "stats": {
            "local_spike_counter": 101143,
            "num_neurons": 77169,
            "rate": 0.12482559922594134
        },
        "timers": {
            "time_network": 59833558,
            "time_create": 322004067,
            "time_connect": 1717464313,
            "time_presimulate": 375288947,
            "time_simulate": 6234430706,
            "time_total": 8709021591
        }
    },
    "1": {
        "stats": {
            "local_spike_counter": 105062,
            "num_neurons": 77169,
            "rate": 0.1296622317498576
        },
        "timers": {
            "time_network": 50949978,
            "time_create": 356369110,
            "time_connect": 1682944740,
            "time_presimulate": 375404990,
            "time_simulate": 6234413312,
            "time_total": 8700082130
        }
    },
    "20": {
        "stats": {
            "local_spike_counter": 101572,
            "num_neurons": 77169,
            "rate": 0.12535504943077933
        },
        "timers": {
            "time_network": 72085671,
            "time_create": 326688669,
            "time_connect": 1712648334,
            "time_presimulate": 375439750,
            "time_simulate": 6234418412,
            "time_total": 8721280836
        }
    },
    "9": {
        "stats": {
            "local_spike_counter": 107655,
            "num_neurons": 77169,
            "rate": 0.13286238182245647
        },
        "timers": {
            "time_network": 65720139,
            "time_create": 320832075,
            "time_connect": 1720570274,
            "time_presimulate": 373354388,
            "time_simulate": 6234428396,
            "time_total": 8714905272
        }
    },
    "6": {
        "stats": {
            "local_spike_counter": 102385,
            "num_neurons": 77169,
            "rate": 0.1263584131056821
        },
        "timers": {
            "time_network": 65507974,
            "time_create": 357259014,
            "time_connect": 1682010286,
            "time_presimulate": 375450020,
            "time_simulate": 6234415102,
            "time_total": 8714642396
        }
    },
    "23": {
        "stats": {
            "local_spike_counter": 104841,
            "num_neurons": 77169,
            "rate": 0.12938948467463804
        },
        "timers": {
            "time_network": 75940193,
            "time_create": 325063271,
            "time_connect": 1714525745,
            "time_presimulate": 375147037,
            "time_simulate": 6234433222,
            "time_total": 8725109468
        }
    },
    "15": {
        "stats": {
            "local_spike_counter": 101482,
            "num_neurons": 77169,
            "rate": 0.1252439759612329
        },
        "timers": {
            "time_network": 76013865,
            "time_create": 321259729,
            "time_connect": 1718640475,
            "time_presimulate": 374850933,
            "time_simulate": 6234421506,
            "time_total": 8725186508
        }
    },
    "3": {
        "stats": {
            "local_spike_counter": 103935,
            "num_neurons": 77169,
            "rate": 0.12827134508120397
        },
        "timers": {
            "time_network": 71019213,
            "time_create": 349017361,
            "time_connect": 1689986598,
            "time_presimulate": 375755681,
            "time_simulate": 6234397592,
            "time_total": 8720176445
        }
    },
    "22": {
        "stats": {
            "local_spike_counter": 102323,
            "num_neurons": 77169,
            "rate": 0.1262818958266612
        },
        "timers": {
            "time_network": 69393440,
            "time_create": 328553880,
            "time_connect": 1711107987,
            "time_presimulate": 375073076,
            "time_simulate": 6234440892,
            "time_total": 8718569275
        }
    },
    "12": {
        "stats": {
            "local_spike_counter": 103062,
            "num_neurons": 77169,
            "rate": 0.12719393242660357
        },