{
    "threads": 32,
    "procs": 16,
    "13": {
        "stats": {
            "local_spike_counter": 153195,
            "num_neurons": 77169,
            "rate": 0.18906555741295078
        },
        "timers": {
            "time_network": 139429040,
            "time_create": 365444830,
            "time_connect": 2482406782,
            "time_presimulate": 440607093,
            "time_simulate": 7254204720,
            "time_total": 10682092465
        }
    },
    "1": {
        "stats": {
            "local_spike_counter": 154907,
            "num_neurons": 77169,
            "rate": 0.19117842163365625
        },
        "timers": {
            "time_network": 132880776,
            "time_create": 368427940,
            "time_connect": 2479673121,
            "time_presimulate": 440289896,
            "time_simulate": 7254189954,
            "time_total": 10675461687
        }
    },
    "14": {
        "stats": {
            "local_spike_counter": 157245,
            "num_neurons": 77169,
            "rate": 0.1940638635425402
        },
        "timers": {
            "time_network": 132856893,
            "time_create": 374154686,
            "time_connect": 2473048203,
            "time_presimulate": 441276306,
            "time_simulate": 7254198651,
            "time_total": 10675534739
        }
    },
    "10": {
        "stats": {
            "local_spike_counter": 152182,
            "num_neurons": 77169,
            "rate": 0.18781536380572264
        },
        "timers": {
            "time_network": 138455778,
            "time_create": 372544094,
            "time_connect": 2472893172,
            "time_presimulate": 442992162,
            "time_simulate": 7254210327,
            "time_total": 10681095533
        }
    },
    "6": {
        "stats": {
            "local_spike_counter": 156819,
            "num_neurons": 77169,
            "rate": 0.19353811578668711
        },
        "timers": {
            "time_network": 134199088,
            "time_create": 366851895,
            "time_connect": 2480919066,
            "time_presimulate": 440684515,
            "time_simulate": 7254190805,
            "time_total": 10676845369
        }
    },
    "2": {
        "stats": {
            "local_spike_counter": 154318,
            "num_neurons": 77169,
            "rate": 0.19045150748295792
        },
        "timers": {
            "time_network": 121414505,
            "time_create": 372812044,
            "time_connect": 2475348078,
            "time_presimulate": 440250536,
            "time_simulate": 7254202144,
            "time_total": 10664027307
        }
    },
    "12": {
        "stats": {
            "local_spike_counter": 157660,
            "num_neurons": 77169,
            "rate": 0.19457603565211545
        },
        "timers": {
            "time_network": 131034425,
            "time_create": 369159335,
            "time_connect": 2478363366,
            "time_presimulate": 440967733,
            "time_simulate": 7254151522,
            "time_total": 10673676381
        }
    },
    "8": {
        "stats": {
            "local_spike_counter": 155050,
            "num_neurons": 77169,
            "rate": 0.19135490503526892
        },
        "timers": {
            "time_network": 128184743,
            "time_create": 369691713,
            "time_connect": 2477727175,
            "time_presimulate": 441035590,
            "time_simulate": 7254197508,
            "time_total": 10670836729
        }
    },
    "4": {
        "stats": {
            "local_spike_counter": 153742,
            "num_neurons": 77169,
            "rate": 0.18974063727786075
        },
        "timers": {
            "time_network": 132206027,
            "time_create": 370950728,
            "time_connect": 2476198026,
            "time_presimulate": 441373593,
            "time_simulate": 7254083943,
            "time_total": 10674812317
        }
    },
    "3": {
        "stats": {
            "local_spike_counter": 155378,
            "num_neurons": 77169,
            "rate": 0.1917597061242826
        },
        "timers": {
            "time_network": 125816710,
            "time_create": 369597306,
            "time_connect": 2478936337,
            "time_presimulate": 439904454,
            "time_simulate": 7254213594,
            "time_total": 10668468401
        }
    },
    "15": {
        "stats": {
            "local_spike_counter": 152151,
            "num_neurons": 77169,
            "rate": 0.18777710516621218
        },
        "timers": {
            "time_network": 134344459,
            "time_create": 364607646,
            "time_connect": 2482714644,
            "time_presimulate": 441153924,
            "time_simulate": 7254178502,
            "time_total": 10676999175
        }
    },
    "9": {
        "stats": {
            "local_spike_counter": 150308,
            "num_neurons": 77169,
            "rate": 0.1855025673398336
        },
        "timers": {
            "time_network": 119497845,
            "time_create": 367080663,
            "time_connect": 2480715700,
            "time_presimulate": 440639605,
            "time_simulate": 7254223838,
            "time_total": 10662157651
        }
    },
    "7": {
        "stats": {
            "local_spike_counter": 154230,
            "num_neurons": 77169,
            "rate": 0.19034290231273476
        },
        "timers": {
            "time_network": 123007439,
            "time_create": 383809804,
            "time_connect": 2463832866,
            "time_presimulate": 440799716,
            "time_simulate": 7254152714,
            "time_total": 10665602539
        }
    },
    "5": {
        "stats": {
            "local_spike_counter": 152400,
            "num_neurons": 77169,
            "rate": 0.1880844084319573
        },
        "timers": {
            "time_network": 121041639,
            "time_create": 373726248,
            "time_connect": 2473975692,
            "time_presimulate": 440771626,
            "time_simulate": 7254220495,
            "time_total": 10663735700
        }
    },
    "vps": 512,
    "0": {
        "stats": {
            "local_spike_counter": 155741,
            "num_neurons": 77169,
            "rate": 0.19220770245145316
        },
        "timers": {
            "time_network": 120908784,
            "time_create": 371620156,
            "time_connect": 2476565425,
            "time_presimulate": 440258456,
            "time_simulate": 7254539636,
            "time_total": 10663892457
        }
    },
    "11": {
        "stats": {
            "local_spike_counter": 152961,
            "num_neurons": 77169,
            "rate": 0.1887767663921301
        },
        "timers": {
            "time_network": 125429852,
            "time_create": 382071471,
            "time_connect": 2465513199,
            "time_presimulate": 440872698,
            "time_simulate": 7254490741,
            "time_total": 10668377961
        }
    }
}