{
    "threads": 8,
    "procs": 16,
    "14": {
        "stats": {
            "local_spike_counter": 152385,
            "num_neurons": 77169,
            "rate": 0.1880658961870329
        },
        "timers": {
            "time_network": 75035146,
            "time_create": 392770570,
            "time_connect": 3262596619,
            "time_presimulate": 440143164,
            "time_simulate": 7921779942,
            "time_total": 12092325441
        }
    },
    "15": {
        "stats": {
            "local_spike_counter": 154673,
            "num_neurons": 77169,
            "rate": 0.1908896306128355
        },
        "timers": {
            "time_network": 51321994,
            "time_create": 396041577,
            "time_connect": 3256793779,
            "time_presimulate": 442636697,
            "time_simulate": 7921788221,
            "time_total": 12068582268
        }
    },
    "4": {
        "stats": {
            "local_spike_counter": 153234,
            "num_neurons": 77169,
            "rate": 0.18911368924975425
        },
        "timers": {
            "time_network": 16765957,
            "time_create": 393991266,
            "time_connect": 3260086976,
            "time_presimulate": 441425841,
            "time_simulate": 7921786321,
            "time_total": 12034056361
        }
    },
    "11": {
        "stats": {
            "local_spike_counter": 153935,
            "num_neurons": 77169,
            "rate": 0.1899788281625548
        },
        "timers": {
            "time_network": 51085483,
            "time_create": 410559952,
            "time_connect": 3245717152,
            "time_presimulate": 439179329,
            "time_simulate": 7921758421,
            "time_total": 12068300337
        }
    },
    "5": {
        "stats": {
            "local_spike_counter": 153081,
            "num_neurons": 77169,
            "rate": 0.1889248643515253
        },
        "timers": {
            "time_network": 74537234,
            "time_create": 395184202,
            "time_connect": 3260909301,
            "time_presimulate": 439433600,
            "time_simulate": 7921761912,
            "time_total": 12091826249
        }
    },
    "12": {
        "stats": {
            "local_spike_counter": 150588,
            "num_neurons": 77169,
            "rate": 0.18584812924508917
        },
        "timers": {
            "time_network": 61488596,
            "time_create": 391945865,
            "time_connect": 3263557055,
            "time_presimulate": 440011103,
            "time_simulate": 7921753741,
            "time_total": 12078756360
        }
    },
    "13": {
        "stats": {
            "local_spike_counter": 150819,
            "num_neurons": 77169,
            "rate": 0.18613321781692502
        },
        "timers": {
            "time_network": 74524883,
            "time_create": 399782126,
            "time_connect": 3253402702,
            "time_presimulate": 442266305,
            "time_simulate": 7921790072,
            "time_total": 12091766088
        }
    },
    "3": {
        "stats": {
            "local_spike_counter": 150526,
            "num_neurons": 77169,
            "rate": 0.18577161196606828
        },
        "timers": {
            "time_network": 39914715,
            "time_create": 432287913,
            "time_connect": 3223296188,
            "time_presimulate": 439866062,
            "time_simulate": 7921743861,
            "time_total": 12057108739
        }
    },
    "10": {
        "stats": {
            "local_spike_counter": 155038,
            "num_neurons": 77169,
            "rate": 0.19134009523932938
        },
        "timers": {
            "time_network": 21122188,
            "time_create": 414010569,
            "time_connect": 3239341620,
            "time_presimulate": 442122164,
            "time_simulate": 7921758051,
            "time_total": 12038354592
        }
    },
    "6": {
        "stats": {
            "local_spike_counter": 153155,
            "num_neurons": 77169,
            "rate": 0.1890161914264857
        },
        "timers": {
            "time_network": 73733769,
            "time_create": 393141772,
            "time_connect": 3262853951,
            "time_presimulate": 439490530,
            "time_simulate": 7921762532,
            "time_total": 12090982554
        }
    },
    "2": {
        "stats": {
            "local_spike_counter": 156292,
            "num_neurons": 77169,
            "rate": 0.19288771891500964
        },
        "timers": {
            "time_network": 18326414,
            "time_create": 413554117,
            "time_connect": 3243931973,
            "time_presimulate": 437970253,
            "time_simulate": 7921770091,
            "time_total": 12035552848
        }
    },
    "8": {
        "stats": {
            "local_spike_counter": 153021,
            "num_neurons": 77169,
            "rate": 0.18885081537182768
        },
        "timers": {
            "time_network": 9575399,
            "time_create": 418296032,
            "time_connect": 3236670006,
            "time_presimulate": 440453185,
            "time_simulate": 7921767532,
            "time_total": 12026762154
        }
    },
    "vps": 128,
    "0": {
        "stats": {
            "local_spike_counter": 149747,
            "num_neurons": 77169,
            "rate": 0.18481020937966083
        },
        "timers": {
            "time_network": 41769735,
            "time_create": 416658613,
            "time_connect": 3239315370,
            "time_presimulate": 439478490,
            "time_simulate": 7921751742,
            "time_total": 12058973950
        }
    },
    "9": {
        "stats": {
            "local_spike_counter": 151957,
            "num_neurons": 77169,
            "rate": 0.18753768013185657
        },
        "timers": {
            "time_network": 33381502,
            "time_create": 409802608,
            "time_connect": 3245056569,
            "time_presimulate": 440575156,
            "time_simulate": 7921782272,
            "time_total": 12050598107
        }
    },
    "7": {
        "stats": {
            "local_spike_counter": 149712,
            "num_neurons": 77169,
            "rate": 0.1847670141415039
        },
        "timers": {
            "time_network": 73291747,
            "time_create": 397810026,
            "time_connect": 3260714440,
            "time_presimulate": 436950637,
            "time_simulate": 7921767042,
            "time_total": 12090533892
        }
    },
    "1": {
        "stats": {
            "local_spike_counter": 156680,
            "num_neurons": 77169,
            "rate": 0.19336656898372095
        },
        "timers": {
            "time_network": 12452264,
            "time_create": 408536431,
            "time_connect": 3247477232,
            "time_presimulate": 439462390,
            "time_simulate": 7921757771,
            "time_total": 12029686088
        }
    }
}