{
    "threads": 32,
    "procs": 8,
    "1": {
        "stats": {
            "local_spike_counter": 308967,
            "num_neurons": 77169,
            "rate": 0.3813115185039145
        },
        "timers": {
            "time_network": 64675229,
            "time_create": 451173814,
            "time_connect": 4000307972,
            "time_presimulate": 356166541,
            "time_simulate": 6610195355,
            "time_total": 11482518911
        }
    },
    "6": {
        "stats": {
            "local_spike_counter": 311045,
            "num_neurons": 77169,
            "rate": 0.38387608150077535
        },
        "timers": {
            "time_network": 55718151,
            "time_create": 427633223,
            "time_connect": 4025921712,
            "time_presimulate": 354107715,
            "time_simulate": 6610180961,
            "time_total": 11473561762
        }
    },
    "2": {
        "stats": {
            "local_spike_counter": 305661,
            "num_neurons": 77169,
            "rate": 0.3772314197225755
        },
        "timers": {
            "time_network": 65317742,
            "time_create": 425574314,
            "time_connect": 4025622160,
            "time_presimulate": 356467813,
            "time_simulate": 6610196935,
            "time_total": 11483178964
        }
    },
    "5": {
        "stats": {
            "local_spike_counter": 305472,
            "num_neurons": 77169,
            "rate": 0.376998165436528
        },
        "timers": {
            "time_network": 59543802,
            "time_create": 418619268,
            "time_connect": 4034914606,
            "time_presimulate": 354123916,
            "time_simulate": 6610185760,
            "time_total": 11477387352
        }
    },
    "3": {
        "stats": {
            "local_spike_counter": 306233,
            "num_neurons": 77169,
            "rate": 0.37793735332902617
        },
        "timers": {
            "time_network": 71848846,
            "time_create": 415499153,
            "time_connect": 4035814952,
            "time_presimulate": 356316472,
            "time_simulate": 6610281255,
            "time_total": 11489760678
        }
    },
    "7": {
        "stats": {
            "local_spike_counter": 306304,
            "num_neurons": 77169,
            "rate": 0.3780249779550017
        },
        "timers": {
            "time_network": 46990750,
            "time_create": 428910216,
            "time_connect": 4024664519,
            "time_presimulate": 354091466,
            "time_simulate": 6610183790,
            "time_total": 11464840741
        }
    },
    "4": {
        "stats": {
            "local_spike_counter": 307580,
            "num_neurons": 77169,
            "rate": 0.3795997529232378
        },
        "timers": {
            "time_network": 50172043,
            "time_create": 430194850,
            "time_connect": 4023650238,
            "time_presimulate": 353833273,
            "time_simulate": 6610185230,
            "time_total": 11468035634
        }
    },
    "vps": 256,
    "0": {
        "stats": {
            "local_spike_counter": 309688,
            "num_neurons": 77169,
            "rate": 0.3822013404099475
        },
        "timers": {
            "time_network": 58848980,
            "time_create": 452740952,
            "time_connect": 3998813114,
            "time_presimulate": 356123001,
            "time_simulate": 6610185695,
            "time_total": 11476711742
        }
    }
}