{
    "threads": 64,
    "procs": 6,
    "4": {
        "stats": {
            "local_spike_counter": 410996,
            "num_neurons": 77169,
            "rate": 0.5072305743300572
        },
        "timers": {
            "time_network": 70537848,
            "time_create": 533580330,
            "time_connect": 11464405859,
            "time_presimulate": 722498529,
            "time_simulate": 11228630486,
            "time_total": 24019653052
        }
    },
    "3": {
        "stats": {
            "local_spike_counter": 414844,
            "num_neurons": 77169,
            "rate": 0.5119795822279981
        },
        "timers": {
            "time_network": 75731102,
            "time_create": 528004503,
            "time_connect": 11470394689,
            "time_presimulate": 722044459,
            "time_simulate": 11228647897,
            "time_total": 24024822650
        }
    },
    "vps": 384,
    "0": {
        "stats": {
            "local_spike_counter": 415521,
            "num_neurons": 77169,
            "rate": 0.5128151015489195
        },
        "timers": {
            "time_network": 68481505,
            "time_create": 576728387,
            "time_connect": 11419994000,
            "time_presimulate": 723761490,
            "time_simulate": 11228717356,
            "time_total": 24017682738
        }
    },
    "5": {
        "stats": {
            "local_spike_counter": 412519,
            "num_neurons": 77169,
            "rate": 0.5091101842647152
        },
        "timers": {
            "time_network": 70362456,
            "time_create": 530172822,
            "time_connect": 11467950968,
            "time_presimulate": 722289188,
            "time_simulate": 11228665355,
            "time_total": 24019440789
        }
    },
    "2": {
        "stats": {
            "local_spike_counter": 410423,
            "num_neurons": 77169,
            "rate": 0.506523406573945
        },
        "timers": {
            "time_network": 68840309,
            "time_create": 548457590,
            "time_connect": 11449803690,
            "time_presimulate": 722162631,
            "time_simulate": 11228797799,
            "time_total": 24018062019
        }
    },
    "1": {
        "stats": {
            "local_spike_counter": 413016,
            "num_neurons": 77169,
            "rate": 0.5097235566465439
        },
        "timers": {
            "time_network": 68646867,
            "time_create": 534538617,
            "time_connect": 11463215844,
            "time_presimulate": 722725736,
            "time_simulate": 11228624995,
            "time_total": 24017752059
        }
    }
}