{
    "threads": 16,
    "procs": 16,
    "10": {
        "stats": {
            "local_spike_counter": 152358,
            "num_neurons": 77169,
            "rate": 0.18803257414616897
        },
        "timers": {
            "time_network": 56596599,
            "time_create": 340085486,
            "time_connect": 2104826486,
            "time_presimulate": 378746728,
            "time_simulate": 6498178398,
            "time_total": 9378433697
        }
    },
    "7": {
        "stats": {
            "local_spike_counter": 154207,
            "num_neurons": 77169,
            "rate": 0.19031451687051731
        },
        "timers": {
            "time_network": 49937684,
            "time_create": 338657598,
            "time_connect": 2106026528,
            "time_presimulate": 379009521,
            "time_simulate": 6498167605,
            "time_total": 9371798936
        }
    },
    "13": {
        "stats": {
            "local_spike_counter": 152470,
            "num_neurons": 77169,
            "rate": 0.1881707989082712
        },
        "timers": {
            "time_network": 42040497,
            "time_create": 338586291,
            "time_connect": 2105803957,
            "time_presimulate": 379267653,
            "time_simulate": 6498197328,
            "time_total": 9363895726
        }
    },
    "11": {
        "stats": {
            "local_spike_counter": 152760,
            "num_neurons": 77169,
            "rate": 0.18852870231014304
        },
        "timers": {
            "time_network": 59741861,
            "time_create": 335128175,
            "time_connect": 2110333884,
            "time_presimulate": 378196952,
            "time_simulate": 6498192629,
            "time_total": 9381593501
        }
    },
    "14": {
        "stats": {
            "local_spike_counter": 153469,
            "num_neurons": 77169,
            "rate": 0.1894037144202366
        },
        "timers": {
            "time_network": 46351182,
            "time_create": 336603180,
            "time_connect": 2108372773,
            "time_presimulate": 378719568,
            "time_simulate": 6498194879,
            "time_total": 9368241582
        }
    },
    "15": {
        "stats": {
            "local_spike_counter": 152097,
            "num_neurons": 77169,
            "rate": 0.18771046108448433
        },
        "timers": {
            "time_network": 51739718,
            "time_create": 337874873,
            "time_connect": 2108106690,
            "time_presimulate": 377678217,
            "time_simulate": 6498192989,
            "time_total": 9373592487
        }
    },
    "8": {
        "stats": {
            "local_spike_counter": 156873,
            "num_neurons": 77169,
            "rate": 0.19360475986841497
        },
        "timers": {
            "time_network": 49429414,
            "time_create": 337463279,
            "time_connect": 2108426634,
            "time_presimulate": 377786448,
            "time_simulate": 6498188778,
            "time_total": 9371294553
        }
    },
    "9": {
        "stats": {
            "local_spike_counter": 155599,
            "num_neurons": 77169,
            "rate": 0.19203245319950213
        },
        "timers": {
            "time_network": 35421968,
            "time_create": 336322108,
            "time_connect": 2109059810,
            "time_presimulate": 378304183,
            "time_simulate": 6498196528,
            "time_total": 9357304597
        }
    },
    "12": {
        "stats": {
            "local_spike_counter": 153827,
            "num_neurons": 77169,
            "rate": 0.1898455399990991
        },
        "timers": {
            "time_network": 35498209,
            "time_create": 336445539,
            "time_connect": 2108431603,
            "time_presimulate": 378822229,
            "time_simulate": 6498191249,
            "time_total": 9357388829
        }
    },
    "5": {
        "stats": {
            "local_spike_counter": 153002,
            "num_neurons": 77169,
            "rate": 0.18882736652825677
        },
        "timers": {
            "time_network": 49890124,
            "time_create": 338160805,
            "time_connect": 2107914418,
            "time_presimulate": 377618734,
            "time_simulate": 6498144094,
            "time_total": 9371728175
        }
    },
    "2": {
        "stats": {
            "local_spike_counter": 153303,
            "num_neurons": 77169,
            "rate": 0.1891988455764065
        },
        "timers": {
            "time_network": 52181935,
            "time_create": 335330250,
            "time_connect": 2110062969,
            "time_presimulate": 378300778,
            "time_simulate": 6498159155,
            "time_total": 9374035087
        }
    },
    "1": {
        "stats": {
            "local_spike_counter": 153368,
            "num_neurons": 77169,
            "rate": 0.18927906530441227
        },
        "timers": {
            "time_network": 38198992,
            "time_create": 350651151,
            "time_connect": 2094626958,
            "time_presimulate": 378409628,
            "time_simulate": 6498162765,
            "time_total": 9360049494
        }
    },
    "4": {
        "stats": {
            "local_spike_counter": 153753,
            "num_neurons": 77169,
            "rate": 0.1897542129241387
        },
        "timers": {
            "time_network": 40778125,
            "time_create": 336416706,
            "time_connect": 2109737358,
            "time_presimulate": 377546693,
            "time_simulate": 6498167985,
            "time_total": 9362646867
        }
    },
    "3": {
        "stats": {
            "local_spike_counter": 153473,
            "num_neurons": 77169,
            "rate": 0.1894086510188831
        },
        "timers": {
            "time_network": 60427869,
            "time_create": 341230551,
            "time_connect": 2104210519,
            "time_presimulate": 378257537,
            "time_simulate": 6498164185,
            "time_total": 9382290661
        }
    },
    "vps": 256,
    "0": {
        "stats": {
            "local_spike_counter": 152815,
            "num_neurons": 77169,
            "rate": 0.18859658054153253
        },
        "timers": {
            "time_network": 44868497,
            "time_create": 357639338,
            "time_connect": 2087189639,
            "time_presimulate": 378863720,
            "time_simulate": 6498150225,
            "time_total": 9366711419
        }
    },
    "6": {
        "stats": {
            "local_spike_counter": 157576,
            "num_neurons": 77169,
            "rate": 0.19447236708053875
        },
        "timers": {
            "time_network": 46945828,
            "time_create": 343449013,
            "time_connect": 2101653985,
            "time_presimulate": 378594339,
            "time_simulate": 6498168045,
            "time_total": 9368811210
        }
    }
}