{
    "threads": 16,
    "procs": 16,
    "7": {
        "stats": {
            "local_spike_counter": 156692,
            "num_neurons": 77169,
            "rate": 0.19338137877966047
        },
        "timers": {
            "time_network": 62968892,
            "time_create": 337043640,
            "time_connect": 2261540309,
            "time_presimulate": 332232444,
            "time_simulate": 6447069675,
            "time_total": 9440854960
        }
    },
    "10": {
        "stats": {
            "local_spike_counter": 150446,
            "num_neurons": 77169,
            "rate": 0.1856728799931381
        },
        "timers": {
            "time_network": 58707271,
            "time_create": 336486948,
            "time_connect": 2262265593,
            "time_presimulate": 332035642,
            "time_simulate": 6447083745,
            "time_total": 9436579199
        }
    },
    "5": {
        "stats": {
            "local_spike_counter": 154352,
            "num_neurons": 77169,
            "rate": 0.19049346857145324
        },
        "timers": {
            "time_network": 50178985,
            "time_create": 344128917,
            "time_connect": 2257431847,
            "time_presimulate": 329241999,
            "time_simulate": 6447092145,
            "time_total": 9428073893
        }
    },
    "11": {
        "stats": {
            "local_spike_counter": 155726,
            "num_neurons": 77169,
            "rate": 0.19218919020652878
        },
        "timers": {
            "time_network": 55816470,
            "time_create": 333075494,
            "time_connect": 2265975681,
            "time_presimulate": 331750449,
            "time_simulate": 6447085115,
            "time_total": 9433703209
        }
    },
    "vps": 256,
    "0": {
        "stats": {
            "local_spike_counter": 153590,
            "num_neurons": 77169,
            "rate": 0.18955304652929347
        },
        "timers": {
            "time_network": 48165324,
            "time_create": 348114358,
            "time_connect": 2249941238,
            "time_presimulate": 332747167,
            "time_simulate": 6447062235,
            "time_total": 9426030322
        }
    },
    "13": {
        "stats": {
            "local_spike_counter": 154429,
            "num_neurons": 77169,
            "rate": 0.1905884980953985
        },
        "timers": {
            "time_network": 47570724,
            "time_create": 338104776,
            "time_connect": 2261396463,
            "time_presimulate": 331287675,
            "time_simulate": 6447095065,
            "time_total": 9425454703
        }
    },
    "8": {
        "stats": {
            "local_spike_counter": 152811,
            "num_neurons": 77169,
            "rate": 0.18859164394288602
        },
        "timers": {
            "time_network": 47316023,
            "time_create": 336907223,
            "time_connect": 2262742617,
            "time_presimulate": 331118863,
            "time_simulate": 6447103675,
            "time_total": 9425188401
        }
    },
    "1": {
        "stats": {
            "local_spike_counter": 156429,
            "num_neurons": 77169,
            "rate": 0.19305679741865256
        },
        "timers": {
            "time_network": 42459854,
            "time_create": 344629320,
            "time_connect": 2254876963,
            "time_presimulate": 331297569,
            "time_simulate": 6447074166,
            "time_total": 9420337872
        }
    },
    "14": {
        "stats": {
            "local_spike_counter": 155182,
            "num_neurons": 77169,
            "rate": 0.19151781279060368
        },
        "timers": {
            "time_network": 52314794,
            "time_create": 334237265,
            "time_connect": 2264924310,
            "time_presimulate": 331606098,
            "time_simulate": 6447098075,
            "time_total": 9430180542
        }
    },
    "6": {
        "stats": {
            "local_spike_counter": 154109,
            "num_neurons": 77169,
            "rate": 0.1901935702036779
        },
        "timers": {
            "time_network": 62957112,
            "time_create": 348149188,
            "time_connect": 2250512641,
            "time_presimulate": 332141663,
            "time_simulate": 6447080416,
            "time_total": 9440841020
        }
    },
    "9": {
        "stats": {
            "local_spike_counter": 157069,
            "num_neurons": 77169,
            "rate": 0.19384665320209385
        },
        "timers": {
            "time_network": 42050887,
            "time_create": 339072175,
            "time_connect": 2259975129,
            "time_presimulate": 331735529,
            "time_simulate": 6447085775,
            "time_total": 9419919495
        }
    },
    "4": {
        "stats": {
            "local_spike_counter": 150413,
            "num_neurons": 77169,
            "rate": 0.18563215305430444
        },
        "timers": {
            "time_network": 46098413,
            "time_create": 348585711,
            "time_connect": 2250509221,
            "time_presimulate": 331679780,
            "time_simulate": 6447068306,
            "time_total": 9423941431
        }
    },
    "15": {
        "stats": {
            "local_spike_counter": 154463,
            "num_neurons": 77169,
            "rate": 0.19063045918389385
        },
        "timers": {
            "time_network": 57668080,
            "time_create": 347300991,
            "time_connect": 2250999215,
            "time_presimulate": 332485097,
            "time_simulate": 6447095285,
            "time_total": 9435548668
        }
    },
    "2": {
        "stats": {
            "local_spike_counter": 152260,
            "num_neurons": 77169,
            "rate": 0.18791162747932955
        },
        "timers": {
            "time_network": 53195440,
            "time_create": 340700599,
            "time_connect": 2258076121,
            "time_presimulate": 332016663,
            "time_simulate": 6447079075,
            "time_total": 9431067898
        }
    },
    "12": {
        "stats": {
            "local_spike_counter": 153081,
            "num_neurons": 77169,
            "rate": 0.1889248643515253
        },
        "timers": {
            "time_network": 46434883,
            "time_create": 340014495,
            "time_connect": 2259058729,
            "time_presimulate": 331734909,
            "time_simulate": 6447087035,
            "time_total": 9424330051
        }
    },
    "3": {
        "stats": {
            "local_spike_counter": 150709,
            "num_neurons": 77169,
            "rate": 0.18599746135414602
        },
        "timers": {
            "time_network": 51887505,
            "time_create": 337868233,
            "time_connect": 2261024076,
            "time_presimulate": 331912983,
            "time_simulate": 6447089135,
            "time_total": 9429781932
        }
    }
}