{
    "threads": 16,
    "procs": 16,
    "7": {
        "stats": {
            "local_spike_counter": 155528,
            "num_neurons": 77169,
            "rate": 0.19194482857352663
        },
        "timers": {
            "time_network": 114558479,
            "time_create": 335993949,
            "time_connect": 2647825188,
            "time_presimulate": 349536849,
            "time_simulate": 6522577867,
            "time_total": 9970492332
        }
    },
    "10": {
        "stats": {
            "local_spike_counter": 154347,
            "num_neurons": 77169,
            "rate": 0.19048729782314514
        },
        "timers": {
            "time_network": 114545471,
            "time_create": 348518004,
            "time_connect": 2635008249,
            "time_presimulate": 349823447,
            "time_simulate": 6522606583,
            "time_total": 9970501754
        }
    },
    "5": {
        "stats": {
            "local_spike_counter": 155559,
            "num_neurons": 77169,
            "rate": 0.19198308721303708
        },
        "timers": {
            "time_network": 86758494,
            "time_create": 335623157,
            "time_connect": 2648427921,
            "time_presimulate": 349315178,
            "time_simulate": 6522582587,
            "time_total": 9942707337
        }
    },
    "8": {
        "stats": {
            "local_spike_counter": 155087,
            "num_neurons": 77169,
            "rate": 0.1914005685727491
        },
        "timers": {
            "time_network": 93043538,
            "time_create": 340908554,
            "time_connect": 2642528787,
            "time_presimulate": 349894868,
            "time_simulate": 6522595893,
            "time_total": 9948971640
        }
    },
    "6": {
        "stats": {
            "local_spike_counter": 154545,
            "num_neurons": 77169,
            "rate": 0.19073165945614726
        },
        "timers": {
            "time_network": 93416280,
            "time_create": 337430606,
            "time_connect": 2646279959,
            "time_presimulate": 349642870,
            "time_simulate": 6522571257,
            "time_total": 9949340972
        }
    },
    "11": {
        "stats": {
            "local_spike_counter": 153819,
            "num_neurons": 77169,
            "rate": 0.18983566680180605
        },
        "timers": {
            "time_network": 108395757,
            "time_create": 338187096,
            "time_connect": 2652136007,
            "time_presimulate": 342980916,
            "time_simulate": 6522620243,
            "time_total": 9964320019
        }
    },
    "4": {
        "stats": {
            "local_spike_counter": 152705,
            "num_neurons": 77169,
            "rate": 0.18846082407875356
        },
        "timers": {
            "time_network": 73320643,
            "time_create": 336405061,
            "time_connect": 2646475251,
            "time_presimulate": 350476214,
            "time_simulate": 6522568647,
            "time_total": 9929245816
        }
    },
    "12": {
        "stats": {
            "local_spike_counter": 155604,
            "num_neurons": 77169,
            "rate": 0.1920386239478103
        },
        "timers": {
            "time_network": 93747385,
            "time_create": 341636612,
            "time_connect": 2642220414,
            "time_presimulate": 349497294,
            "time_simulate": 6522594582,
            "time_total": 9949696287
        }
    },
    "vps": 256,
    "0": {
        "stats": {
            "local_spike_counter": 156286,
            "num_neurons": 77169,
            "rate": 0.1928803140170399
        },
        "timers": {
            "time_network": 73240253,
            "time_create": 350204063,
            "time_connect": 2633728424,
            "time_presimulate": 349460359,
            "time_simulate": 6522554657,
            "time_total": 9929187756
        }
    },
    "13": {
        "stats": {
            "local_spike_counter": 157293,
            "num_neurons": 77169,
            "rate": 0.1941231027262983
        },
        "timers": {
            "time_network": 23292392,
            "time_create": 346229760,
            "time_connect": 2637593356,
            "time_presimulate": 349480154,
            "time_simulate": 6522625692,
            "time_total": 9879221354
        }
    },
    "14": {
        "stats": {
            "local_spike_counter": 153869,
            "num_neurons": 77169,
            "rate": 0.18989737428488743
        },
        "timers": {
            "time_network": 98135200,
            "time_create": 341597112,
            "time_connect": 2647729532,
            "time_presimulate": 344003347,
            "time_simulate": 6522612282,
            "time_total": 9954077473
        }
    },
    "1": {
        "stats": {
            "local_spike_counter": 154892,
            "num_neurons": 77169,
            "rate": 0.19115990938873184
        },
        "timers": {
            "time_network": 94533565,
            "time_create": 359319461,
            "time_connect": 2630990670,
            "time_presimulate": 343060685,
            "time_simulate": 6522577477,
            "time_total": 9950481858
        }
    },
    "9": {
        "stats": {
            "local_spike_counter": 150941,
            "num_neurons": 77169,
            "rate": 0.1862837840756435
        },
        "timers": {
            "time_network": 90842575,
            "time_create": 349396283,
            "time_connect": 2633888287,
            "time_presimulate": 350034760,
            "time_simulate": 6522601352,
            "time_total": 9946763257
        }
    },
    "3": {
        "stats": {
            "local_spike_counter": 156374,
            "num_neurons": 77169,
            "rate": 0.1929889191872631
        },
        "timers": {
            "time_network": 110857541,
            "time_create": 342007319,
            "time_connect": 2641682086,
            "time_presimulate": 349642750,
            "time_simulate": 6522603187,
            "time_total": 9966792883
        }
    },
    "15": {
        "stats": {
            "local_spike_counter": 155771,
            "num_neurons": 77169,
            "rate": 0.192244726941302
        },
        "timers": {
            "time_network": 30075483,
            "time_create": 340859294,
            "time_connect": 2642594668,
            "time_presimulate": 349856848,
            "time_simulate": 6522615472,
            "time_total": 9886001765
        }
    },
    "2": {
        "stats": {
            "local_spike_counter": 156257,
            "num_neurons": 77169,
            "rate": 0.1928445236768527
        },
        "timers": {
            "time_network": 109266821,
            "time_create": 334725202,
            "time_connect": 2648965354,
            "time_presimulate": 349662990,
            "time_simulate": 6522599407,
            "time_total": 9965219774
        }
    }
}