{
    "threads": 64,
    "procs": 2,
    "vps": 128,
    "0": {
        "stats": {
            "local_spike_counter": 1242997,
            "num_neurons": 77169,
            "rate": 1.5340443269533965
        },
        "timers": {
            "time_network": 43057678,
            "time_create": 936765531,
            "time_connect": 14794892203,
            "time_presimulate": 941437056,
            "time_simulate": 17875612276,
            "time_total": 34591764744
        }
    },
    "1": {
        "stats": {
            "local_spike_counter": 1232988,
            "num_neurons": 77169,
            "rate": 1.5216917229901719
        },
        "timers": {
            "time_network": 43070497,
            "time_create": 888031565,
            "time_connect": 14841369388,
            "time_presimulate": 943713799,
            "time_simulate": 17875602454,
            "time_total": 34591787703
        }
    }
}