{
    "threads": 4,
    "procs": 32,
    "11": {
        "stats": {
            "local_spike_counter": 78122,
            "num_neurons": 77169,
            "rate": 0.09641423986562579
        },
        "timers": {
            "time_network": 82180087,
            "time_create": 293222184,
            "time_connect": 2105662886,
            "time_presimulate": 383565813,
            "time_simulate": 7757756314,
            "time_total": 10622387284
        }
    },
    "9": {
        "stats": {
            "local_spike_counter": 80706,
            "num_neurons": 77169,
            "rate": 0.09960328259127
        },
        "timers": {
            "time_network": 75197600,
            "time_create": 293976269,
            "time_connect": 2104500439,
            "time_presimulate": 383851255,
            "time_simulate": 7757768164,
            "time_total": 10615293727
        }
    },
    "8": {
        "stats": {
            "local_spike_counter": 74857,
            "num_neurons": 77169,
            "rate": 0.09238474122041358
        },
        "timers": {
            "time_network": 60827038,
            "time_create": 291085554,
            "time_connect": 2108008537,
            "time_presimulate": 383282982,
            "time_simulate": 7757763564,
            "time_total": 10600967675
        }
    },
    "31": {
        "stats": {
            "local_spike_counter": 76755,
            "num_neurons": 77169,
            "rate": 0.09472715727818165
        },
        "timers": {
            "time_network": 92673940,
            "time_create": 290683911,
            "time_connect": 2107851007,
            "time_presimulate": 383952586,
            "time_simulate": 7757749703,
            "time_total": 10632911147
        }
    },
    "28": {
        "stats": {
            "local_spike_counter": 76216,
            "num_neurons": 77169,
            "rate": 0.09406195061056469
        },
        "timers": {
            "time_network": 32214133,
            "time_create": 296756553,
            "time_connect": 2099720226,
            "time_presimulate": 386065275,
            "time_simulate": 7757752514,
            "time_total": 10572508701
        }
    },
    "30": {
        "stats": {
            "local_spike_counter": 77457,
            "num_neurons": 77169,
            "rate": 0.09559353034064381
        },
        "timers": {
            "time_network": 13519478,
            "time_create": 292148780,
            "time_connect": 2107332103,
            "time_presimulate": 383009792,
            "time_simulate": 7757732703,
            "time_total": 10553742856
        }
    },
    "10": {
        "stats": {
            "local_spike_counter": 77965,
            "num_neurons": 77169,
            "rate": 0.09622047836875036
        },
        "timers": {
            "time_network": 101777145,
            "time_create": 297458496,
            "time_connect": 2100738451,
            "time_presimulate": 384176576,
            "time_simulate": 7757771914,
            "time_total": 10641922582
        }
    },
    "29": {
        "stats": {
            "local_spike_counter": 77856,
            "num_neurons": 77169,
            "rate": 0.096085956055633
        },
        "timers": {
            "time_network": 105714686,
            "time_create": 291801707,
            "time_connect": 2107264073,
            "time_presimulate": 383413193,
            "time_simulate": 7757755314,
            "time_total": 10645948973
        }
    },
    "15": {
        "stats": {
            "local_spike_counter": 77109,
            "num_neurons": 77169,
            "rate": 0.09516404625839761
        },
        "timers": {
            "time_network": 22449893,
            "time_create": 293975589,
            "time_connect": 2105177083,
            "time_presimulate": 383347103,
            "time_simulate": 7757775973,
            "time_total": 10562725641
        }
    },
    "13": {
        "stats": {
            "local_spike_counter": 78157,
            "num_neurons": 77169,
            "rate": 0.09645743510378273
        },
        "timers": {
            "time_network": 69767793,
            "time_create": 296666292,
            "time_connect": 2101970837,
            "time_presimulate": 383773484,
            "time_simulate": 7757763834,
            "time_total": 10609942240
        }
    },
    "16": {
        "stats": {
            "local_spike_counter": 74501,
            "num_neurons": 77169,
            "rate": 0.09194538394087436
        },
        "timers": {
            "time_network": 9980150,
            "time_create": 294552982,
            "time_connect": 2102921781,
            "time_presimulate": 385111112,
            "time_simulate": 7757744763,
            "time_total": 10550310788
        }
    },
    "20": {
        "stats": {
            "local_spike_counter": 75706,
            "num_neurons": 77169,
            "rate": 0.09343253428313492
        },
        "timers": {
            "time_network": 25622670,
            "time_create": 291702597,
            "time_connect": 2107283563,
            "time_presimulate": 383522694,
            "time_simulate": 7757767544,
            "time_total": 10565899068
        }
    },
    "14": {
        "stats": {
            "local_spike_counter": 76802,
            "num_neurons": 77169,
            "rate": 0.09478516231227811
        },
        "timers": {
            "time_network": 67220471,
            "time_create": 292706702,
            "time_connect": 2103754936,
            "time_presimulate": 386060766,
            "time_simulate": 7757783673,
            "time_total": 10607526548
        }
    },
    "26": {
        "stats": {
            "local_spike_counter": 79158,
            "num_neurons": 77169,
            "rate": 0.09769281891507138
        },
        "timers": {
            "time_network": 58525516,
            "time_create": 292701612,
            "time_connect": 2106274478,
            "time_presimulate": 383513924,
            "time_simulate": 7757770864,
            "time_total": 10598786394
        }
    },
    "24": {
        "stats": {
            "local_spike_counter": 76495,
            "num_neurons": 77169,
            "rate": 0.09440627836615863
        },
        "timers": {
            "time_network": 24819946,
            "time_create": 296032419,
            "time_connect": 2104315758,
            "time_presimulate": 382138997,
            "time_simulate": 7757731593,
            "time_total": 10565038713
        }
    },
    "27": {
        "stats": {
            "local_spike_counter": 78772,
            "num_neurons": 77169,
            "rate": 0.09721643714568336
        },
        "timers": {
            "time_network": 80911720,
            "time_create": 294372980,
            "time_connect": 2101899187,
            "time_presimulate": 386215297,
            "time_simulate": 7757762524,
            "time_total": 10621161708
        }
    },
    "19": {
        "stats": {
            "local_spike_counter": 75989,
            "num_neurons": 77169,
            "rate": 0.09378179863737536
        },
        "timers": {
            "time_network": 30393044,
            "time_create": 293713137,
            "time_connect": 2105458554,
            "time_presimulate": 383338363,
            "time_simulate": 7757748033,
            "time_total": 10570651131
        }
    },
    "22": {
        "stats": {
            "local_spike_counter": 74708,
            "num_neurons": 77169,
            "rate": 0.09220085292083115
        },
        "timers": {
            "time_network": 28966247,
            "time_create": 303697457,
            "time_connect": 2095253593,
            "time_presimulate": 383591084,
            "time_simulate": 7757711443,
            "time_total": 10569219824
        }
    },
    "2": {
        "stats": {
            "local_spike_counter": 75052,
            "num_neurons": 77169,
            "rate": 0.09262540040443085
        },