{
    "threads": 64,
    "procs": 2,
    "1": {
        "stats": {
            "local_spike_counter": 1237583,
            "num_neurons": 77169,
            "rate": 1.527362640685348
        },
        "timers": {
            "time_network": 37454971,
            "time_create": 862381481,
            "time_connect": 13439533846,
            "time_presimulate": 858590482,
            "time_simulate": 15996186464,
            "time_total": 31194147244
        }
    },
    "vps": 128,
    "0": {
        "stats": {
            "local_spike_counter": 1239240,
            "num_neurons": 77169,
            "rate": 1.5294076266746637
        },
        "timers": {
            "time_network": 34856346,
            "time_create": 870156283,
            "time_connect": 13432341698,
            "time_presimulate": 858019048,
            "time_simulate": 15996194504,
            "time_total": 31191567879
        }
    }
}