{
    "threads": 8,
    "procs": 32,
    "11": {
        "stats": {
            "local_spike_counter": 77478,
            "num_neurons": 77169,
            "rate": 0.09561944748353798
        },
        "timers": {
            "time_network": 62248445,
            "time_create": 306189573,
            "time_connect": 1543575128,
            "time_presimulate": 318217216,
            "time_simulate": 6322680920,
            "time_total": 8552911282
        }
    },
    "14": {
        "stats": {
            "local_spike_counter": 76389,
            "num_neurons": 77169,
            "rate": 0.09427545850202616
        },
        "timers": {
            "time_network": 85005985,
            "time_create": 295495556,
            "time_connect": 1554327425,
            "time_presimulate": 318108255,
            "time_simulate": 6322698870,
            "time_total": 8575636091
        }
    },
    "20": {
        "stats": {
            "local_spike_counter": 77424,
            "num_neurons": 77169,
            "rate": 0.09555280340181013
        },
        "timers": {
            "time_network": 67876985,
            "time_create": 296636321,
            "time_connect": 1553209623,
            "time_presimulate": 318146825,
            "time_simulate": 6322724682,
            "time_total": 8558594436
        }
    },
    "21": {
        "stats": {
            "local_spike_counter": 75714,
            "num_neurons": 77169,
            "rate": 0.09344240748042792
        },
        "timers": {
            "time_network": 66476191,
            "time_create": 295807242,
            "time_connect": 1554378806,
            "time_presimulate": 317708710,
            "time_simulate": 6322713362,
            "time_total": 8557084311
        }
    },
    "27": {
        "stats": {
            "local_spike_counter": 77052,
            "num_neurons": 77169,
            "rate": 0.09509369972768487
        },
        "timers": {
            "time_network": 38823833,
            "time_create": 296468480,
            "time_connect": 1553578287,
            "time_presimulate": 317884593,
            "time_simulate": 6322703921,
            "time_total": 8529459114
        }
    },
    "26": {
        "stats": {
            "local_spike_counter": 77631,
            "num_neurons": 77169,
            "rate": 0.09580827238176692
        },
        "timers": {
            "time_network": 36423179,
            "time_create": 300995196,
            "time_connect": 1547885779,
            "time_presimulate": 319013894,
            "time_simulate": 6322727601,
            "time_total": 8527045649
        }
    },
    "22": {
        "stats": {
            "local_spike_counter": 76491,
            "num_neurons": 77169,
            "rate": 0.09440134176751212
        },
        "timers": {
            "time_network": 81314034,
            "time_create": 291482928,
            "time_connect": 1557382867,
            "time_presimulate": 319162715,
            "time_simulate": 6322655891,
            "time_total": 8571998435
        }
    },
    "23": {
        "stats": {
            "local_spike_counter": 76984,
            "num_neurons": 77169,
            "rate": 0.09500977755069424
        },
        "timers": {
            "time_network": 89069276,
            "time_create": 302109468,
            "time_connect": 1548232372,
            "time_presimulate": 317573008,
            "time_simulate": 6322717802,
            "time_total": 8579701926
        }
    },
    "29": {
        "stats": {
            "local_spike_counter": 78899,
            "num_neurons": 77169,
            "rate": 0.09737317415270998
        },
        "timers": {
            "time_network": 79427905,
            "time_create": 293469798,
            "time_connect": 1556696610,
            "time_presimulate": 317797201,
            "time_simulate": 6322712402,
            "time_total": 8570103916
        }
    },
    "28": {
        "stats": {
            "local_spike_counter": 78549,
            "num_neurons": 77169,
            "rate": 0.09694122177114052
        },
        "timers": {
            "time_network": 82278595,
            "time_create": 299688123,
            "time_connect": 1549481965,
            "time_presimulate": 318785331,
            "time_simulate": 6322652591,
            "time_total": 8572886605
        }
    },
    "17": {
        "stats": {
            "local_spike_counter": 77719,
            "num_neurons": 77169,
            "rate": 0.09591687755199009
        },
        "timers": {
            "time_network": 29754200,
            "time_create": 298572291,
            "time_connect": 1551637948,
            "time_presimulate": 317679259,
            "time_simulate": 6322715762,
            "time_total": 8520359460
        }
    },
    "16": {
        "stats": {
            "local_spike_counter": 78195,
            "num_neurons": 77169,
            "rate": 0.09650433279092456
        },
        "timers": {
            "time_network": 31420817,
            "time_create": 295003514,
            "time_connect": 1554694409,
            "time_presimulate": 318259286,
            "time_simulate": 6322717572,
            "time_total": 8522095598
        }
    },
    "19": {
        "stats": {
            "local_spike_counter": 78622,
            "num_neurons": 77169,
            "rate": 0.09703131469643929
        },
        "timers": {
            "time_network": 31422586,
            "time_create": 299139108,
            "time_connect": 1550819299,
            "time_presimulate": 317960672,
            "time_simulate": 6322707152,
            "time_total": 8522048817
        }
    },
    "30": {
        "stats": {
            "local_spike_counter": 76648,
            "num_neurons": 77169,
            "rate": 0.09459510326438757
        },
        "timers": {
            "time_network": 39541351,
            "time_create": 297968375,
            "time_connect": 1551724658,
            "time_presimulate": 318208806,
            "time_simulate": 6322715961,
            "time_total": 8530159151
        }
    },
    "18": {
        "stats": {
            "local_spike_counter": 75767,
            "num_neurons": 77169,
            "rate": 0.09350781741249416
        },
        "timers": {
            "time_network": 44571133,
            "time_create": 294826962,
            "time_connect": 1554101603,
            "time_presimulate": 319045624,
            "time_simulate": 6322733362,
            "time_total": 8535278684
        }
    },
    "31": {
        "stats": {
            "local_spike_counter": 78179,
            "num_neurons": 77169,
            "rate": 0.09648458639633851
        },
        "timers": {
            "time_network": 88644691,
            "time_create": 294076915,
            "time_connect": 1556147144,
            "time_presimulate": 317756150,
            "time_simulate": 6322725742,
            "time_total": 8579350642
        }
    },
    "24": {
        "stats": {
            "local_spike_counter": 77788,
            "num_neurons": 77169,
            "rate": 0.09600203387864235
        },
        "timers": {
            "time_network": 46997998,
            "time_create": 295717491,
            "time_connect": 1554345426,
            "time_presimulate": 317837312,
            "time_simulate": 6322727011,
            "time_total": 8537625238
        }
    },
    "25": {
        "stats": {
            "local_spike_counter": 79060,
            "num_neurons": 77169,
            "rate": 0.09757187224823193
        },
        "timers": {
            "time_network": 20810446,
            "time_create": 298769064,
            "time_connect": 1551572526,
            "time_presimulate": 317591259,
            "time_simulate": 6322711172,
            "time_total": 8511454467
        }
    },
    "10": {
        "stats": {
            "local_spike_counter": 78940,
            "num_neurons": 77169,
            "rate": 0.09742377428883668
        },