{
    "threads": 8,
    "procs": 32,
    "14": {
        "stats": {
            "local_spike_counter": 79891,
            "num_neurons": 77169,
            "rate": 0.09859745061704397
        },
        "timers": {
            "time_network": 92551454,
            "time_create": 296253921,
            "time_connect": 1734436277,
            "time_presimulate": 314198064,
            "time_simulate": 6348980609,
            "time_total": 8786420325
        }
    },
    "15": {
        "stats": {
            "local_spike_counter": 77955,
            "num_neurons": 77169,
            "rate": 0.09620813687213407
        },
        "timers": {
            "time_network": 92799056,
            "time_create": 298760303,
            "time_connect": 1731961075,
            "time_presimulate": 314164804,
            "time_simulate": 6349008449,
            "time_total": 8786693687
        }
    },
    "21": {
        "stats": {
            "local_spike_counter": 78387,
            "num_neurons": 77169,
            "rate": 0.09674128952595695
        },
        "timers": {
            "time_network": 89344874,
            "time_create": 298966882,
            "time_connect": 1730497903,
            "time_presimulate": 315399226,
            "time_simulate": 6349036280,
            "time_total": 8783245165
        }
    },
    "20": {
        "stats": {
            "local_spike_counter": 79020,
            "num_neurons": 77169,
            "rate": 0.09752250626176684
        },
        "timers": {
            "time_network": 90014831,
            "time_create": 313310306,
            "time_connect": 1715674324,
            "time_presimulate": 315893791,
            "time_simulate": 6349036269,
            "time_total": 8783929521
        }
    },
    "16": {
        "stats": {
            "local_spike_counter": 77819,
            "num_neurons": 77169,
            "rate": 0.0960402925181528
        },
        "timers": {
            "time_network": 73917760,
            "time_create": 299463097,
            "time_connect": 1729837295,
            "time_presimulate": 315519068,
            "time_simulate": 6349004429,
            "time_total": 8767741649
        }
    },
    "26": {
        "stats": {
            "local_spike_counter": 78004,
            "num_neurons": 77169,
            "rate": 0.0962686102055538
        },
        "timers": {
            "time_network": 72645267,
            "time_create": 302673370,
            "time_connect": 1726912036,
            "time_presimulate": 315274785,
            "time_simulate": 6349018550,
            "time_total": 8766524008
        }
    },
    "17": {
        "stats": {
            "local_spike_counter": 77801,
            "num_neurons": 77169,
            "rate": 0.09601807782424351
        },
        "timers": {
            "time_network": 64509426,
            "time_create": 303549958,
            "time_connect": 1724510941,
            "time_presimulate": 316778821,
            "time_simulate": 6349007369,
            "time_total": 8758356515
        }
    },
    "23": {
        "stats": {
            "local_spike_counter": 77631,
            "num_neurons": 77169,
            "rate": 0.09580827238176692
        },
        "timers": {
            "time_network": 89261383,
            "time_create": 300508937,
            "time_connect": 1727745175,
            "time_presimulate": 316576498,
            "time_simulate": 6349017230,
            "time_total": 8783109223
        }
    },
    "27": {
        "stats": {
            "local_spike_counter": 75661,
            "num_neurons": 77169,
            "rate": 0.09337699754836169
        },
        "timers": {
            "time_network": 65117561,
            "time_create": 309687800,
            "time_connect": 1719380191,
            "time_presimulate": 315801590,
            "time_simulate": 6349013069,
            "time_total": 8759000211
        }
    },
    "28": {
        "stats": {
            "local_spike_counter": 78084,
            "num_neurons": 77169,
            "rate": 0.09636734217848396
        },
        "timers": {
            "time_network": 88265123,
            "time_create": 315340586,
            "time_connect": 1713841505,
            "time_presimulate": 315648929,
            "time_simulate": 6349008939,
            "time_total": 8782105082
        }
    },
    "22": {
        "stats": {
            "local_spike_counter": 77688,
            "num_neurons": 77169,
            "rate": 0.09587861891247965
        },
        "timers": {
            "time_network": 91027131,
            "time_create": 304414207,
            "time_connect": 1723993286,
            "time_presimulate": 316493128,
            "time_simulate": 6349020150,
            "time_total": 8784947902
        }
    },
    "29": {
        "stats": {
            "local_spike_counter": 77649,
            "num_neurons": 77169,
            "rate": 0.09583048707567621
        },
        "timers": {
            "time_network": 89109352,
            "time_create": 302691329,
            "time_connect": 1725641653,
            "time_presimulate": 316512198,
            "time_simulate": 6349009270,
            "time_total": 8782963802
        }
    },
    "18": {
        "stats": {
            "local_spike_counter": 76844,
            "num_neurons": 77169,
            "rate": 0.09483699659806645
        },
        "timers": {
            "time_network": 60233443,
            "time_create": 301221014,
            "time_connect": 1727855816,
            "time_presimulate": 315756750,
            "time_simulate": 6349016250,
            "time_total": 8754083273
        }
    },
    "31": {
        "stats": {
            "local_spike_counter": 77366,
            "num_neurons": 77169,
            "rate": 0.09548122272143576
        },
        "timers": {
            "time_network": 90409295,
            "time_create": 307925662,
            "time_connect": 1720654053,
            "time_presimulate": 316318636,
            "time_simulate": 6349024040,
            "time_total": 8784331686
        }
    },
    "19": {
        "stats": {
            "local_spike_counter": 76488,
            "num_neurons": 77169,
            "rate": 0.09439763931852725
        },
        "timers": {
            "time_network": 58765448,
            "time_create": 303937312,
            "time_connect": 1725202990,
            "time_presimulate": 315700989,
            "time_simulate": 6349038100,
            "time_total": 8752644839
        }
    },
    "30": {
        "stats": {
            "local_spike_counter": 77789,
            "num_neurons": 77169,
            "rate": 0.09600326802830399
        },
        "timers": {
            "time_network": 79256063,
            "time_create": 299320006,
            "time_connect": 1729883006,
            "time_presimulate": 315681919,
            "time_simulate": 6349018730,
            "time_total": 8773159724
        }
    },
    "25": {
        "stats": {
            "local_spike_counter": 77680,
            "num_neurons": 77169,
            "rate": 0.09586874571518665
        },
        "timers": {
            "time_network": 46982741,
            "time_create": 314359616,
            "time_connect": 1714662394,
            "time_presimulate": 315807550,
            "time_simulate": 6349027080,
            "time_total": 8740839381
        }
    },
    "24": {
        "stats": {
            "local_spike_counter": 77824,
            "num_neurons": 77169,
            "rate": 0.09604646326646094
        },
        "timers": {
            "time_network": 62535626,
            "time_create": 314425816,
            "time_connect": 1714839016,
            "time_presimulate": 315559768,
            "time_simulate": 6349020099,
            "time_total": 8756380325
        }
    },
    "11": {
        "stats": {
            "local_spike_counter": 77469,
            "num_neurons": 77169,
            "rate": 0.09560834013658334
        },