{
    "threads": 8,
    "procs": 32,
    "21": {
        "stats": {
            "local_spike_counter": 75282,
            "num_neurons": 77169,
            "rate": 0.09290925482660506
        },
        "timers": {
            "time_network": 54712696,
            "time_create": 295275557,
            "time_connect": 1541328327,
            "time_presimulate": 313744248,
            "time_simulate": 6269910321,
            "time_total": 8474971149
        }
    },
    "14": {
        "stats": {
            "local_spike_counter": 78274,
            "num_neurons": 77169,
            "rate": 0.0966018306141931
        },
        "timers": {
            "time_network": 68547373,
            "time_create": 299583452,
            "time_connect": 1535816802,
            "time_presimulate": 314887610,
            "time_simulate": 6269900780,
            "time_total": 8488736017
        }
    },
    "20": {
        "stats": {
            "local_spike_counter": 77157,
            "num_neurons": 77169,
            "rate": 0.09522328544215572
        },
        "timers": {
            "time_network": 63022203,
            "time_create": 298037905,
            "time_connect": 1538542508,
            "time_presimulate": 313705888,
            "time_simulate": 6269922311,
            "time_total": 8483230815
        }
    },
    "11": {
        "stats": {
            "local_spike_counter": 76058,
            "num_neurons": 77169,
            "rate": 0.09386695496402762
        },
        "timers": {
            "time_network": 50277079,
            "time_create": 295950343,
            "time_connect": 1538780907,
            "time_presimulate": 315575644,
            "time_simulate": 6269914310,
            "time_total": 8470498283
        }
    },
    "17": {
        "stats": {
            "local_spike_counter": 78464,
            "num_neurons": 77169,
            "rate": 0.09683631904990221
        },
        "timers": {
            "time_network": 40816262,
            "time_create": 298164297,
            "time_connect": 1538324776,
            "time_presimulate": 313827009,
            "time_simulate": 6269909361,
            "time_total": 8461041705
        }
    },
    "15": {
        "stats": {
            "local_spike_counter": 77135,
            "num_neurons": 77169,
            "rate": 0.09519613414959992
        },
        "timers": {
            "time_network": 70031540,
            "time_create": 296913398,
            "time_connect": 1537848802,
            "time_presimulate": 315526384,
            "time_simulate": 6269918040,
            "time_total": 8490238164
        }
    },
    "26": {
        "stats": {
            "local_spike_counter": 74860,
            "num_neurons": 77169,
            "rate": 0.09238844366939845
        },
        "timers": {
            "time_network": 36446937,
            "time_create": 317233355,
            "time_connect": 1519153757,
            "time_presimulate": 313944000,
            "time_simulate": 6269918971,
            "time_total": 8456697020
        }
    },
    "10": {
        "stats": {
            "local_spike_counter": 75597,
            "num_neurons": 77169,
            "rate": 0.09329801197001757
        },
        "timers": {
            "time_network": 51609586,
            "time_create": 294834417,
            "time_connect": 1540685887,
            "time_presimulate": 314866880,
            "time_simulate": 6269898040,
            "time_total": 8471894810
        }
    },
    "23": {
        "stats": {
            "local_spike_counter": 79797,
            "num_neurons": 77169,
            "rate": 0.09848144054885102
        },
        "timers": {
            "time_network": 74843315,
            "time_create": 293508528,
            "time_connect": 1543017335,
            "time_presimulate": 313782868,
            "time_simulate": 6270048983,
            "time_total": 8495201029
        }
    },
    "1": {
        "stats": {
            "local_spike_counter": 77959,
            "num_neurons": 77169,
            "rate": 0.09621307347078059
        },
        "timers": {
            "time_network": 31192650,
            "time_create": 304156815,
            "time_connect": 1531586990,
            "time_presimulate": 314616129,
            "time_simulate": 6269876020,
            "time_total": 8451428604
        }
    },
    "27": {
        "stats": {
            "local_spike_counter": 78427,
            "num_neurons": 77169,
            "rate": 0.09679065551242202
        },
        "timers": {
            "time_network": 35015523,
            "time_create": 293511819,
            "time_connect": 1542230096,
            "time_presimulate": 314532696,
            "time_simulate": 6269917681,
            "time_total": 8455207815
        }
    },
    "3": {
        "stats": {
            "local_spike_counter": 76914,
            "num_neurons": 77169,
            "rate": 0.09492338707438036
        },
        "timers": {
            "time_network": 32698188,
            "time_create": 321048612,
            "time_connect": 1513866479,
            "time_presimulate": 315443613,
            "time_simulate": 6269908460,
            "time_total": 8452965352
        }
    },
    "22": {
        "stats": {
            "local_spike_counter": 75867,
            "num_neurons": 77169,
            "rate": 0.09363123237865686
        },
        "timers": {
            "time_network": 75149978,
            "time_create": 293022914,
            "time_connect": 1543547620,
            "time_presimulate": 313762468,
            "time_simulate": 6269899731,
            "time_total": 8495382711
        }
    },
    "5": {
        "stats": {
            "local_spike_counter": 77856,
            "num_neurons": 77169,
            "rate": 0.096085956055633
        },
        "timers": {
            "time_network": 71887820,
            "time_create": 295358390,
            "time_connect": 1540153054,
            "time_presimulate": 314763830,
            "time_simulate": 6269933920,
            "time_total": 8492097014
        }
    },
    "28": {
        "stats": {
            "local_spike_counter": 78767,
            "num_neurons": 77169,
            "rate": 0.0972102663973752
        },
        "timers": {
            "time_network": 50486643,
            "time_create": 301125107,
            "time_connect": 1535290405,
            "time_presimulate": 313877139,
            "time_simulate": 6269902771,
            "time_total": 8470682065
        }
    },
    "12": {
        "stats": {
            "local_spike_counter": 74814,
            "num_neurons": 77169,
            "rate": 0.09233167278496361
        },
        "timers": {
            "time_network": 69119646,
            "time_create": 298107614,
            "time_connect": 1537778012,
            "time_presimulate": 314416278,
            "time_simulate": 6269920700,
            "time_total": 8489342250
        }
    },
    "29": {
        "stats": {
            "local_spike_counter": 77075,
            "num_neurons": 77169,
            "rate": 0.0951220851699023
        },
        "timers": {
            "time_network": 73197598,
            "time_create": 294027754,
            "time_connect": 1542293187,
            "time_presimulate": 313965250,
            "time_simulate": 6269903221,
            "time_total": 8493387010
        }
    },
    "13": {
        "stats": {
            "local_spike_counter": 77241,
            "num_neurons": 77169,
            "rate": 0.09532695401373237
        },
        "timers": {
            "time_network": 71318877,
            "time_create": 300462476,
            "time_connect": 1535271609,
            "time_presimulate": 314608599,
            "time_simulate": 6269921650,
            "time_total": 8491583211
        }
    },
    "16": {
        "stats": {
            "local_spike_counter": 79127,
            "num_neurons": 77169,
            "rate": 0.09765456027556094
        },