{
    "threads": 32,
    "procs": 4,
    "3": {
        "stats": {
            "local_spike_counter": 619894,
            "num_neurons": 77169,
            "rate": 0.7650419703446177
        },
        "timers": {
            "time_network": 35649758,
            "time_create": 552434404,
            "time_connect": 6134292652,
            "time_presimulate": 458609660,
            "time_simulate": 8603450172,
            "time_total": 15784436646
        }
    },
    "2": {
        "stats": {
            "local_spike_counter": 615652,
            "num_neurons": 77169,
            "rate": 0.759806707479996
        },
        "timers": {
            "time_network": 26436780,
            "time_create": 543678488,
            "time_connect": 6142959888,
            "time_presimulate": 458683510,
            "time_simulate": 8603455862,
            "time_total": 15775214528
        }
    },
    "1": {
        "stats": {
            "local_spike_counter": 617689,
            "num_neurons": 77169,
            "rate": 0.7623206703407303
        },
        "timers": {
            "time_network": 25046512,
            "time_create": 555041958,
            "time_connect": 6131472647,
            "time_presimulate": 458833801,
            "time_simulate": 8603455042,
            "time_total": 15773849960
        }
    },
    "vps": 128,
    "0": {
        "stats": {
            "local_spike_counter": 623588,
            "num_neurons": 77169,
            "rate": 0.769600919194668
        },
        "timers": {
            "time_network": 22279898,
            "time_create": 549730840,
            "time_connect": 6137023737,
            "time_presimulate": 458547939,
            "time_simulate": 8603457821,
            "time_total": 15771040235
        }
    }
}