{
    "threads": 128,
    "procs": 2,
    "vps": 256,
    "0": {
        "stats": {
            "local_spike_counter": 1233974,
            "num_neurons": 77169,
            "rate": 1.5229085945565362
        },
        "timers": {
            "time_network": 88399860,
            "time_create": 1022530926,
            "time_connect": 23537669007,
            "time_presimulate": 1525466230,
            "time_simulate": 28665657472,
            "time_total": 54839723495
        }
    },
    "1": {
        "stats": {
            "local_spike_counter": 1226976,
            "num_neurons": 77169,
            "rate": 1.5142720152244702
        },
        "timers": {
            "time_network": 91264591,
            "time_create": 999874717,
            "time_connect": 23560640734,
            "time_presimulate": 1525263693,
            "time_simulate": 28665595182,
            "time_total": 54842638917
        }
    }
}