{
    "threads": 8,
    "procs": 16,
    "5": {
        "stats": {
            "local_spike_counter": 151560,
            "num_neurons": 77169,
            "rate": 0.18704772271619063
        },
        "timers": {
            "time_network": 30870905,
            "time_create": 344884618,
            "time_connect": 2963077890,
            "time_presimulate": 444667309,
            "time_simulate": 8097958385,
            "time_total": 11881459107
        }
    },
    "14": {
        "stats": {
            "local_spike_counter": 152519,
            "num_neurons": 77169,
            "rate": 0.18823127224169092
        },
        "timers": {
            "time_network": 74240582,
            "time_create": 350538347,
            "time_connect": 2959530692,
            "time_presimulate": 442647039,
            "time_simulate": 8097933545,
            "time_total": 11924890205
        }
    },
    "15": {
        "stats": {
            "local_spike_counter": 156389,
            "num_neurons": 77169,
            "rate": 0.19300743143218752
        },
        "timers": {
            "time_network": 71554458,
            "time_create": 342090455,
            "time_connect": 2968257726,
            "time_presimulate": 442316597,
            "time_simulate": 8097939845,
            "time_total": 11922159081
        }
    },
    "11": {
        "stats": {
            "local_spike_counter": 153617,
            "num_neurons": 77169,
            "rate": 0.1895863685701574
        },
        "timers": {
            "time_network": 38363292,
            "time_create": 350612458,
            "time_connect": 2958786539,
            "time_presimulate": 443254151,
            "time_simulate": 8097942185,
            "time_total": 11888958625
        }
    },
    "4": {
        "stats": {
            "local_spike_counter": 154409,
            "num_neurons": 77169,
            "rate": 0.190563815102166
        },
        "timers": {
            "time_network": 70155122,
            "time_create": 342583257,
            "time_connect": 2967905454,
            "time_presimulate": 442152446,
            "time_simulate": 8097953205,
            "time_total": 11920749484
        }
    },
    "12": {
        "stats": {
            "local_spike_counter": 150847,
            "num_neurons": 77169,
            "rate": 0.18616777400745055
        },
        "timers": {
            "time_network": 74096022,
            "time_create": 341355170,
            "time_connect": 2966601888,
            "time_presimulate": 444717979,
            "time_simulate": 8097931455,
            "time_total": 11924702514
        }
    },
    "10": {
        "stats": {
            "local_spike_counter": 154791,
            "num_neurons": 77169,
            "rate": 0.19103526027290751
        },
        "timers": {
            "time_network": 34806604,
            "time_create": 343470042,
            "time_connect": 2966986820,
            "time_presimulate": 442197966,
            "time_simulate": 8097931295,
            "time_total": 11885392727
        }
    },
    "13": {
        "stats": {
            "local_spike_counter": 154952,
            "num_neurons": 77169,
            "rate": 0.19123395836842944
        },
        "timers": {
            "time_network": 51665179,
            "time_create": 340706598,
            "time_connect": 2970080355,
            "time_presimulate": 441892635,
            "time_simulate": 8097934945,
            "time_total": 11902279712
        }
    },
    "2": {
        "stats": {
            "local_spike_counter": 153382,
            "num_neurons": 77169,
            "rate": 0.18929634339967505
        },
        "timers": {
            "time_network": 8495882,
            "time_create": 352724668,
            "time_connect": 2958249566,
            "time_presimulate": 441721634,
            "time_simulate": 8097937985,
            "time_total": 11859129735
        }
    },
    "6": {
        "stats": {
            "local_spike_counter": 151543,
            "num_neurons": 77169,
            "rate": 0.18702674217194298
        },
        "timers": {
            "time_network": 74905445,
            "time_create": 346360546,
            "time_connect": 2964021625,
            "time_presimulate": 442337237,
            "time_simulate": 8097929685,
            "time_total": 11925554538
        }
    },
    "3": {
        "stats": {
            "local_spike_counter": 154936,
            "num_neurons": 77169,
            "rate": 0.19121421197384345
        },
        "timers": {
            "time_network": 11122766,
            "time_create": 352965698,
            "time_connect": 2956729109,
            "time_presimulate": 442958660,
            "time_simulate": 8097943235,
            "time_total": 11861719468
        }
    },
    "vps": 128,
    "0": {
        "stats": {
            "local_spike_counter": 154906,
            "num_neurons": 77169,
            "rate": 0.19117718748399465
        },
        "timers": {
            "time_network": 18372412,
            "time_create": 349320431,
            "time_connect": 2960718099,
            "time_presimulate": 442635468,
            "time_simulate": 8097922165,
            "time_total": 11868968575
        }
    },
    "9": {
        "stats": {
            "local_spike_counter": 155203,
            "num_neurons": 77169,
            "rate": 0.19154372993349783
        },
        "timers": {
            "time_network": 24534523,
            "time_create": 351264261,
            "time_connect": 2959424462,
            "time_presimulate": 441992535,
            "time_simulate": 8097934095,
            "time_total": 11875149876
        }
    },
    "8": {
        "stats": {
            "local_spike_counter": 156334,
            "num_neurons": 77169,
            "rate": 0.19293955320079798
        },
        "timers": {
            "time_network": 57729579,
            "time_create": 348248426,
            "time_connect": 2962491307,
            "time_presimulate": 441984645,
            "time_simulate": 8097942715,
            "time_total": 11908396672
        }
    },
    "1": {
        "stats": {
            "local_spike_counter": 153828,
            "num_neurons": 77169,
            "rate": 0.18984677414876072
        },
        "timers": {
            "time_network": 38771134,
            "time_create": 349577823,
            "time_connect": 2961109150,
            "time_presimulate": 441953495,
            "time_simulate": 8097930715,
            "time_total": 11889342317
        }
    },
    "7": {
        "stats": {
            "local_spike_counter": 152308,
            "num_neurons": 77169,
            "rate": 0.18797086666308763
        },
        "timers": {
            "time_network": 40759875,
            "time_create": 340773037,
            "time_connect": 2970346777,
            "time_presimulate": 441560973,
            "time_simulate": 8097932655,
            "time_total": 11891373317
        }
    }
}