{
    "threads": 8,
    "procs": 16,
    "4": {
        "stats": {
            "local_spike_counter": 154161,
            "num_neurons": 77169,
            "rate": 0.1902577459860825
        },
        "timers": {
            "time_network": 43380832,
            "time_create": 339622881,
            "time_connect": 2893782551,
            "time_presimulate": 437766433,
            "time_simulate": 7901010173,
            "time_total": 11615562870
        }
    },
    "14": {
        "stats": {
            "local_spike_counter": 157473,
            "num_neurons": 77169,
            "rate": 0.19434524966539118
        },
        "timers": {
            "time_network": 86623614,
            "time_create": 333480299,
            "time_connect": 2899359279,
            "time_presimulate": 438299056,
            "time_simulate": 7901001823,
            "time_total": 11658764071
        }
    },
    "5": {
        "stats": {
            "local_spike_counter": 151972,
            "num_neurons": 77169,
            "rate": 0.18755619237678098
        },
        "timers": {
            "time_network": 43128661,
            "time_create": 342233854,
            "time_connect": 2891507149,
            "time_presimulate": 437439322,
            "time_simulate": 7901001853,
            "time_total": 11615310839
        }
    },
    "11": {
        "stats": {
            "local_spike_counter": 158032,
            "num_neurons": 77169,
            "rate": 0.19503513932624067
        },
        "timers": {
            "time_network": 34916579,
            "time_create": 338588055,
            "time_connect": 2895151258,
            "time_presimulate": 437492892,
            "time_simulate": 7900996603,
            "time_total": 11607145387
        }
    },
    "10": {
        "stats": {
            "local_spike_counter": 150868,
            "num_neurons": 77169,
            "rate": 0.18619369115034473
        },
        "timers": {
            "time_network": 30941818,
            "time_create": 341900083,
            "time_connect": 2891612939,
            "time_presimulate": 437705423,
            "time_simulate": 7901004073,
            "time_total": 11603164336
        }
    },
    "12": {
        "stats": {
            "local_spike_counter": 152676,
            "num_neurons": 77169,
            "rate": 0.18842503373856637
        },
        "timers": {
            "time_network": 50932501,
            "time_create": 336987177,
            "time_connect": 2897266898,
            "time_presimulate": 436873409,
            "time_simulate": 7900997543,
            "time_total": 11623057528
        }
    },
    "6": {
        "stats": {
            "local_spike_counter": 155609,
            "num_neurons": 77169,
            "rate": 0.19204479469611843
        },
        "timers": {
            "time_network": 78874705,
            "time_create": 340577715,
            "time_connect": 2893532659,
            "time_presimulate": 437100290,
            "time_simulate": 7901001473,
            "time_total": 11651086842
        }
    },
    "vps": 128,
    "0": {
        "stats": {
            "local_spike_counter": 154875,
            "num_neurons": 77169,
            "rate": 0.19113892884448416
        },
        "timers": {
            "time_network": 9181927,
            "time_create": 351509562,
            "time_connect": 2882643703,
            "time_presimulate": 437091020,
            "time_simulate": 7900977653,
            "time_total": 11581403865
        }
    },
    "13": {
        "stats": {
            "local_spike_counter": 154145,
            "num_neurons": 77169,
            "rate": 0.19023799959149645
        },
        "timers": {
            "time_network": 45442293,
            "time_create": 335645200,
            "time_connect": 2897321158,
            "time_presimulate": 438237806,
            "time_simulate": 7900994703,
            "time_total": 11617641160
        }
    },
    "2": {
        "stats": {
            "local_spike_counter": 152634,
            "num_neurons": 77169,
            "rate": 0.18837319945277806
        },
        "timers": {
            "time_network": 25291310,
            "time_create": 357547762,
            "time_connect": 2875576268,
            "time_presimulate": 438031625,
            "time_simulate": 7900962172,
            "time_total": 11597409137
        }
    },
    "7": {
        "stats": {
            "local_spike_counter": 152670,
            "num_neurons": 77169,
            "rate": 0.18841762884059662
        },
        "timers": {
            "time_network": 46439478,
            "time_create": 339987263,
            "time_connect": 2893382408,
            "time_presimulate": 437813374,
            "time_simulate": 7901017753,
            "time_total": 11618640276
        }
    },
    "1": {
        "stats": {
            "local_spike_counter": 151181,
            "num_neurons": 77169,
            "rate": 0.186579979994434
        },
        "timers": {
            "time_network": 8873355,
            "time_create": 337540820,
            "time_connect": 2895366139,
            "time_presimulate": 438290796,
            "time_simulate": 7900997963,
            "time_total": 11581069073
        }
    },
    "8": {
        "stats": {
            "local_spike_counter": 151610,
            "num_neurons": 77169,
            "rate": 0.18710943019927198
        },
        "timers": {
            "time_network": 30409996,
            "time_create": 328560314,
            "time_connect": 2905550881,
            "time_presimulate": 437152321,
            "time_simulate": 7900971082,
            "time_total": 11602644594
        }
    },
    "15": {
        "stats": {
            "local_spike_counter": 155241,
            "num_neurons": 77169,
            "rate": 0.1915906276206397
        },
        "timers": {
            "time_network": 43660354,
            "time_create": 334002191,
            "time_connect": 2900107623,
            "time_presimulate": 437037470,
            "time_simulate": 7901001863,
            "time_total": 11615809501
        }
    },
    "9": {
        "stats": {
            "local_spike_counter": 154368,
            "num_neurons": 77169,
            "rate": 0.1905132149660393
        },
        "timers": {
            "time_network": 30434835,
            "time_create": 337952683,
            "time_connect": 2894933226,
            "time_presimulate": 438299357,
            "time_simulate": 7900983992,
            "time_total": 11602604093
        }
    },
    "3": {
        "stats": {
            "local_spike_counter": 153200,
            "num_neurons": 77169,
            "rate": 0.18907172816125892
        },
        "timers": {
            "time_network": 28136795,
            "time_create": 332665055,
            "time_connect": 2901262489,
            "time_presimulate": 437241831,
            "time_simulate": 7900993762,
            "time_total": 11600299932
        }
    }
}