{
    "threads": 8,
    "procs": 32,
    "20": {
        "stats": {
            "local_spike_counter": 75818,
            "num_neurons": 77169,
            "rate": 0.09357075904523714
        },
        "timers": {
            "time_network": 71625002,
            "time_create": 297712772,
            "time_connect": 1620483116,
            "time_presimulate": 314358005,
            "time_simulate": 6293806668,
            "time_total": 8597985563
        }
    },
    "14": {
        "stats": {
            "local_spike_counter": 78735,
            "num_neurons": 77169,
            "rate": 0.09717077360820314
        },
        "timers": {
            "time_network": 94990807,
            "time_create": 301119476,
            "time_connect": 1618290130,
            "time_presimulate": 313285029,
            "time_simulate": 6293784580,
            "time_total": 8621470022
        }
    },
    "21": {
        "stats": {
            "local_spike_counter": 77699,
            "num_neurons": 77169,
            "rate": 0.09589219455875755
        },
        "timers": {
            "time_network": 66041573,
            "time_create": 299769974,
            "time_connect": 1617896779,
            "time_presimulate": 314895631,
            "time_simulate": 6293829418,
            "time_total": 8592433375
        }
    },
    "11": {
        "stats": {
            "local_spike_counter": 79603,
            "num_neurons": 77169,
            "rate": 0.0982420155144954
        },
        "timers": {
            "time_network": 39407706,
            "time_create": 295877859,
            "time_connect": 1623341296,
            "time_presimulate": 313423090,
            "time_simulate": 6293774269,
            "time_total": 8565824220
        }
    },
    "17": {
        "stats": {
            "local_spike_counter": 77133,
            "num_neurons": 77169,
            "rate": 0.09519366585027667
        },
        "timers": {
            "time_network": 58825289,
            "time_create": 308404983,
            "time_connect": 1609897277,
            "time_presimulate": 314283123,
            "time_simulate": 6293816259,
            "time_total": 8585226931
        }
    },
    "10": {
        "stats": {
            "local_spike_counter": 76457,
            "num_neurons": 77169,
            "rate": 0.09435938067901681
        },
        "timers": {
            "time_network": 62802738,
            "time_create": 296797564,
            "time_connect": 1621839428,
            "time_presimulate": 314060753,
            "time_simulate": 6293780410,
            "time_total": 8589280893
        }
    },
    "27": {
        "stats": {
            "local_spike_counter": 78930,
            "num_neurons": 77169,
            "rate": 0.09741143279222042
        },
        "timers": {
            "time_network": 54243881,
            "time_create": 306912677,
            "time_connect": 1611277602,
            "time_presimulate": 314434685,
            "time_simulate": 6293817648,
            "time_total": 8580686493
        }
    },
    "15": {
        "stats": {
            "local_spike_counter": 77013,
            "num_neurons": 77169,
            "rate": 0.09504556789088142
        },
        "timers": {
            "time_network": 79314515,
            "time_create": 295612457,
            "time_connect": 1623628777,
            "time_presimulate": 313360650,
            "time_simulate": 6293796640,
            "time_total": 8605713039
        }
    },
    "26": {
        "stats": {
            "local_spike_counter": 77172,
            "num_neurons": 77169,
            "rate": 0.09524179768708012
        },
        "timers": {
            "time_network": 62222674,
            "time_create": 302405891,
            "time_connect": 1615873488,
            "time_presimulate": 314338245,
            "time_simulate": 6293814238,
            "time_total": 8588654536
        }
    },
    "vps": 256,
    "0": {
        "stats": {
            "local_spike_counter": 77203,
            "num_neurons": 77169,
            "rate": 0.09528005632659056
        },
        "timers": {
            "time_network": 46238882,
            "time_create": 304350412,
            "time_connect": 1613457685,
            "time_presimulate": 314836717,
            "time_simulate": 6293774060,
            "time_total": 8572657756
        }
    },
    "16": {
        "stats": {
            "local_spike_counter": 74274,
            "num_neurons": 77169,
            "rate": 0.09166523196768503
        },
        "timers": {
            "time_network": 45929435,
            "time_create": 299543881,
            "time_connect": 1619036482,
            "time_presimulate": 314043281,
            "time_simulate": 6293808028,
            "time_total": 8572361107
        }
    },
    "23": {
        "stats": {
            "local_spike_counter": 76243,
            "num_neurons": 77169,
            "rate": 0.09409527265142861
        },
        "timers": {
            "time_network": 89849520,
            "time_create": 299419050,
            "time_connect": 1618951740,
            "time_presimulate": 314266574,
            "time_simulate": 6293815778,
            "time_total": 8616302662
        }
    },
    "12": {
        "stats": {
            "local_spike_counter": 76423,
            "num_neurons": 77169,
            "rate": 0.09431741959052149
        },
        "timers": {
            "time_network": 95494790,
            "time_create": 296279600,
            "time_connect": 1622850924,
            "time_presimulate": 313513270,
            "time_simulate": 6293782230,
            "time_total": 8621920814
        }
    },
    "22": {
        "stats": {
            "local_spike_counter": 77058,
            "num_neurons": 77169,
            "rate": 0.09510110462565464
        },
        "timers": {
            "time_network": 94104394,
            "time_create": 303643374,
            "time_connect": 1614235232,
            "time_presimulate": 314699608,
            "time_simulate": 6293807608,
            "time_total": 8620490216
        }
    },
    "13": {
        "stats": {
            "local_spike_counter": 75244,
            "num_neurons": 77169,
            "rate": 0.09286235713946324
        },
        "timers": {
            "time_network": 84893574,
            "time_create": 305480329,
            "time_connect": 1614123228,
            "time_presimulate": 313107238,
            "time_simulate": 6293799340,
            "time_total": 8611403709
        }
    },
    "19": {
        "stats": {
            "local_spike_counter": 74413,
            "num_neurons": 77169,
            "rate": 0.09183677877065118
        },
        "timers": {
            "time_network": 51496703,
            "time_create": 304016938,
            "time_connect": 1614265442,
            "time_presimulate": 314305173,
            "time_simulate": 6293822779,
            "time_total": 8577907035
        }
    },
    "1": {
        "stats": {
            "local_spike_counter": 76278,
            "num_neurons": 77169,
            "rate": 0.09413846788958556
        },
        "timers": {
            "time_network": 50115542,
            "time_create": 308000432,
            "time_connect": 1609492283,
            "time_presimulate": 315207850,
            "time_simulate": 6293811310,
            "time_total": 8576627417
        }
    },
    "24": {
        "stats": {
            "local_spike_counter": 77299,
            "num_neurons": 77169,
            "rate": 0.09539853469410675
        },
        "timers": {
            "time_network": 63548678,
            "time_create": 307204600,
            "time_connect": 1611072049,
            "time_presimulate": 314291274,
            "time_simulate": 6293812778,
            "time_total": 8589929379
        }
    },
    "8": {
        "stats": {
            "local_spike_counter": 78762,
            "num_neurons": 77169,
            "rate": 0.0972040956490671
        },