{
    "threads": 4,
    "procs": 32,
    "8": {
        "stats": {
            "local_spike_counter": 79394,
            "num_neurons": 77169,
            "rate": 0.09798407823521535
        },
        "timers": {
            "time_network": 53044066,
            "time_create": 305685808,
            "time_connect": 2039062405,
            "time_presimulate": 391435622,
            "time_simulate": 7746639696,
            "time_total": 10535867597
        }
    },
    "10": {
        "stats": {
            "local_spike_counter": 77873,
            "num_neurons": 77169,
            "rate": 0.09610693659988065
        },
        "timers": {
            "time_network": 67839788,
            "time_create": 294277082,
            "time_connect": 2052656921,
            "time_presimulate": 389140801,
            "time_simulate": 7746638326,
            "time_total": 10550552918
        }
    },
    "29": {
        "stats": {
            "local_spike_counter": 76783,
            "num_neurons": 77169,
            "rate": 0.09476171346870722
        },
        "timers": {
            "time_network": 95476651,
            "time_create": 292261112,
            "time_connect": 2053302084,
            "time_presimulate": 389978805,
            "time_simulate": 7746601056,
            "time_total": 10577619708
        }
    },
    "31": {
        "stats": {
            "local_spike_counter": 76711,
            "num_neurons": 77169,
            "rate": 0.09467285469307006
        },
        "timers": {
            "time_network": 62708083,
            "time_create": 293348098,
            "time_connect": 2053568605,
            "time_presimulate": 388632188,
            "time_simulate": 7746627236,
            "time_total": 10544884210
        }
    },
    "11": {
        "stats": {
            "local_spike_counter": 76922,
            "num_neurons": 77169,
            "rate": 0.09493326027167336
        },
        "timers": {
            "time_network": 53504089,
            "time_create": 293614989,
            "time_connect": 2053961707,
            "time_presimulate": 388581108,
            "time_simulate": 7746645036,
            "time_total": 10536306929
        }
    },
    "28": {
        "stats": {
            "local_spike_counter": 76512,
            "num_neurons": 77169,
            "rate": 0.09442725891040628
        },
        "timers": {
            "time_network": 64126559,
            "time_create": 292238973,
            "time_connect": 2054314039,
            "time_presimulate": 389704353,
            "time_simulate": 7746617946,
            "time_total": 10547001870
        }
    },
    "30": {
        "stats": {
            "local_spike_counter": 76717,
            "num_neurons": 77169,
            "rate": 0.09468025959103983
        },
        "timers": {
            "time_network": 78109587,
            "time_create": 290882016,
            "time_connect": 2056666380,
            "time_presimulate": 388553658,
            "time_simulate": 7746619066,
            "time_total": 10560830707
        }
    },
    "9": {
        "stats": {
            "local_spike_counter": 75998,
            "num_neurons": 77169,
            "rate": 0.09379290598433002
        },
        "timers": {
            "time_network": 64851393,
            "time_create": 293016017,
            "time_connect": 2053682495,
            "time_presimulate": 389365712,
            "time_simulate": 7746626356,
            "time_total": 10547541973
        }
    },
    "1": {
        "stats": {
            "local_spike_counter": 78369,
            "num_neurons": 77169,
            "rate": 0.09671907483204766
        },
        "timers": {
            "time_network": 26131136,
            "time_create": 292840286,
            "time_connect": 2053961887,
            "time_presimulate": 389395822,
            "time_simulate": 7746605576,
            "time_total": 10508934707
        }
    },
    "13": {
        "stats": {
            "local_spike_counter": 77104,
            "num_neurons": 77169,
            "rate": 0.09515787551008949
        },
        "timers": {
            "time_network": 68510251,
            "time_create": 293418008,
            "time_connect": 2054159338,
            "time_presimulate": 388605998,
            "time_simulate": 7746639546,
            "time_total": 10551333141
        }
    },
    "27": {
        "stats": {
            "local_spike_counter": 74859,
            "num_neurons": 77169,
            "rate": 0.09238720951973683
        },
        "timers": {
            "time_network": 50207553,
            "time_create": 295624159,
            "time_connect": 2050777591,
            "time_presimulate": 389819235,
            "time_simulate": 7746608856,
            "time_total": 10533037394
        }
    },
    "19": {
        "stats": {
            "local_spike_counter": 76585,
            "num_neurons": 77169,
            "rate": 0.09451735183570506
        },
        "timers": {
            "time_network": 44829556,
            "time_create": 293380058,
            "time_connect": 2053130493,
            "time_presimulate": 389792994,
            "time_simulate": 7746443955,
            "time_total": 10527577056
        }
    },
    "vps": 128,
    "0": {
        "stats": {
            "local_spike_counter": 79741,
            "num_neurons": 77169,
            "rate": 0.09841232816779992
        },
        "timers": {
            "time_network": 9036144,
            "time_create": 298880035,
            "time_connect": 2045225674,
            "time_presimulate": 392179935,
            "time_simulate": 7746510826,
            "time_total": 10491832614
        }
    },
    "22": {
        "stats": {
            "local_spike_counter": 77728,
            "num_neurons": 77169,
            "rate": 0.09592798489894475
        },
        "timers": {
            "time_network": 29137461,
            "time_create": 294108672,
            "time_connect": 2049816356,
            "time_presimulate": 392342717,
            "time_simulate": 7746557856,
            "time_total": 10511963062
        }
    },
    "14": {
        "stats": {
            "local_spike_counter": 75382,
            "num_neurons": 77169,
            "rate": 0.09303266979276775
        },
        "timers": {
            "time_network": 78864681,
            "time_create": 295326737,
            "time_connect": 2049442355,
            "time_presimulate": 391426242,
            "time_simulate": 7746641297,
            "time_total": 10561701312
        }
    },
    "15": {
        "stats": {
            "local_spike_counter": 77314,
            "num_neurons": 77169,
            "rate": 0.09541704693903115
        },
        "timers": {
            "time_network": 54745084,
            "time_create": 297213927,
            "time_connect": 2050457010,
            "time_presimulate": 388421517,
            "time_simulate": 7746637536,
            "time_total": 10537475074
        }
    },
    "26": {
        "stats": {
            "local_spike_counter": 79701,
            "num_neurons": 77169,
            "rate": 0.09836296218133485
        },
        "timers": {
            "time_network": 71266864,
            "time_create": 304460252,
            "time_connect": 2042377531,
            "time_presimulate": 389377721,
            "time_simulate": 7746613597,
            "time_total": 10554095965
        }
    },
    "23": {
        "stats": {
            "local_spike_counter": 81850,
            "num_neurons": 77169,
            "rate": 0.10101514980417128
        },
        "timers": {
            "time_network": 21340843,
            "time_create": 293005996,
            "time_connect": 2053134033,
            "time_presimulate": 390110675,
            "time_simulate": 7746604337,
            "time_total": 10504195884
        }
    },
    "24": {
        "stats": {
            "local_spike_counter": 77235,
            "num_neurons": 77169,
            "rate": 0.09531954911576261
        },