{
    "threads": 64,
    "procs": 2,
    "1": {
        "stats": {
            "local_spike_counter": 1230809,
            "num_neurons": 77169,
            "rate": 1.5190025108774865
        },
        "timers": {
            "time_network": 34549395,
            "time_create": 846338236,
            "time_connect": 13582644651,
            "time_presimulate": 833218165,
            "time_simulate": 15288867336,
            "time_total": 30585617783
        }
    },
    "vps": 128,
    "0": {
        "stats": {
            "local_spike_counter": 1229906,
            "num_neurons": 77169,
            "rate": 1.5178880737330374
        },
        "timers": {
            "time_network": 33738191,
            "time_create": 895686619,
            "time_connect": 13537512581,
            "time_presimulate": 828960912,
            "time_simulate": 15288919546,
            "time_total": 30584817849
        }
    }
}