{
    "threads": 64,
    "procs": 6,
    "3": {
        "stats": {
            "local_spike_counter": 417307,
            "num_neurons": 77169,
            "rate": 0.5150192928445854
        },
        "timers": {
            "time_network": 54745159,
            "time_create": 536317830,
            "time_connect": 10325281114,
            "time_presimulate": 699503788,
            "time_simulate": 10858893814,
            "time_total": 22474741705
        }
    },
    "1": {
        "stats": {
            "local_spike_counter": 411575,
            "num_neurons": 77169,
            "rate": 0.5079451469841394
        },
        "timers": {
            "time_network": 68282884,
            "time_create": 532131096,
            "time_connect": 10331024641,
            "time_presimulate": 697990566,
            "time_simulate": 10858878484,
            "time_total": 22488307671
        }
    },
    "5": {
        "stats": {
            "local_spike_counter": 418356,
            "num_neurons": 77169,
            "rate": 0.5163139158396322
        },
        "timers": {
            "time_network": 54688500,
            "time_create": 537753818,
            "time_connect": 10326759248,
            "time_presimulate": 696601829,
            "time_simulate": 10858882932,
            "time_total": 22474686327
        }
    },
    "2": {
        "stats": {
            "local_spike_counter": 410643,
            "num_neurons": 77169,
            "rate": 0.506794919499503
        },
        "timers": {
            "time_network": 54740339,
            "time_create": 535832045,
            "time_connect": 10326305555,
            "time_presimulate": 699024133,
            "time_simulate": 10858856493,
            "time_total": 22474758565
        }
    },
    "vps": 384,
    "0": {
        "stats": {
            "local_spike_counter": 410108,
            "num_neurons": 77169,
            "rate": 0.5061346494305324
        },
        "timers": {
            "time_network": 58315523,
            "time_create": 548014007,
            "time_connect": 10314359335,
            "time_presimulate": 698750560,
            "time_simulate": 10858879584,
            "time_total": 22478319009
        }
    },
    "4": {
        "stats": {
            "local_spike_counter": 408167,
            "num_neurons": 77169,
            "rate": 0.5037391649373145
        },
        "timers": {
            "time_network": 54684050,
            "time_create": 545467026,
            "time_connect": 10319564726,
            "time_presimulate": 696114253,
            "time_simulate": 10858878072,
            "time_total": 22474708127
        }
    }
}