{
    "threads": 128,
    "procs": 4,
    "2": {
        "stats": {
            "local_spike_counter": 619758,
            "num_neurons": 77169,
            "rate": 0.7648741259906364
        },
        "timers": {
            "time_network": 94676155,
            "time_create": 746799470,
            "time_connect": 19633378183,
            "time_presimulate": 1348172162,
            "time_simulate": 24721525658,
            "time_total": 46544551628
        }
    },
    "vps": 512,
    "0": {
        "stats": {
            "local_spike_counter": 616679,
            "num_neurons": 77169,
            "rate": 0.7610741791824869
        },
        "timers": {
            "time_network": 95907508,
            "time_create": 735217769,
            "time_connect": 19644980617,
            "time_presimulate": 1348142672,
            "time_simulate": 24721573635,
            "time_total": 46545822201
        }
    },
    "3": {
        "stats": {
            "local_spike_counter": 617192,
            "num_neurons": 77169,
            "rate": 0.7617072979589015
        },
        "timers": {
            "time_network": 94608969,
            "time_create": 737504635,
            "time_connect": 19642573713,
            "time_presimulate": 1348253873,
            "time_simulate": 24721593578,
            "time_total": 46544534768
        }
    },
    "1": {
        "stats": {
            "local_spike_counter": 621661,
            "num_neurons": 77169,
            "rate": 0.7672227127967127
        },
        "timers": {
            "time_network": 88935681,
            "time_create": 756077346,
            "time_connect": 19624008707,
            "time_presimulate": 1348168209,
            "time_simulate": 24721628824,
            "time_total": 46538818767
        }
    }
}