{
    "threads": 128,
    "procs": 4,
    "vps": 512,
    "0": {
        "stats": {
            "local_spike_counter": 614827,
            "num_neurons": 77169,
            "rate": 0.7587885340091537
        },
        "timers": {
            "time_network": 106431560,
            "time_create": 746561275,
            "time_connect": 19415457217,
            "time_presimulate": 1307880084,
            "time_simulate": 23821589240,
            "time_total": 45397919376
        }
    },
    "3": {
        "stats": {
            "local_spike_counter": 618870,
            "num_neurons": 77169,
            "rate": 0.7637782010911117
        },
        "timers": {
            "time_network": 110888076,
            "time_create": 737049676,
            "time_connect": 19424975360,
            "time_presimulate": 1307825573,
            "time_simulate": 23821620817,
            "time_total": 45402359502
        }
    },
    "2": {
        "stats": {
            "local_spike_counter": 620801,
            "num_neurons": 77169,
            "rate": 0.7661613440877135
        },
        "timers": {
            "time_network": 109371593,
            "time_create": 743736896,
            "time_connect": 19419463847,
            "time_presimulate": 1306704948,
            "time_simulate": 23821565491,
            "time_total": 45400842775
        }
    },
    "1": {
        "stats": {
            "local_spike_counter": 612809,
            "num_neurons": 77169,
            "rate": 0.7562980199919903
        },
        "timers": {
            "time_network": 102652725,
            "time_create": 746044432,
            "time_connect": 19417360499,
            "time_presimulate": 1306416226,
            "time_simulate": 23821607206,
            "time_total": 45394081088
        }
    }
}