{
    "threads": 128,
    "procs": 4,
    "2": {
        "stats": {
            "local_spike_counter": 614817,
            "num_neurons": 77169,
            "rate": 0.7587761925125375
        },
        "timers": {
            "time_network": 111854317,
            "time_create": 732175171,
            "time_connect": 19102458830,
            "time_presimulate": 1493837612,
            "time_simulate": 25900069211,
            "time_total": 47340395141
        }
    },
    "vps": 512,
    "0": {
        "stats": {
            "local_spike_counter": 617713,
            "num_neurons": 77169,
            "rate": 0.7623502899326092
        },
        "timers": {
            "time_network": 110005900,
            "time_create": 726443636,
            "time_connect": 19108301090,
            "time_presimulate": 1493772532,
            "time_simulate": 25899982627,
            "time_total": 47338505785
        }
    },
    "3": {
        "stats": {
            "local_spike_counter": 617569,
            "num_neurons": 77169,
            "rate": 0.7621725723813351
        },
        "timers": {
            "time_network": 109810943,
            "time_create": 754768742,
            "time_connect": 19079375048,
            "time_presimulate": 1494279948,
            "time_simulate": 25900105026,
            "time_total": 47338339707
        }
    },
    "1": {
        "stats": {
            "local_spike_counter": 610809,
            "num_neurons": 77169,
            "rate": 0.7538297206687363
        },
        "timers": {
            "time_network": 102841098,
            "time_create": 755705463,
            "time_connect": 19078585100,
            "time_presimulate": 1494172142,
            "time_simulate": 25900036967,
            "time_total": 47331340770
        }
    }
}