{
    "threads": 128,
    "procs": 3,
    "2": {
        "stats": {
            "local_spike_counter": 819470,
            "num_neurons": 77169,
            "rate": 1.0113486232134912
        },
        "timers": {
            "time_network": 100476053,
            "time_create": 818068845,
            "time_connect": 36648556766,
            "time_presimulate": 1592891571,
            "time_simulate": 22404918661,
            "time_total": 61564911896
        }
    },
    "1": {
        "stats": {
            "local_spike_counter": 815693,
            "num_neurons": 77169,
            "rate": 1.006687239941526
        },
        "timers": {
            "time_network": 92745190,
            "time_create": 830781227,
            "time_connect": 36640924586,
            "time_presimulate": 1587785485,
            "time_simulate": 22404961639,
            "time_total": 61557198127
        }
    },
    "vps": 384,
    "0": {
        "stats": {
            "local_spike_counter": 823537,
            "num_neurons": 77169,
            "rate": 1.0163679098873282
        },
        "timers": {
            "time_network": 96726648,
            "time_create": 837614840,
            "time_connect": 36631583291,
            "time_presimulate": 1590308255,
            "time_simulate": 22404951602,
            "time_total": 61561184636
        }
    }
}