{
    "threads": 32,
    "procs": 8,
    "3": {
        "stats": {
            "local_spike_counter": 308544,
            "num_neurons": 77169,
            "rate": 0.3807894731970462
        },
        "timers": {
            "time_network": 63686156,
            "time_create": 428060920,
            "time_connect": 4123919361,
            "time_presimulate": 366373364,
            "time_simulate": 6688016997,
            "time_total": 11670056798
        }
    },
    "5": {
        "stats": {
            "local_spike_counter": 307454,
            "num_neurons": 77169,
            "rate": 0.37944425006587273
        },
        "timers": {
            "time_network": 53551317,
            "time_create": 422708915,
            "time_connect": 4125149632,
            "time_presimulate": 370499892,
            "time_simulate": 6688000700,
            "time_total": 11659910456
        }
    },
    "2": {
        "stats": {
            "local_spike_counter": 307425,
            "num_neurons": 77169,
            "rate": 0.37940845972568554
        },
        "timers": {
            "time_network": 63665256,
            "time_create": 429536248,
            "time_connect": 4122341942,
            "time_presimulate": 366435825,
            "time_simulate": 6688103557,
            "time_total": 11670082828
        }
    },
    "4": {
        "stats": {
            "local_spike_counter": 307276,
            "num_neurons": 77169,
            "rate": 0.3792245714261031
        },
        "timers": {
            "time_network": 51119532,
            "time_create": 435118354,
            "time_connect": 4112519651,
            "time_presimulate": 370729425,
            "time_simulate": 6687995399,
            "time_total": 11657482361
        }
    },
    "vps": 256,
    "0": {
        "stats": {
            "local_spike_counter": 307113,
            "num_neurons": 77169,
            "rate": 0.3790234050312579
        },
        "timers": {
            "time_network": 54538099,
            "time_create": 467700448,
            "time_connect": 4084224802,
            "time_presimulate": 366401274,
            "time_simulate": 6688000517,
            "time_total": 11660865140
        }
    },
    "1": {
        "stats": {
            "local_spike_counter": 308829,
            "num_neurons": 77169,
            "rate": 0.3811412058506099
        },
        "timers": {
            "time_network": 54462387,
            "time_create": 435576180,
            "time_connect": 4116058209,
            "time_presimulate": 366720306,
            "time_simulate": 6687999697,
            "time_total": 11660816779
        }
    },
    "6": {
        "stats": {
            "local_spike_counter": 306947,
            "num_neurons": 77169,
            "rate": 0.37881853618742783
        },
        "timers": {
            "time_network": 51025691,
            "time_create": 444585512,
            "time_connect": 4103140454,
            "time_presimulate": 370628974,
            "time_simulate": 6687996079,
            "time_total": 11657376710
        }
    },
    "7": {
        "stats": {
            "local_spike_counter": 311606,
            "num_neurons": 77169,
            "rate": 0.3845684394609481
        },
        "timers": {
            "time_network": 51384794,
            "time_create": 425717736,
            "time_connect": 4121963239,
            "time_presimulate": 371064649,
            "time_simulate": 6687612405,
            "time_total": 11657742823
        }
    }
}