{
    "threads": 16,
    "procs": 16,
    "7": {
        "stats": {
            "local_spike_counter": 156089,
            "num_neurons": 77169,
            "rate": 0.1926371865336994
        },
        "timers": {
            "time_network": 55333600,
            "time_create": 342527702,
            "time_connect": 2105695991,
            "time_presimulate": 370982311,
            "time_simulate": 6484993820,
            "time_total": 9359533424
        }
    },
    "10": {
        "stats": {
            "local_spike_counter": 150457,
            "num_neurons": 77169,
            "rate": 0.18568645563941605
        },
        "timers": {
            "time_network": 43760235,
            "time_create": 337623641,
            "time_connect": 2111181482,
            "time_presimulate": 370377401,
            "time_simulate": 6485007441,
            "time_total": 9347950200
        }
    },
    "11": {
        "stats": {
            "local_spike_counter": 154485,
            "num_neurons": 77169,
            "rate": 0.19065761047644963
        },
        "timers": {
            "time_network": 42367201,
            "time_create": 338859843,
            "time_connect": 2110448935,
            "time_presimulate": 369908006,
            "time_simulate": 6485007142,
            "time_total": 9346591127
        }
    },
    "5": {
        "stats": {
            "local_spike_counter": 153138,
            "num_neurons": 77169,
            "rate": 0.18899521088223806
        },
        "timers": {
            "time_network": 44464752,
            "time_create": 348971287,
            "time_connect": 2099889540,
            "time_presimulate": 370327228,
            "time_simulate": 6484969790,
            "time_total": 9348622597
        }
    },
    "8": {
        "stats": {
            "local_spike_counter": 152747,
            "num_neurons": 77169,
            "rate": 0.1885126583645419
        },
        "timers": {
            "time_network": 27356474,
            "time_create": 334449208,
            "time_connect": 2114075032,
            "time_presimulate": 370654264,
            "time_simulate": 6485015372,
            "time_total": 9331550350
        }
    },
    "13": {
        "stats": {
            "local_spike_counter": 154316,
            "num_neurons": 77169,
            "rate": 0.1904490391836347
        },
        "timers": {
            "time_network": 31231365,
            "time_create": 336452488,
            "time_connect": 2111860999,
            "time_presimulate": 370891857,
            "time_simulate": 6485007282,
            "time_total": 9335443991
        }
    },
    "14": {
        "stats": {
            "local_spike_counter": 154712,
            "num_neurons": 77169,
            "rate": 0.190937762449639
        },
        "timers": {
            "time_network": 38064845,
            "time_create": 335968624,
            "time_connect": 2113441306,
            "time_presimulate": 369831175,
            "time_simulate": 6485016222,
            "time_total": 9342322172
        }
    },
    "9": {
        "stats": {
            "local_spike_counter": 152406,
            "num_neurons": 77169,
            "rate": 0.18809181332992708
        },
        "timers": {
            "time_network": 25345273,
            "time_create": 337798383,
            "time_connect": 2111505875,
            "time_presimulate": 369868226,
            "time_simulate": 6485014361,
            "time_total": 9329532118
        }
    },
    "15": {
        "stats": {
            "local_spike_counter": 155517,
            "num_neurons": 77169,
            "rate": 0.1919312529272487
        },
        "timers": {
            "time_network": 39448090,
            "time_create": 339321969,
            "time_connect": 2109102560,
            "time_presimulate": 370757375,
            "time_simulate": 6485008002,
            "time_total": 9343637996
        }
    },
    "12": {
        "stats": {
            "local_spike_counter": 153581,
            "num_neurons": 77169,
            "rate": 0.18954193918233883
        },
        "timers": {
            "time_network": 26827389,
            "time_create": 342286749,
            "time_connect": 2106031139,
            "time_presimulate": 370859326,
            "time_simulate": 6485019482,
            "time_total": 9331024085
        }
    },
    "1": {
        "stats": {
            "local_spike_counter": 156423,
            "num_neurons": 77169,
            "rate": 0.19304939252068276
        },
        "timers": {
            "time_network": 33342265,
            "time_create": 354949027,
            "time_connect": 2094041570,
            "time_presimulate": 370199427,
            "time_simulate": 6484999220,
            "time_total": 9337531509
        }
    },
    "4": {
        "stats": {
            "local_spike_counter": 153695,
            "num_neurons": 77169,
            "rate": 0.1896826322437643
        },
        "timers": {
            "time_network": 37966429,
            "time_create": 340513782,
            "time_connect": 2108378244,
            "time_presimulate": 370333258,
            "time_simulate": 6484994811,
            "time_total": 9342186524
        }
    },
    "6": {
        "stats": {
            "local_spike_counter": 152235,
            "num_neurons": 77169,
            "rate": 0.18788077373778886
        },
        "timers": {
            "time_network": 45617499,
            "time_create": 342854424,
            "time_connect": 2105923412,
            "time_presimulate": 370431128,
            "time_simulate": 6484990931,
            "time_total": 9349817394
        }
    },
    "3": {
        "stats": {
            "local_spike_counter": 154059,
            "num_neurons": 77169,
            "rate": 0.19013186272059654
        },
        "timers": {
            "time_network": 48286723,
            "time_create": 347021966,
            "time_connect": 2102090371,
            "time_presimulate": 370047287,
            "time_simulate": 6484996321,
            "time_total": 9352442668
        }
    },
    "2": {
        "stats": {
            "local_spike_counter": 156968,
            "num_neurons": 77169,
            "rate": 0.19372200408626952
        },
        "timers": {
            "time_network": 48947426,
            "time_create": 349659230,
            "time_connect": 2099078406,
            "time_presimulate": 370467979,
            "time_simulate": 6484989320,
            "time_total": 9353142361
        }
    },
    "vps": 256,
    "0": {
        "stats": {
            "local_spike_counter": 154366,
            "num_neurons": 77169,
            "rate": 0.19051074666671605
        },
        "timers": {
            "time_network": 35525457,
            "time_create": 346383432,
            "time_connect": 2101564409,
            "time_presimulate": 371271373,
            "time_simulate": 6484979500,
            "time_total": 9339724171
        }
    }
}