{
    "threads": 16,
    "procs": 32,
    "24": {
        "stats": {
            "local_spike_counter": 74828,
            "num_neurons": 77169,
            "rate": 0.09234895088022639
        },
        "timers": {
            "time_network": 104170904,
            "time_create": 310329483,
            "time_connect": 1392332145,
            "time_presimulate": 345099973,
            "time_simulate": 6298820467,
            "time_total": 8450752972
        }
    },
    "3": {
        "stats": {
            "local_spike_counter": 75749,
            "num_neurons": 77169,
            "rate": 0.09348560271858487
        },
        "timers": {
            "time_network": 34602260,
            "time_create": 307118386,
            "time_connect": 1395128479,
            "time_presimulate": 345499635,
            "time_simulate": 6298800058,
            "time_total": 8381148818
        }
    },
    "29": {
        "stats": {
            "local_spike_counter": 77905,
            "num_neurons": 77169,
            "rate": 0.09614642938905271
        },
        "timers": {
            "time_network": 108103500,
            "time_create": 317037160,
            "time_connect": 1384740764,
            "time_presimulate": 345968947,
            "time_simulate": 6298828377,
            "time_total": 8454678748
        }
    },
    "18": {
        "stats": {
            "local_spike_counter": 75806,
            "num_neurons": 77169,
            "rate": 0.09355594924929761
        },
        "timers": {
            "time_network": 118896593,
            "time_create": 310371415,
            "time_connect": 1393574771,
            "time_presimulate": 343797753,
            "time_simulate": 6298822325,
            "time_total": 8465462857
        }
    },
    "13": {
        "stats": {
            "local_spike_counter": 75725,
            "num_neurons": 77169,
            "rate": 0.09345598312670582
        },
        "timers": {
            "time_network": 111493614,
            "time_create": 312025641,
            "time_connect": 1391580427,
            "time_presimulate": 344134642,
            "time_simulate": 6298797074,
            "time_total": 8458031398
        }
    },
    "5": {
        "stats": {
            "local_spike_counter": 77584,
            "num_neurons": 77169,
            "rate": 0.09575026734767045
        },
        "timers": {
            "time_network": 100794734,
            "time_create": 312128482,
            "time_connect": 1391427110,
            "time_presimulate": 344200418,
            "time_simulate": 6298807118,
            "time_total": 8447357862
        }
    },
    "27": {
        "stats": {
            "local_spike_counter": 78510,
            "num_neurons": 77169,
            "rate": 0.09689308993433707
        },
        "timers": {
            "time_network": 95367718,
            "time_create": 308487286,
            "time_connect": 1393616359,
            "time_presimulate": 345618146,
            "time_simulate": 6298806017,
            "time_total": 8441895526
        }
    },
    "16": {
        "stats": {
            "local_spike_counter": 76499,
            "num_neurons": 77169,
            "rate": 0.09441121496480513
        },
        "timers": {
            "time_network": 106982508,
            "time_create": 307666335,
            "time_connect": 1395927267,
            "time_presimulate": 344178558,
            "time_simulate": 6298822255,
            "time_total": 8453576923
        }
    },
    "10": {
        "stats": {
            "local_spike_counter": 75418,
            "num_neurons": 77169,
            "rate": 0.09307709918058633
        },
        "timers": {
            "time_network": 52511197,
            "time_create": 310556496,
            "time_connect": 1392816711,
            "time_presimulate": 344365134,
            "time_simulate": 6298808364,
            "time_total": 8399057902
        }
    },
    "7": {
        "stats": {
            "local_spike_counter": 75822,
            "num_neurons": 77169,
            "rate": 0.09357569564388364
        },
        "timers": {
            "time_network": 107421488,
            "time_create": 312435494,
            "time_connect": 1390032662,
            "time_presimulate": 345264594,
            "time_simulate": 6298810158,
            "time_total": 8453964396
        }
    },
    "25": {
        "stats": {
            "local_spike_counter": 75725,
            "num_neurons": 77169,
            "rate": 0.09345598312670582
        },
        "timers": {
            "time_network": 99964916,
            "time_create": 314401569,
            "time_connect": 1388322869,
            "time_presimulate": 345031453,
            "time_simulate": 6298835187,
            "time_total": 8446555994
        }
    },
    "17": {
        "stats": {
            "local_spike_counter": 78217,
            "num_neurons": 77169,
            "rate": 0.09653148408348035
        },
        "timers": {
            "time_network": 93325734,
            "time_create": 309509816,
            "time_connect": 1394542422,
            "time_presimulate": 343728882,
            "time_simulate": 6298822465,
            "time_total": 8439929319
        }
    },
    "12": {
        "stats": {
            "local_spike_counter": 79477,
            "num_neurons": 77169,
            "rate": 0.09808651265713039
        },
        "timers": {
            "time_network": 92743255,
            "time_create": 313675318,
            "time_connect": 1389377485,
            "time_presimulate": 344685728,
            "time_simulate": 6298820183,
            "time_total": 8439301969
        }
    },
    "1": {
        "stats": {
            "local_spike_counter": 74288,
            "num_neurons": 77169,
            "rate": 0.09168251006294781
        },
        "timers": {
            "time_network": 26960310,
            "time_create": 312694994,
            "time_connect": 1390824497,
            "time_presimulate": 344247759,
            "time_simulate": 6298811768,
            "time_total": 8373539328
        }
    },
    "30": {
        "stats": {
            "local_spike_counter": 77520,
            "num_neurons": 77169,
            "rate": 0.09567128176932631
        },
        "timers": {
            "time_network": 90692279,
            "time_create": 311048036,
            "time_connect": 1392195954,
            "time_presimulate": 344515282,
            "time_simulate": 6298822696,
            "time_total": 8437274247
        }
    },
    "21": {
        "stats": {
            "local_spike_counter": 78093,
            "num_neurons": 77169,
            "rate": 0.09637844952543859
        },
        "timers": {
            "time_network": 102627899,
            "time_create": 308507805,
            "time_connect": 1395293160,
            "time_presimulate": 343969785,
            "time_simulate": 6298819805,
            "time_total": 8449218454
        }
    },
    "9": {
        "stats": {
            "local_spike_counter": 77150,
            "num_neurons": 77169,
            "rate": 0.09521464639452432
        },
        "timers": {
            "time_network": 33729488,
            "time_create": 311678927,
            "time_connect": 1391175163,
            "time_presimulate": 344870850,
            "time_simulate": 6298825914,
            "time_total": 8380280342
        }
    },
    "vps": 512,
    "0": {
        "stats": {
            "local_spike_counter": 78787,
            "num_neurons": 77169,
            "rate": 0.09723494939060776
        },
        "timers": {
            "time_network": 98853254,
            "time_create": 317828031,
            "time_connect": 1385915012,
            "time_presimulate": 344060027,
            "time_simulate": 6298794388,
            "time_total": 8445450712
        }
    },
    "26": {
        "stats": {
            "local_spike_counter": 77679,
            "num_neurons": 77169,
            "rate": 0.095867511565525
        },