{
    "threads": 16,
    "procs": 24,
    "16": {
        "stats": {
            "local_spike_counter": 103798,
            "num_neurons": 77169,
            "rate": 0.12810226657756105
        },
        "timers": {
            "time_network": 76512243,
            "time_create": 331980690,
            "time_connect": 1604561789,
            "time_presimulate": 371615637,
            "time_simulate": 6263249179,
            "time_total": 8647919538
        }
    },
    "7": {
        "stats": {
            "local_spike_counter": 106328,
            "num_neurons": 77169,
            "rate": 0.1312246652214774
        },
        "timers": {
            "time_network": 93666422,
            "time_create": 320581482,
            "time_connect": 1616537162,
            "time_presimulate": 371064897,
            "time_simulate": 6263229543,
            "time_total": 8665079506
        }
    },
    "8": {
        "stats": {
            "local_spike_counter": 103833,
            "num_neurons": 77169,
            "rate": 0.12814546181571798
        },
        "timers": {
            "time_network": 68746681,
            "time_create": 319767638,
            "time_connect": 1617582823,
            "time_presimulate": 370816409,
            "time_simulate": 6263230150,
            "time_total": 8640143701
        }
    },
    "18": {
        "stats": {
            "local_spike_counter": 102000,
            "num_neurons": 77169,
            "rate": 0.1258832654859557
        },
        "timers": {
            "time_network": 85894327,
            "time_create": 317506790,
            "time_connect": 1619478073,
            "time_presimulate": 371171422,
            "time_simulate": 6263253649,
            "time_total": 8657304261
        }
    },
    "13": {
        "stats": {
            "local_spike_counter": 102265,
            "num_neurons": 77169,
            "rate": 0.12621031514628683
        },
        "timers": {
            "time_network": 70089704,
            "time_create": 318849009,
            "time_connect": 1618576673,
            "time_presimulate": 370762368,
            "time_simulate": 6263232520,
            "time_total": 8641510274
        }
    },
    "5": {
        "stats": {
            "local_spike_counter": 100950,
            "num_neurons": 77169,
            "rate": 0.12458740834124732
        },
        "timers": {
            "time_network": 71717086,
            "time_create": 331640610,
            "time_connect": 1605671855,
            "time_presimulate": 370862906,
            "time_simulate": 6263206523,
            "time_total": 8643098980
        }
    },
    "21": {
        "stats": {
            "local_spike_counter": 102928,
            "num_neurons": 77169,
            "rate": 0.12702855637194557
        },
        "timers": {
            "time_network": 76393462,
            "time_create": 321426704,
            "time_connect": 1615989904,
            "time_presimulate": 370777308,
            "time_simulate": 6263259289,
            "time_total": 8647846667
        }
    },
    "10": {
        "stats": {
            "local_spike_counter": 98371,
            "num_neurons": 77169,
            "rate": 0.12140453636391123
        },
        "timers": {
            "time_network": 79399999,
            "time_create": 320706148,
            "time_connect": 1616158218,
            "time_presimulate": 371321214,
            "time_simulate": 6263236350,
            "time_total": 8650821929
        }
    },
    "6": {
        "stats": {
            "local_spike_counter": 103352,
            "num_neurons": 77169,
            "rate": 0.1275518358284754
        },
        "timers": {
            "time_network": 84011571,
            "time_create": 336060123,
            "time_connect": 1601054531,
            "time_presimulate": 371078017,
            "time_simulate": 6263238733,
            "time_total": 8655442975
        }
    },
    "17": {
        "stats": {
            "local_spike_counter": 102131,
            "num_neurons": 77169,
            "rate": 0.12604493909162884
        },
        "timers": {
            "time_network": 67122180,
            "time_create": 320463593,
            "time_connect": 1619537533,
            "time_presimulate": 368169299,
            "time_simulate": 6263261249,
            "time_total": 8638553854
        }
    },
    "9": {
        "stats": {
            "local_spike_counter": 101430,
            "num_neurons": 77169,
            "rate": 0.1251798001788283
        },
        "timers": {
            "time_network": 74746112,
            "time_create": 322110992,
            "time_connect": 1615058137,
            "time_presimulate": 371007701,
            "time_simulate": 6263226910,
            "time_total": 8646149852
        }
    },
    "3": {
        "stats": {
            "local_spike_counter": 103452,
            "num_neurons": 77169,
            "rate": 0.12767525079463812
        },
        "timers": {
            "time_network": 83074896,
            "time_create": 321966999,
            "time_connect": 1615215015,
            "time_presimulate": 371000347,
            "time_simulate": 6263243343,
            "time_total": 8654500600
        }
    },
    "23": {
        "stats": {
            "local_spike_counter": 105073,
            "num_neurons": 77169,
            "rate": 0.12967580739613552
        },
        "timers": {
            "time_network": 72528630,
            "time_create": 321044019,
            "time_connect": 1621632217,
            "time_presimulate": 365480799,
            "time_simulate": 6263246499,
            "time_total": 8643932164
        }
    },
    "15": {
        "stats": {
            "local_spike_counter": 100903,
            "num_neurons": 77169,
            "rate": 0.12452940330715084
        },
        "timers": {
            "time_network": 87334850,
            "time_create": 324055222,
            "time_connect": 1615320490,
            "time_presimulate": 368805638,
            "time_simulate": 6263248110,
            "time_total": 8658764310
        }
    },
    "2": {
        "stats": {
            "local_spike_counter": 101744,
            "num_neurons": 77169,
            "rate": 0.12556732317257918
        },
        "timers": {
            "time_network": 78383622,
            "time_create": 334085083,
            "time_connect": 1608744181,
            "time_presimulate": 365366797,
            "time_simulate": 6263237334,
            "time_total": 8649817017
        }
    },
    "22": {
        "stats": {
            "local_spike_counter": 105458,
            "num_neurons": 77169,
            "rate": 0.1301509550158619
        },
        "timers": {
            "time_network": 71122794,
            "time_create": 321852448,
            "time_connect": 1614737620,
            "time_presimulate": 371580857,
            "time_simulate": 6263255859,
            "time_total": 8642549578
        }
    },
    "12": {
        "stats": {
            "local_spike_counter": 101208,
            "num_neurons": 77169,
            "rate": 0.12490581895394708
        },
        "timers": {
            "time_network": 64864711,
            "time_create": 321930730,
            "time_connect": 1614730584,
            "time_presimulate": 371516156,
            "time_simulate": 6263245910,
            "time_total": 8636288091
        }
    },
    "1": {
        "stats": {
            "local_spike_counter": 103441,
            "num_neurons": 77169,
            "rate": 0.12766167514836024
        },
        "timers": {
            "time_network": 71181504,
            "time_create": 323695508,
            "time_connect": 1613766638,
            "time_presimulate": 370739365,
            "time_simulate": 6263227273,
            "time_total": 8642610288
        }
    },
    "19": {
        "stats": {
            "local_spike_counter": 103564,
            "num_neurons": 77169,
            "rate": 0.12781347555674033
        },