{
    "threads": 64,
    "procs": 8,
    "6": {
        "stats": {
            "local_spike_counter": 309401,
            "num_neurons": 77169,
            "rate": 0.38184713945706056
        },
        "timers": {
            "time_network": 68429015,
            "time_create": 486437938,
            "time_connect": 6418746326,
            "time_presimulate": 635635721,
            "time_simulate": 11523132171,
            "time_total": 19132381171
        }
    },
    "4": {
        "stats": {
            "local_spike_counter": 307165,
            "num_neurons": 77169,
            "rate": 0.3790875808136625
        },
        "timers": {
            "time_network": 76136571,
            "time_create": 496007976,
            "time_connect": 6408056259,
            "time_presimulate": 636794747,
            "time_simulate": 11523106710,
            "time_total": 19140102263
        }
    },
    "3": {
        "stats": {
            "local_spike_counter": 309827,
            "num_neurons": 77169,
            "rate": 0.3823728872129137
        },
        "timers": {
            "time_network": 81025515,
            "time_create": 487760255,
            "time_connect": 6417443200,
            "time_presimulate": 635652723,
            "time_simulate": 11523084422,
            "time_total": 19144966115
        }
    },
    "1": {
        "stats": {
            "local_spike_counter": 306338,
            "num_neurons": 77169,
            "rate": 0.37806693904349703
        },
        "timers": {
            "time_network": 71507665,
            "time_create": 495950328,
            "time_connect": 6407127356,
            "time_presimulate": 637808652,
            "time_simulate": 11523059528,
            "time_total": 19135453529
        }
    },
    "vps": 512,
    "0": {
        "stats": {
            "local_spike_counter": 307662,
            "num_neurons": 77169,
            "rate": 0.3797009531954912
        },
        "timers": {
            "time_network": 72326769,
            "time_create": 485764835,
            "time_connect": 6419986263,
            "time_presimulate": 635066847,
            "time_simulate": 11523128018,
            "time_total": 19136272732
        }
    },
    "7": {
        "stats": {
            "local_spike_counter": 309043,
            "num_neurons": 77169,
            "rate": 0.38140531387819804
        },
        "timers": {
            "time_network": 67989004,
            "time_create": 494548112,
            "time_connect": 6407926071,
            "time_presimulate": 638711493,
            "time_simulate": 11522768720,
            "time_total": 19131943400
        }
    },
    "5": {
        "stats": {
            "local_spike_counter": 306471,
            "num_neurons": 77169,
            "rate": 0.3782310809484934
        },
        "timers": {
            "time_network": 76301093,
            "time_create": 491364493,
            "time_connect": 6413274998,
            "time_presimulate": 636557965,
            "time_simulate": 11522760436,
            "time_total": 19140258985
        }
    },
    "2": {
        "stats": {
            "local_spike_counter": 311400,
            "num_neurons": 77169,
            "rate": 0.38431420463065297
        },
        "timers": {
            "time_network": 74663777,
            "time_create": 506897109,
            "time_connect": 6398282896,
            "time_presimulate": 636008537,
            "time_simulate": 11522766598,
            "time_total": 19138618917
        }
    }
}