{
    "threads": 64,
    "procs": 6,
    "4": {
        "stats": {
            "local_spike_counter": 410434,
            "num_neurons": 77169,
            "rate": 0.5065369822202229
        },
        "timers": {
            "time_network": 77782249,
            "time_create": 553464467,
            "time_connect": 9867304426,
            "time_presimulate": 696781948,
            "time_simulate": 11134826965,
            "time_total": 22330160055
        }
    },
    "3": {
        "stats": {
            "local_spike_counter": 409579,
            "num_neurons": 77169,
            "rate": 0.5054817842595318
        },
        "timers": {
            "time_network": 90037033,
            "time_create": 533819215,
            "time_connect": 9882438397,
            "time_presimulate": 701303467,
            "time_simulate": 11134846581,
            "time_total": 22342444693
        }
    },
    "1": {
        "stats": {
            "local_spike_counter": 408765,
            "num_neurons": 77169,
            "rate": 0.5044771864349674
        },
        "timers": {
            "time_network": 93876468,
            "time_create": 523037368,
            "time_connect": 9895222576,
            "time_presimulate": 699327084,
            "time_simulate": 11134813046,
            "time_total": 22346276542
        }
    },
    "5": {
        "stats": {
            "local_spike_counter": 408495,
            "num_neurons": 77169,
            "rate": 0.5041439660263282
        },
        "timers": {
            "time_network": 78099293,
            "time_create": 536664330,
            "time_connect": 9884434477,
            "time_presimulate": 696502105,
            "time_simulate": 11134817315,
            "time_total": 22330517520
        }
    },
    "vps": 384,
    "0": {
        "stats": {
            "local_spike_counter": 417081,
            "num_neurons": 77169,
            "rate": 0.5147403750210577
        },
        "timers": {
            "time_network": 87760016,
            "time_create": 555220105,
            "time_connect": 9863478792,
            "time_presimulate": 698922462,
            "time_simulate": 11134790836,
            "time_total": 22340172211
        }
    },
    "2": {
        "stats": {
            "local_spike_counter": 408915,
            "num_neurons": 77169,
            "rate": 0.5046623088842115
        },
        "timers": {
            "time_network": 87999781,
            "time_create": 540761318,
            "time_connect": 9875468924,
            "time_presimulate": 701340817,
            "time_simulate": 11135544709,
            "time_total": 22341115549
        }
    }
}