{
    "threads": 16,
    "procs": 8,
    "7": {
        "stats": {
            "local_spike_counter": 307911,
            "num_neurons": 77169,
            "rate": 0.3800082564612363
        },
        "timers": {
            "time_network": 36694922,
            "time_create": 398188318,
            "time_connect": 4053423365,
            "time_presimulate": 395032502,
            "time_simulate": 7571654521,
            "time_total": 12454993628
        }
    },
    "5": {
        "stats": {
            "local_spike_counter": 306117,
            "num_neurons": 77169,
            "rate": 0.3777941919682774
        },
        "timers": {
            "time_network": 16145020,
            "time_create": 390798251,
            "time_connect": 4061211744,
            "time_presimulate": 394632670,
            "time_simulate": 7571657011,
            "time_total": 12434444696
        }
    },
    "6": {
        "stats": {
            "local_spike_counter": 313082,
            "num_neurons": 77169,
            "rate": 0.38639004436150953
        },
        "timers": {
            "time_network": 33125175,
            "time_create": 394952482,
            "time_connect": 4056900362,
            "time_presimulate": 394802521,
            "time_simulate": 7571652451,
            "time_total": 12451432991
        }
    },
    "2": {
        "stats": {
            "local_spike_counter": 303502,
            "num_neurons": 77169,
            "rate": 0.37456689060312276
        },
        "timers": {
            "time_network": 32062840,
            "time_create": 395726686,
            "time_connect": 4054725931,
            "time_presimulate": 396198388,
            "time_simulate": 7571648861,
            "time_total": 12450362706
        }
    },
    "3": {
        "stats": {
            "local_spike_counter": 311232,
            "num_neurons": 77169,
            "rate": 0.38410686748749956
        },
        "timers": {
            "time_network": 13076235,
            "time_create": 398195068,
            "time_connect": 4053757847,
            "time_presimulate": 394718570,
            "time_simulate": 7571609371,
            "time_total": 12431357091
        }
    },
    "vps": 128,
    "0": {
        "stats": {
            "local_spike_counter": 306485,
            "num_neurons": 77169,
            "rate": 0.3782483590437562
        },
        "timers": {
            "time_network": 11549897,
            "time_create": 404800221,
            "time_connect": 4047124624,
            "time_presimulate": 394697230,
            "time_simulate": 7571644321,
            "time_total": 12429816293
        }
    },
    "1": {
        "stats": {
            "local_spike_counter": 305549,
            "num_neurons": 77169,
            "rate": 0.3770931949604733
        },
        "timers": {
            "time_network": 12626963,
            "time_create": 404120077,
            "time_connect": 4048042888,
            "time_presimulate": 394477350,
            "time_simulate": 7571645401,
            "time_total": 12430912679
        }
    },
    "4": {
        "stats": {
            "local_spike_counter": 306837,
            "num_neurons": 77169,
            "rate": 0.37868277972464887
        },
        "timers": {
            "time_network": 16277471,
            "time_create": 398876041,
            "time_connect": 4053097734,
            "time_presimulate": 394685120,
            "time_simulate": 7571649381,
            "time_total": 12434585747
        }
    }
}