{
    "threads": 64,
    "procs": 4,
    "3": {
        "stats": {
            "local_spike_counter": 620567,
            "num_neurons": 77169,
            "rate": 0.7658725530668927
        },
        "timers": {
            "time_network": 54164953,
            "time_create": 610169035,
            "time_connect": 8401780397,
            "time_presimulate": 732812773,
            "time_simulate": 11388503284,
            "time_total": 21187430442
        }
    },
    "1": {
        "stats": {
            "local_spike_counter": 624752,
            "num_neurons": 77169,
            "rate": 0.7710374694008018
        },
        "timers": {
            "time_network": 76470098,
            "time_create": 618034027,
            "time_connect": 8397397082,
            "time_presimulate": 729339273,
            "time_simulate": 11388506295,
            "time_total": 21209746775
        }
    },
    "2": {
        "stats": {
            "local_spike_counter": 616847,
            "num_neurons": 77169,
            "rate": 0.7612815163256402
        },
        "timers": {
            "time_network": 54154533,
            "time_create": 627494208,
            "time_connect": 8387703396,
            "time_presimulate": 729676492,
            "time_simulate": 11388420473,
            "time_total": 21187449102
        }
    },
    "vps": 256,
    "0": {
        "stats": {
            "local_spike_counter": 616090,
            "num_neurons": 77169,
            "rate": 0.7603472650317886
        },
        "timers": {
            "time_network": 60979710,
            "time_create": 625949328,
            "time_connect": 8386289585,
            "time_presimulate": 732620399,
            "time_simulate": 11388410905,
            "time_total": 21194249927
        }
    }
}