{
    "threads": 8,
    "procs": 16,
    "11": {
        "stats": {
            "local_spike_counter": 155195,
            "num_neurons": 77169,
            "rate": 0.19153385673620485
        },
        "timers": {
            "time_network": 38572608,
            "time_create": 328064521,
            "time_connect": 3066722217,
            "time_presimulate": 435342122,
            "time_simulate": 7931925771,
            "time_total": 11800627239
        }
    },
    "4": {
        "stats": {
            "local_spike_counter": 155192,
            "num_neurons": 77169,
            "rate": 0.19153015428721995
        },
        "timers": {
            "time_network": 58802302,
            "time_create": 327268447,
            "time_connect": 3067699052,
            "time_presimulate": 435175390,
            "time_simulate": 7931937031,
            "time_total": 11820882222
        }
    },
    "12": {
        "stats": {
            "local_spike_counter": 156092,
            "num_neurons": 77169,
            "rate": 0.19264088898268425
        },
        "timers": {
            "time_network": 57509554,
            "time_create": 329235678,
            "time_connect": 3066742087,
            "time_presimulate": 434114485,
            "time_simulate": 7931915720,
            "time_total": 11819517524
        }
    },
    "14": {
        "stats": {
            "local_spike_counter": 155420,
            "num_neurons": 77169,
            "rate": 0.19181154041007092
        },
        "timers": {
            "time_network": 57396914,
            "time_create": 324730044,
            "time_connect": 3070351146,
            "time_presimulate": 435012389,
            "time_simulate": 7931918521,
            "time_total": 11819409014
        }
    },
    "10": {
        "stats": {
            "local_spike_counter": 152390,
            "num_neurons": 77169,
            "rate": 0.18807206693534104
        },
        "timers": {
            "time_network": 46706380,
            "time_create": 333553339,
            "time_connect": 3061366299,
            "time_presimulate": 435148220,
            "time_simulate": 7931902531,
            "time_total": 11808676769
        }
    },
    "15": {
        "stats": {
            "local_spike_counter": 149638,
            "num_neurons": 77169,
            "rate": 0.1846756870665435
        },
        "timers": {
            "time_network": 45913835,
            "time_create": 331240458,
            "time_connect": 3062827867,
            "time_presimulate": 436048865,
            "time_simulate": 7931929860,
            "time_total": 11807960885
        }
    },
    "5": {
        "stats": {
            "local_spike_counter": 153495,
            "num_neurons": 77169,
            "rate": 0.1894358023114389
        },
        "timers": {
            "time_network": 56923402,
            "time_create": 327753859,
            "time_connect": 3068022274,
            "time_presimulate": 434271085,
            "time_simulate": 7931935471,
            "time_total": 11818906091
        }
    },
    "7": {
        "stats": {
            "local_spike_counter": 154235,
            "num_neurons": 77169,
            "rate": 0.1903490730610429
        },
        "timers": {
            "time_network": 27278060,
            "time_create": 326625434,
            "time_connect": 3067510791,
            "time_presimulate": 435979004,
            "time_simulate": 7931931592,
            "time_total": 11789324881
        }
    },
    "13": {
        "stats": {
            "local_spike_counter": 152919,
            "num_neurons": 77169,
            "rate": 0.18872493210634175
        },
        "timers": {
            "time_network": 57484954,
            "time_create": 329774901,
            "time_connect": 3065812182,
            "time_presimulate": 434453516,
            "time_simulate": 7931937392,
            "time_total": 11819462945
        }
    },
    "8": {
        "stats": {
            "local_spike_counter": 155923,
            "num_neurons": 77169,
            "rate": 0.1924323176898693
        },
        "timers": {
            "time_network": 28566826,
            "time_create": 327777550,
            "time_connect": 3068140514,
            "time_presimulate": 434190686,
            "time_simulate": 7931919651,
            "time_total": 11790595227
        }
    },
    "3": {
        "stats": {
            "local_spike_counter": 155814,
            "num_neurons": 77169,
            "rate": 0.19229779537675196
        },
        "timers": {
            "time_network": 8971566,
            "time_create": 325863530,
            "time_connect": 3069538461,
            "time_presimulate": 434731638,
            "time_simulate": 7931924791,
            "time_total": 11771029986
        }
    },
    "2": {
        "stats": {
            "local_spike_counter": 159655,
            "num_neurons": 77169,
            "rate": 0.19703816422706133
        },
        "timers": {
            "time_network": 34506287,
            "time_create": 326927905,
            "time_connect": 3069069780,
            "time_presimulate": 434127044,
            "time_simulate": 7931916671,
            "time_total": 11796547687
        }
    },
    "vps": 128,
    "0": {
        "stats": {
            "local_spike_counter": 158661,
            "num_neurons": 77169,
            "rate": 0.19581141946340408
        },
        "timers": {
            "time_network": 16736265,
            "time_create": 345411841,
            "time_connect": 3049886170,
            "time_presimulate": 434768878,
            "time_simulate": 7931900731,
            "time_total": 11778703885
        }
    },
    "9": {
        "stats": {
            "local_spike_counter": 156544,
            "num_neurons": 77169,
            "rate": 0.19319872462973967
        },
        "timers": {
            "time_network": 37593692,
            "time_create": 328354953,
            "time_connect": 3066084594,
            "time_presimulate": 435632073,
            "time_simulate": 7931926280,
            "time_total": 11799591592
        }
    },
    "6": {
        "stats": {
            "local_spike_counter": 152550,
            "num_neurons": 77169,
            "rate": 0.18826953088120138
        },
        "timers": {
            "time_network": 57914557,
            "time_create": 325097426,
            "time_connect": 3070722447,
            "time_presimulate": 434245516,
            "time_simulate": 7931894400,
            "time_total": 11819874346
        }
    },
    "1": {
        "stats": {
            "local_spike_counter": 155606,
            "num_neurons": 77169,
            "rate": 0.19204109224713353
        },
        "timers": {
            "time_network": 28271125,
            "time_create": 332135072,
            "time_connect": 3061916102,
            "time_presimulate": 435995864,
            "time_simulate": 7931916161,
            "time_total": 11790234324
        }
    }
}