{
    "threads": 16,
    "procs": 32,
    "29": {
        "stats": {
            "local_spike_counter": 75937,
            "num_neurons": 77169,
            "rate": 0.09371762285497075
        },
        "timers": {
            "time_network": 60684815,
            "time_create": 312684695,
            "time_connect": 1470389115,
            "time_presimulate": 363597920,
            "time_simulate": 6266725958,
            "time_total": 8474082503
        }
    },
    "5": {
        "stats": {
            "local_spike_counter": 79086,
            "num_neurons": 77169,
            "rate": 0.09760396013943423
        },
        "timers": {
            "time_network": 57132737,
            "time_create": 313677420,
            "time_connect": 1469673946,
            "time_presimulate": 363285388,
            "time_simulate": 6266731071,
            "time_total": 8470500562
        }
    },
    "3": {
        "stats": {
            "local_spike_counter": 78598,
            "num_neurons": 77169,
            "rate": 0.09700169510456025
        },
        "timers": {
            "time_network": 56474724,
            "time_create": 310406053,
            "time_connect": 1472715922,
            "time_presimulate": 363539279,
            "time_simulate": 6266723011,
            "time_total": 8469858989
        }
    },
    "27": {
        "stats": {
            "local_spike_counter": 76578,
            "num_neurons": 77169,
            "rate": 0.09450871278807367
        },
        "timers": {
            "time_network": 61133717,
            "time_create": 318294147,
            "time_connect": 1465807757,
            "time_presimulate": 362550956,
            "time_simulate": 6266715558,
            "time_total": 8474502135
        }
    },
    "18": {
        "stats": {
            "local_spike_counter": 76286,
            "num_neurons": 77169,
            "rate": 0.09414834108687858
        },
        "timers": {
            "time_network": 79133267,
            "time_create": 309413567,
            "time_connect": 1473759854,
            "time_presimulate": 363487690,
            "time_simulate": 6266701716,
            "time_total": 8492496094
        }
    },
    "8": {
        "stats": {
            "local_spike_counter": 75388,
            "num_neurons": 77169,
            "rate": 0.09304007469073752
        },
        "timers": {
            "time_network": 47018810,
            "time_create": 315552901,
            "time_connect": 1467459071,
            "time_presimulate": 363634322,
            "time_simulate": 6266726676,
            "time_total": 8460391780
        }
    },
    "1": {
        "stats": {
            "local_spike_counter": 76561,
            "num_neurons": 77169,
            "rate": 0.09448773224382602
        },
        "timers": {
            "time_network": 54239702,
            "time_create": 314768636,
            "time_connect": 1468933372,
            "time_presimulate": 362921946,
            "time_simulate": 6266719381,
            "time_total": 8467583037
        }
    },
    "24": {
        "stats": {
            "local_spike_counter": 76686,
            "num_neurons": 77169,
            "rate": 0.09464200095152939
        },
        "timers": {
            "time_network": 54858632,
            "time_create": 308685078,
            "time_connect": 1474652693,
            "time_presimulate": 363334789,
            "time_simulate": 6266724138,
            "time_total": 8468255330
        }
    },
    "16": {
        "stats": {
            "local_spike_counter": 77035,
            "num_neurons": 77169,
            "rate": 0.09507271918343722
        },
        "timers": {
            "time_network": 67725268,
            "time_create": 315357074,
            "time_connect": 1468022509,
            "time_presimulate": 363294297,
            "time_simulate": 6266717607,
            "time_total": 8481116755
        }
    },
    "13": {
        "stats": {
            "local_spike_counter": 76199,
            "num_neurons": 77169,
            "rate": 0.09404097006631702
        },
        "timers": {
            "time_network": 47461885,
            "time_create": 312326277,
            "time_connect": 1471502004,
            "time_presimulate": 362820003,
            "time_simulate": 6266722336,
            "time_total": 8460832505
        }
    },
    "7": {
        "stats": {
            "local_spike_counter": 75376,
            "num_neurons": 77169,
            "rate": 0.093025264894798
        },
        "timers": {
            "time_network": 46605142,
            "time_create": 315305538,
            "time_connect": 1467654926,
            "time_presimulate": 363665430,
            "time_simulate": 6266765172,
            "time_total": 8459996208
        }
    },
    "30": {
        "stats": {
            "local_spike_counter": 77128,
            "num_neurons": 77169,
            "rate": 0.09518749510196853
        },
        "timers": {
            "time_network": 47371651,
            "time_create": 309205391,
            "time_connect": 1474795503,
            "time_presimulate": 362667646,
            "time_simulate": 6266730339,
            "time_total": 8460770530
        }
    },
    "21": {
        "stats": {
            "local_spike_counter": 73910,
            "num_neurons": 77169,
            "rate": 0.09121600149085278
        },
        "timers": {
            "time_network": 46989233,
            "time_create": 313046578,
            "time_connect": 1470653108,
            "time_presimulate": 362985495,
            "time_simulate": 6266719556,
            "time_total": 8460393970
        }
    },
    "10": {
        "stats": {
            "local_spike_counter": 77468,
            "num_neurons": 77169,
            "rate": 0.09560710598692172
        },
        "timers": {
            "time_network": 80258947,
            "time_create": 311373667,
            "time_connect": 1472165771,
            "time_presimulate": 363128356,
            "time_simulate": 6266710346,
            "time_total": 8493637087
        }
    },
    "vps": 512,
    "0": {
        "stats": {
            "local_spike_counter": 76075,
            "num_neurons": 77169,
            "rate": 0.09388793550827527
        },
        "timers": {
            "time_network": 44766342,
            "time_create": 327403601,
            "time_connect": 1455774104,
            "time_presimulate": 363489639,
            "time_simulate": 6266715202,
            "time_total": 8458148888
        }
    },
    "28": {
        "stats": {
            "local_spike_counter": 75910,
            "num_neurons": 77169,
            "rate": 0.09368430081410682
        },
        "timers": {
            "time_network": 49610870,
            "time_create": 313248437,
            "time_connect": 1470690686,
            "time_presimulate": 362740257,
            "time_simulate": 6266715388,
            "time_total": 8463005638
        }
    },
    "17": {
        "stats": {
            "local_spike_counter": 77116,
            "num_neurons": 77169,
            "rate": 0.09517268530602901
        },
        "timers": {
            "time_network": 46483607,
            "time_create": 313843017,
            "time_connect": 1469803759,
            "time_presimulate": 363041525,
            "time_simulate": 6266722967,
            "time_total": 8459894875
        }
    },
    "12": {
        "stats": {
            "local_spike_counter": 77252,
            "num_neurons": 77169,
            "rate": 0.09534052966001028
        },
        "timers": {
            "time_network": 41608325,
            "time_create": 313434948,
            "time_connect": 1469575454,
            "time_presimulate": 363639582,
            "time_simulate": 6266722045,
            "time_total": 8454980354
        }
    },
    "25": {
        "stats": {
            "local_spike_counter": 76739,
            "num_neurons": 77169,
            "rate": 0.09470741088359562
        },