{
    "threads": 64,
    "procs": 6,
    "4": {
        "stats": {
            "local_spike_counter": 408453,
            "num_neurons": 77169,
            "rate": 0.5040921317405398
        },
        "timers": {
            "time_network": 77666000,
            "time_create": 533855474,
            "time_connect": 10290674529,
            "time_presimulate": 705335478,
            "time_simulate": 10842178712,
            "time_total": 22449710193
        }
    },
    "vps": 384,
    "0": {
        "stats": {
            "local_spike_counter": 406912,
            "num_neurons": 77169,
            "rate": 0.5021903071119725
        },
        "timers": {
            "time_network": 84821831,
            "time_create": 598388050,
            "time_connect": 10228121936,
            "time_presimulate": 703338535,
            "time_simulate": 10842251127,
            "time_total": 22456921479
        }
    },
    "1": {
        "stats": {
            "local_spike_counter": 415598,
            "num_neurons": 77169,
            "rate": 0.5129101310728648
        },
        "timers": {
            "time_network": 85518335,
            "time_create": 536398067,
            "time_connect": 10291535376,
            "time_presimulate": 701928257,
            "time_simulate": 10842106817,
            "time_total": 22457486852
        }
    },
    "5": {
        "stats": {
            "local_spike_counter": 411199,
            "num_neurons": 77169,
            "rate": 0.5074811067113676
        },
        "timers": {
            "time_network": 79582232,
            "time_create": 539369817,
            "time_connect": 10285439389,
            "time_presimulate": 705035174,
            "time_simulate": 10842191353,
            "time_total": 22451617965
        }
    },
    "3": {
        "stats": {
            "local_spike_counter": 408713,
            "num_neurons": 77169,
            "rate": 0.5044130106525628
        },
        "timers": {
            "time_network": 78706554,
            "time_create": 536947203,
            "time_connect": 10290026458,
            "time_presimulate": 702958072,
            "time_simulate": 10842110231,
            "time_total": 22450748518
        }
    },
    "2": {
        "stats": {
            "local_spike_counter": 411217,
            "num_neurons": 77169,
            "rate": 0.5075033214052769
        },
        "timers": {
            "time_network": 76051926,
            "time_create": 532601626,
            "time_connect": 10295301674,
            "time_presimulate": 701952662,
            "time_simulate": 10842167361,
            "time_total": 22448075249
        }
    }
}