{
    "threads": 64,
    "procs": 2,
    "1": {
        "stats": {
            "local_spike_counter": 1216988,
            "num_neurons": 77169,
            "rate": 1.5019453284041395
        },
        "timers": {
            "time_network": 33952670,
            "time_create": 860837227,
            "time_connect": 13290641915,
            "time_presimulate": 792433653,
            "time_simulate": 14520109549,
            "time_total": 29497975014
        }
    },
    "vps": 128,
    "0": {
        "stats": {
            "local_spike_counter": 1228545,
            "num_neurons": 77169,
            "rate": 1.516208396043563
        },
        "timers": {
            "time_network": 33702949,
            "time_create": 882903284,
            "time_connect": 13270692619,
            "time_presimulate": 790320382,
            "time_simulate": 14520106660,
            "time_total": 29497725894
        }
    }
}