{
    "threads": 16,
    "procs": 16,
    "10": {
        "stats": {
            "local_spike_counter": 154321,
            "num_neurons": 77169,
            "rate": 0.19045520993194281
        },
        "timers": {
            "time_network": 96483253,
            "time_create": 337650801,
            "time_connect": 2027355730,
            "time_presimulate": 375697097,
            "time_simulate": 6449828233,
            "time_total": 9287015114
        }
    },
    "11": {
        "stats": {
            "local_spike_counter": 152096,
            "num_neurons": 77169,
            "rate": 0.1877092269348227
        },
        "timers": {
            "time_network": 73745416,
            "time_create": 336621461,
            "time_connect": 2028592002,
            "time_presimulate": 375491634,
            "time_simulate": 6449815264,
            "time_total": 9264265777
        }
    },
    "13": {
        "stats": {
            "local_spike_counter": 154084,
            "num_neurons": 77169,
            "rate": 0.19016271646213723
        },
        "timers": {
            "time_network": 73086030,
            "time_create": 339056645,
            "time_connect": 2026357939,
            "time_presimulate": 375266762,
            "time_simulate": 6449826174,
            "time_total": 9263593550
        }
    },
    "8": {
        "stats": {
            "local_spike_counter": 153366,
            "num_neurons": 77169,
            "rate": 0.18927659700508903
        },
        "timers": {
            "time_network": 83117704,
            "time_create": 331963862,
            "time_connect": 2033728736,
            "time_presimulate": 375001430,
            "time_simulate": 6449817643,
            "time_total": 9273629375
        }
    },
    "5": {
        "stats": {
            "local_spike_counter": 155643,
            "num_neurons": 77169,
            "rate": 0.19208675578461373
        },
        "timers": {
            "time_network": 93886956,
            "time_create": 332547755,
            "time_connect": 2032990903,
            "time_presimulate": 375235341,
            "time_simulate": 6449773459,
            "time_total": 9284434414
        }
    },
    "12": {
        "stats": {
            "local_spike_counter": 153190,
            "num_neurons": 77169,
            "rate": 0.18905938666464267
        },
        "timers": {
            "time_network": 70516443,
            "time_create": 332900652,
            "time_connect": 2032666655,
            "time_presimulate": 375149881,
            "time_simulate": 6449824593,
            "time_total": 9261058224
        }
    },
    "2": {
        "stats": {
            "local_spike_counter": 157169,
            "num_neurons": 77169,
            "rate": 0.19397006816825654
        },
        "timers": {
            "time_network": 90249556,
            "time_create": 334567266,
            "time_connect": 2031110983,
            "time_presimulate": 375082200,
            "time_simulate": 6449791839,
            "time_total": 9280801844
        }
    },
    "14": {
        "stats": {
            "local_spike_counter": 157854,
            "num_neurons": 77169,
            "rate": 0.19481546068647107
        },
        "timers": {
            "time_network": 87697321,
            "time_create": 348707246,
            "time_connect": 2016837031,
            "time_presimulate": 375167831,
            "time_simulate": 6449823863,
            "time_total": 9278233292
        }
    },
    "4": {
        "stats": {
            "local_spike_counter": 152993,
            "num_neurons": 77169,
            "rate": 0.18881625918130215
        },
        "timers": {
            "time_network": 76777685,
            "time_create": 338309476,
            "time_connect": 2027197892,
            "time_presimulate": 375240521,
            "time_simulate": 6449795350,
            "time_total": 9267320924
        }
    },
    "9": {
        "stats": {
            "local_spike_counter": 153582,
            "num_neurons": 77169,
            "rate": 0.18954317333200044
        },
        "timers": {
            "time_network": 74232582,
            "time_create": 343691833,
            "time_connect": 2021880463,
            "time_presimulate": 375130670,
            "time_simulate": 6449828144,
            "time_total": 9264763692
        }
    },
    "1": {
        "stats": {
            "local_spike_counter": 156689,
            "num_neurons": 77169,
            "rate": 0.1933776763306756
        },
        "timers": {
            "time_network": 75822710,
            "time_create": 353806198,
            "time_connect": 2011927451,
            "time_presimulate": 375002910,
            "time_simulate": 6449789340,
            "time_total": 9266348609
        }
    },
    "15": {
        "stats": {
            "local_spike_counter": 154819,
            "num_neurons": 77169,
            "rate": 0.19106981646343307
        },
        "timers": {
            "time_network": 90390700,
            "time_create": 340507860,
            "time_connect": 2024257378,
            "time_presimulate": 375942249,
            "time_simulate": 6449816143,
            "time_total": 9280914330
        }
    },
    "6": {
        "stats": {
            "local_spike_counter": 153255,
            "num_neurons": 77169,
            "rate": 0.18913960639264843
        },
        "timers": {
            "time_network": 93239352,
            "time_create": 337252751,
            "time_connect": 2027565314,
            "time_presimulate": 375926384,
            "time_simulate": 6449790930,
            "time_total": 9283774731
        }
    },
    "vps": 256,
    "0": {
        "stats": {
            "local_spike_counter": 152614,
            "num_neurons": 77169,
            "rate": 0.1883485164595455
        },
        "timers": {
            "time_network": 23008351,
            "time_create": 349927108,
            "time_connect": 2015576430,
            "time_presimulate": 375245671,
            "time_simulate": 6449780830,
            "time_total": 9213538390
        }
    },
    "7": {
        "stats": {
            "local_spike_counter": 153789,
            "num_neurons": 77169,
            "rate": 0.18979864231195723
        },
        "timers": {
            "time_network": 89769914,
            "time_create": 334145814,
            "time_connect": 2030754431,
            "time_presimulate": 375850904,
            "time_simulate": 6449771689,
            "time_total": 9280292752
        }
    },
    "3": {
        "stats": {
            "local_spike_counter": 153237,
            "num_neurons": 77169,
            "rate": 0.18911739169873912
        },
        "timers": {
            "time_network": 31370956,
            "time_create": 336374666,
            "time_connect": 2029150972,
            "time_presimulate": 375232551,
            "time_simulate": 6449789639,
            "time_total": 9221918784
        }
    }
}