{
    "threads": 32,
    "procs": 8,
    "2": {
        "stats": {
            "local_spike_counter": 310380,
            "num_neurons": 77169,
            "rate": 0.3830553719757934
        },
        "timers": {
            "time_network": 77318803,
            "time_create": 426854411,
            "time_connect": 4402181915,
            "time_presimulate": 361641879,
            "time_simulate": 6592125112,
            "time_total": 11860122120
        }
    },
    "5": {
        "stats": {
            "local_spike_counter": 307739,
            "num_neurons": 77169,
            "rate": 0.3797959827194365
        },
        "timers": {
            "time_network": 21336802,
            "time_create": 424319208,
            "time_connect": 4406117610,
            "time_presimulate": 360211439,
            "time_simulate": 6592106712,
            "time_total": 11804091771
        }
    },
    "3": {
        "stats": {
            "local_spike_counter": 311975,
            "num_neurons": 77169,
            "rate": 0.38502384068608847
        },
        "timers": {
            "time_network": 88621570,
            "time_create": 425510084,
            "time_connect": 4403101250,
            "time_presimulate": 362030771,
            "time_simulate": 6592105542,
            "time_total": 11871369217
        }
    },
    "7": {
        "stats": {
            "local_spike_counter": 311125,
            "num_neurons": 77169,
            "rate": 0.3839748134737055
        },
        "timers": {
            "time_network": 20279651,
            "time_create": 437284364,
            "time_connect": 4393919262,
            "time_presimulate": 359443671,
            "time_simulate": 6592114922,
            "time_total": 11803041870
        }
    },
    "1": {
        "stats": {
            "local_spike_counter": 310867,
            "num_neurons": 77169,
            "rate": 0.3836564028610057
        },
        "timers": {
            "time_network": 73855955,
            "time_create": 425970356,
            "time_connect": 4401529493,
            "time_presimulate": 363157406,
            "time_simulate": 6592105132,
            "time_total": 11856618342
        }
    },
    "vps": 256,
    "0": {
        "stats": {
            "local_spike_counter": 309767,
            "num_neurons": 77169,
            "rate": 0.3822988382332161
        },
        "timers": {
            "time_network": 73584024,
            "time_create": 466425292,
            "time_connect": 4362456384,
            "time_presimulate": 361767609,
            "time_simulate": 6592107272,
            "time_total": 11856340581
        }
    },
    "4": {
        "stats": {
            "local_spike_counter": 308935,
            "num_neurons": 77169,
            "rate": 0.38127202571474234
        },
        "timers": {
            "time_network": 64746645,
            "time_create": 439477066,
            "time_connect": 4391842461,
            "time_presimulate": 359390271,
            "time_simulate": 6592060520,
            "time_total": 11847516963
        }
    },
    "6": {
        "stats": {
            "local_spike_counter": 306985,
            "num_neurons": 77169,
            "rate": 0.37886543387456967
        },
        "timers": {
            "time_network": 64434542,
            "time_create": 426055686,
            "time_connect": 4405309102,
            "time_presimulate": 359399130,
            "time_simulate": 6592030061,
            "time_total": 11847228521
        }
    }
}