{
    "threads": 64,
    "procs": 6,
    "5": {
        "stats": {
            "local_spike_counter": 409991,
            "num_neurons": 77169,
            "rate": 0.5059902539201221
        },
        "timers": {
            "time_network": 81039189,
            "time_create": 550992157,
            "time_connect": 10598339182,
            "time_presimulate": 701832669,
            "time_simulate": 11144336504,
            "time_total": 23076539701
        }
    },
    "4": {
        "stats": {
            "local_spike_counter": 409190,
            "num_neurons": 77169,
            "rate": 0.5050017000411589
        },
        "timers": {
            "time_network": 79341400,
            "time_create": 533571920,
            "time_connect": 10615154832,
            "time_presimulate": 702491267,
            "time_simulate": 11144289593,
            "time_total": 23074849012
        }
    },
    "vps": 384,
    "0": {
        "stats": {
            "local_spike_counter": 414282,
            "num_neurons": 77169,
            "rate": 0.5112859901181637
        },
        "timers": {
            "time_network": 72865658,
            "time_create": 566320333,
            "time_connect": 10580870639,
            "time_presimulate": 704013428,
            "time_simulate": 11144266317,
            "time_total": 23068336375
        }
    },
    "2": {
        "stats": {
            "local_spike_counter": 404552,
            "num_neurons": 77169,
            "rate": 0.4992777139105328
        },
        "timers": {
            "time_network": 83845368,
            "time_create": 547211022,
            "time_connect": 10597528837,
            "time_presimulate": 706459260,
            "time_simulate": 11144363321,
            "time_total": 23079407808
        }
    },
    "1": {
        "stats": {
            "local_spike_counter": 415473,
            "num_neurons": 77169,
            "rate": 0.5127558623651615
        },
        "timers": {
            "time_network": 73300251,
            "time_create": 529952924,
            "time_connect": 10617447339,
            "time_presimulate": 703741097,
            "time_simulate": 11144431798,
            "time_total": 23068873409
        }
    },
    "3": {
        "stats": {
            "local_spike_counter": 411705,
            "num_neurons": 77169,
            "rate": 0.5081055864401508
        },
        "timers": {
            "time_network": 87163954,
            "time_create": 530383113,
            "time_connect": 10614033053,
            "time_presimulate": 706699352,
            "time_simulate": 11144928937,
            "time_total": 23083208409
        }
    }
}