{
    "threads": 32,
    "procs": 12,
    "6": {
        "stats": {
            "local_spike_counter": 210645,
            "num_neurons": 77169,
            "rate": 0.2599674554734229
        },
        "timers": {
            "time_network": 79873775,
            "time_create": 381200039,
            "time_connect": 3527039437,
            "time_presimulate": 346829403,
            "time_simulate": 6200454615,
            "time_total": 10535397269
        }
    },
    "3": {
        "stats": {
            "local_spike_counter": 206762,
            "num_neurons": 77169,
            "rate": 0.2551752523373252
        },
        "timers": {
            "time_network": 82378632,
            "time_create": 394721921,
            "time_connect": 3513191424,
            "time_presimulate": 347181552,
            "time_simulate": 6200463304,
            "time_total": 10537936833
        }
    },
    "11": {
        "stats": {
            "local_spike_counter": 201587,
            "num_neurons": 77169,
            "rate": 0.24878852783840535
        },
        "timers": {
            "time_network": 70967279,
            "time_create": 393465491,
            "time_connect": 3515484270,
            "time_presimulate": 346164155,
            "time_simulate": 6200452394,
            "time_total": 10526533589
        }
    },
    "4": {
        "stats": {
            "local_spike_counter": 203441,
            "num_neurons": 77169,
            "rate": 0.25107664131106183
        },
        "timers": {
            "time_network": 84729525,
            "time_create": 384308600,
            "time_connect": 3523932316,
            "time_presimulate": 346890893,
            "time_simulate": 6200454246,
            "time_total": 10540315580
        }
    },
    "2": {
        "stats": {
            "local_spike_counter": 206297,
            "num_neurons": 77169,
            "rate": 0.25460137274466865
        },
        "timers": {
            "time_network": 78871293,
            "time_create": 396188039,
            "time_connect": 3511720996,
            "time_presimulate": 347171622,
            "time_simulate": 6200547994,
            "time_total": 10534499944
        }
    },
    "8": {
        "stats": {
            "local_spike_counter": 202618,
            "num_neurons": 77169,
            "rate": 0.25006093613954283
        },
        "timers": {
            "time_network": 85078545,
            "time_create": 392299028,
            "time_connect": 3516440970,
            "time_presimulate": 346366208,
            "time_simulate": 6200446455,
            "time_total": 10540631206
        }
    },
    "5": {
        "stats": {
            "local_spike_counter": 206908,
            "num_neurons": 77169,
            "rate": 0.2553554381879227
        },
        "timers": {
            "time_network": 73696971,
            "time_create": 385810416,
            "time_connect": 3522250778,
            "time_presimulate": 347065605,
            "time_simulate": 6200451996,
            "time_total": 10529275766
        }
    },
    "vps": 384,
    "0": {
        "stats": {
            "local_spike_counter": 206436,
            "num_neurons": 77169,
            "rate": 0.25477291954763476
        },
        "timers": {
            "time_network": 78403551,
            "time_create": 429091432,
            "time_connect": 3479048314,
            "time_presimulate": 346953891,
            "time_simulate": 6200442504,
            "time_total": 10533939692
        }
    },
    "9": {
        "stats": {
            "local_spike_counter": 202817,
            "num_neurons": 77169,
            "rate": 0.25030653192220664
        },
        "timers": {
            "time_network": 70971588,
            "time_create": 392163356,
            "time_connect": 3516500141,
            "time_presimulate": 346452609,
            "time_simulate": 6200448105,
            "time_total": 10526535799
        }
    },
    "1": {
        "stats": {
            "local_spike_counter": 204679,
            "num_neurons": 77169,
            "rate": 0.2526045185921561
        },
        "timers": {
            "time_network": 76638332,
            "time_create": 406655574,
            "time_connect": 3501609443,
            "time_presimulate": 346851130,
            "time_simulate": 6200457234,
            "time_total": 10532211713
        }
    },
    "10": {
        "stats": {
            "local_spike_counter": 206993,
            "num_neurons": 77169,
            "rate": 0.25546034090916103
        },
        "timers": {
            "time_network": 86653693,
            "time_create": 401162066,
            "time_connect": 3507463381,
            "time_presimulate": 346516999,
            "time_simulate": 6200441595,
            "time_total": 10542237734
        }
    },
    "7": {
        "stats": {
            "local_spike_counter": 204086,
            "num_neurons": 77169,
            "rate": 0.2518726678428113
        },
        "timers": {
            "time_network": 73090475,
            "time_create": 385374742,
            "time_connect": 3523021045,
            "time_presimulate": 346760322,
            "time_simulate": 6200423426,
            "time_total": 10528670010
        }
    }
}