{
    "threads": 32,
    "procs": 16,
    "vps": 512,
    "0": {
        "stats": {
            "local_spike_counter": 154012,
            "num_neurons": 77169,
            "rate": 0.19007385768650006
        },
        "timers": {
            "time_network": 123270386,
            "time_create": 365482274,
            "time_connect": 2431445098,
            "time_presimulate": 458550113,
            "time_simulate": 7236040478,
            "time_total": 10614788349
        }
    },
    "13": {
        "stats": {
            "local_spike_counter": 153954,
            "num_neurons": 77169,
            "rate": 0.19000227700612568
        },
        "timers": {
            "time_network": 116604916,
            "time_create": 364763661,
            "time_connect": 2431820751,
            "time_presimulate": 458954744,
            "time_simulate": 7235917524,
            "time_total": 10608061596
        }
    },
    "12": {
        "stats": {
            "local_spike_counter": 152956,
            "num_neurons": 77169,
            "rate": 0.18877059564382195
        },
        "timers": {
            "time_network": 116585826,
            "time_create": 371120718,
            "time_connect": 2425113032,
            "time_presimulate": 459267165,
            "time_simulate": 7236023876,
            "time_total": 10608110617
        }
    },
    "8": {
        "stats": {
            "local_spike_counter": 154972,
            "num_neurons": 77169,
            "rate": 0.191258641361662
        },
        "timers": {
            "time_network": 100315428,
            "time_create": 384667812,
            "time_connect": 2411621657,
            "time_presimulate": 459216805,
            "time_simulate": 7235939112,
            "time_total": 10591760814
        }
    },
    "6": {
        "stats": {
            "local_spike_counter": 156588,
            "num_neurons": 77169,
            "rate": 0.19325302721485124
        },
        "timers": {
            "time_network": 116154739,
            "time_create": 376232632,
            "time_connect": 2420457831,
            "time_presimulate": 458762203,
            "time_simulate": 7236074575,
            "time_total": 10607681980
        }
    },
    "1": {
        "stats": {
            "local_spike_counter": 153997,
            "num_neurons": 77169,
            "rate": 0.19005534544157565
        },
        "timers": {
            "time_network": 128159252,
            "time_create": 364010957,
            "time_connect": 2432797305,
            "time_presimulate": 458657483,
            "time_simulate": 7236052699,
            "time_total": 10619677696
        }
    },
    "15": {
        "stats": {
            "local_spike_counter": 151235,
            "num_neurons": 77169,
            "rate": 0.18664662407616184
        },
        "timers": {
            "time_network": 116608386,
            "time_create": 381106619,
            "time_connect": 2414924190,
            "time_presimulate": 459451136,
            "time_simulate": 7236064176,
            "time_total": 10608154507
        }
    },
    "9": {
        "stats": {
            "local_spike_counter": 155733,
            "num_neurons": 77169,
            "rate": 0.19219782925416015
        },
        "timers": {
            "time_network": 96989420,
            "time_create": 371431070,
            "time_connect": 2424250081,
            "time_presimulate": 459773031,
            "time_simulate": 7236080764,
            "time_total": 10588524366
        }
    },
    "4": {
        "stats": {
            "local_spike_counter": 155574,
            "num_neurons": 77169,
            "rate": 0.19200159945796144
        },
        "timers": {
            "time_network": 108375926,
            "time_create": 372289940,
            "time_connect": 2423995339,
            "time_presimulate": 459205677,
            "time_simulate": 7236022315,
            "time_total": 10599889197
        }
    },
    "3": {
        "stats": {
            "local_spike_counter": 154427,
            "num_neurons": 77169,
            "rate": 0.19058602979607528
        },
        "timers": {
            "time_network": 122298271,
            "time_create": 366003917,
            "time_connect": 2431456548,
            "time_presimulate": 458027340,
            "time_simulate": 7236090199,
            "time_total": 10613876275
        }
    },
    "11": {
        "stats": {
            "local_spike_counter": 153757,
            "num_neurons": 77169,
            "rate": 0.18975914952278516
        },
        "timers": {
            "time_network": 96920949,
            "time_create": 368244634,
            "time_connect": 2428765442,
            "time_presimulate": 458439137,
            "time_simulate": 7236081443,
            "time_total": 10588451605
        }
    },
    "7": {
        "stats": {
            "local_spike_counter": 152382,
            "num_neurons": 77169,
            "rate": 0.18806219373804803
        },
        "timers": {
            "time_network": 116149049,
            "time_create": 370946865,
            "time_connect": 2425684528,
            "time_presimulate": 458854303,
            "time_simulate": 7236052405,
            "time_total": 10607687150
        }
    },
    "10": {
        "stats": {
            "local_spike_counter": 152196,
            "num_neurons": 77169,
            "rate": 0.18783264190098542
        },
        "timers": {
            "time_network": 100370989,
            "time_create": 367603737,
            "time_connect": 2427867862,
            "time_presimulate": 460078485,
            "time_simulate": 7236070934,
            "time_total": 10591992007
        }
    },
    "5": {
        "stats": {
            "local_spike_counter": 153430,
            "num_neurons": 77169,
            "rate": 0.18935558258343316
        },
        "timers": {
            "time_network": 107343845,
            "time_create": 369434049,
            "time_connect": 2427245624,
            "time_presimulate": 458803323,
            "time_simulate": 7236335358,
            "time_total": 10599162199
        }
    },
    "2": {
        "stats": {
            "local_spike_counter": 151110,
            "num_neurons": 77169,
            "rate": 0.18649235536845848
        },
        "timers": {
            "time_network": 117328645,
            "time_create": 365767886,
            "time_connect": 2431613559,
            "time_presimulate": 458082040,
            "time_simulate": 7236391370,
            "time_total": 10609183500
        }
    },
    "14": {
        "stats": {
            "local_spike_counter": 152832,
            "num_neurons": 77169,
            "rate": 0.18861756108578018
        },
        "timers": {
            "time_network": 116629916,
            "time_create": 364452670,
            "time_connect": 2431310709,
            "time_presimulate": 459712906,
            "time_simulate": 7236352957,
            "time_total": 10608459158
        }
    }
}