{
    "threads": 32,
    "procs": 16,
    "14": {
        "stats": {
            "local_spike_counter": 155169,
            "num_neurons": 77169,
            "rate": 0.1915017688450025
        },
        "timers": {
            "time_network": 21404244,
            "time_create": 367312579,
            "time_connect": 2478409014,
            "time_presimulate": 466835882,
            "time_simulate": 7092277602,
            "time_total": 10426239321
        }
    },
    "1": {
        "stats": {
            "local_spike_counter": 154323,
            "num_neurons": 77169,
            "rate": 0.19045767823126608
        },
        "timers": {
            "time_network": 136436395,
            "time_create": 373373306,
            "time_connect": 2472381443,
            "time_presimulate": 466803465,
            "time_simulate": 7092276586,
            "time_total": 10541271195
        }
    },
    "13": {
        "stats": {
            "local_spike_counter": 154439,
            "num_neurons": 77169,
            "rate": 0.1906008395920148
        },
        "timers": {
            "time_network": 157191713,
            "time_create": 381076087,
            "time_connect": 2465886512,
            "time_presimulate": 465614726,
            "time_simulate": 7092356812,
            "time_total": 10562125850
        }
    },
    "2": {
        "stats": {
            "local_spike_counter": 151399,
            "num_neurons": 77169,
            "rate": 0.18684902462066869
        },
        "timers": {
            "time_network": 141893104,
            "time_create": 367425135,
            "time_connect": 2478249613,
            "time_presimulate": 466941416,
            "time_simulate": 7092286676,
            "time_total": 10546795944
        }
    },
    "12": {
        "stats": {
            "local_spike_counter": 156187,
            "num_neurons": 77169,
            "rate": 0.19275813320053883
        },
        "timers": {
            "time_network": 20669612,
            "time_create": 369595477,
            "time_connect": 2477196801,
            "time_presimulate": 465862087,
            "time_simulate": 7092211022,
            "time_total": 10425534999
        }
    },
    "8": {
        "stats": {
            "local_spike_counter": 155467,
            "num_neurons": 77169,
            "rate": 0.19186954544416737
        },
        "timers": {
            "time_network": 126211634,
            "time_create": 364819815,
            "time_connect": 2482145343,
            "time_presimulate": 465627579,
            "time_simulate": 7092326136,
            "time_total": 10531130507
        }
    },
    "3": {
        "stats": {
            "local_spike_counter": 153143,
            "num_neurons": 77169,
            "rate": 0.1890013816305462
        },
        "timers": {
            "time_network": 130525544,
            "time_create": 373378136,
            "time_connect": 2473433138,
            "time_presimulate": 465802120,
            "time_simulate": 7092231316,
            "time_total": 10535370254
        }
    },
    "9": {
        "stats": {
            "local_spike_counter": 154159,
            "num_neurons": 77169,
            "rate": 0.19025527768675923
        },
        "timers": {
            "time_network": 123054768,
            "time_create": 370090045,
            "time_connect": 2476302687,
            "time_presimulate": 466267326,
            "time_simulate": 7092201025,
            "time_total": 10527915851
        }
    },
    "4": {
        "stats": {
            "local_spike_counter": 154806,
            "num_neurons": 77169,
            "rate": 0.19105377251783193
        },
        "timers": {
            "time_network": 125492778,
            "time_create": 365864102,
            "time_connect": 2479157727,
            "time_presimulate": 467640687,
            "time_simulate": 7092206501,
            "time_total": 10530361795
        }
    },
    "11": {
        "stats": {
            "local_spike_counter": 152097,
            "num_neurons": 77169,
            "rate": 0.18771046108448433
        },
        "timers": {
            "time_network": 122442861,
            "time_create": 368340555,
            "time_connect": 2478750815,
            "time_presimulate": 465577908,
            "time_simulate": 7092198185,
            "time_total": 10527310324
        }
    },
    "7": {
        "stats": {
            "local_spike_counter": 151707,
            "num_neurons": 77169,
            "rate": 0.1872291427164498
        },
        "timers": {
            "time_network": 121612396,
            "time_create": 374715966,
            "time_connect": 2471908071,
            "time_presimulate": 465946668,
            "time_simulate": 7092383263,
            "time_total": 10526566364
        }
    },
    "5": {
        "stats": {
            "local_spike_counter": 153723,
            "num_neurons": 77169,
            "rate": 0.18971718843428986
        },
        "timers": {
            "time_network": 120550525,
            "time_create": 372527613,
            "time_connect": 2474275275,
            "time_presimulate": 465766857,
            "time_simulate": 7092384283,
            "time_total": 10525504553
        }
    },
    "10": {
        "stats": {
            "local_spike_counter": 151175,
            "num_neurons": 77169,
            "rate": 0.18657257509646424
        },
        "timers": {
            "time_network": 126149394,
            "time_create": 369607259,
            "time_connect": 2476870373,
            "time_presimulate": 466231395,
            "time_simulate": 7092328157,
            "time_total": 10531186578
        }
    },
    "vps": 512,
    "0": {
        "stats": {
            "local_spike_counter": 156040,
            "num_neurons": 77169,
            "rate": 0.19257671320027964
        },
        "timers": {
            "time_network": 135996472,
            "time_create": 368436720,
            "time_connect": 2478502925,
            "time_presimulate": 465887191,
            "time_simulate": 7092181275,
            "time_total": 10541004583
        }
    },
    "15": {
        "stats": {
            "local_spike_counter": 154769,
            "num_neurons": 77169,
            "rate": 0.1910081089803517
        },
        "timers": {
            "time_network": 141844300,
            "time_create": 367460180,
            "time_connect": 2478925206,
            "time_presimulate": 466203109,
            "time_simulate": 7092690274,
            "time_total": 10547123069
        }
    },
    "6": {
        "stats": {
            "local_spike_counter": 155832,
            "num_neurons": 77169,
            "rate": 0.19232001007066124
        },
        "timers": {
            "time_network": 130385840,
            "time_create": 366720021,
            "time_connect": 2479685483,
            "time_presimulate": 466379103,
            "time_simulate": 7092273112,
            "time_total": 10535443559
        }
    }
}