{
    "threads": 128,
    "procs": 4,
    "vps": 512,
    "0": {
        "stats": {
            "local_spike_counter": 626081,
            "num_neurons": 77169,
            "rate": 0.772677654301104
        },
        "timers": {
            "time_network": 6143950124,
            "time_create": 758349029,
            "time_connect": 19856677410,
            "time_presimulate": 1550567444,
            "time_simulate": 24946216881,
            "time_total": 53255760888
        }
    },
    "2": {
        "stats": {
            "local_spike_counter": 620880,
            "num_neurons": 77169,
            "rate": 0.766258841910982
        },
        "timers": {
            "time_network": 6138144045,
            "time_create": 747866261,
            "time_connect": 19867027996,
            "time_presimulate": 1550687071,
            "time_simulate": 24946087411,
            "time_total": 53249812784
        }
    },
    "1": {
        "stats": {
            "local_spike_counter": 617733,
            "num_neurons": 77169,
            "rate": 0.7623749729258419
        },
        "timers": {
            "time_network": 6133952592,
            "time_create": 741669830,
            "time_connect": 19873981201,
            "time_presimulate": 1549828709,
            "time_simulate": 24946068370,
            "time_total": 53245500702
        }
    },
    "3": {
        "stats": {
            "local_spike_counter": 614532,
            "num_neurons": 77169,
            "rate": 0.7584244598589737
        },
        "timers": {
            "time_network": 71861114,
            "time_create": 769026964,
            "time_connect": 19847936276,
            "time_presimulate": 1549342700,
            "time_simulate": 24946154418,
            "time_total": 47184321472
        }
    }
}