{
    "threads": 32,
    "procs": 12,
    "3": {
        "stats": {
            "local_spike_counter": 205103,
            "num_neurons": 77169,
            "rate": 0.25312779804868596
        },
        "timers": {
            "time_network": 117692947,
            "time_create": 385978376,
            "time_connect": 3316411981,
            "time_presimulate": 348253887,
            "time_simulate": 6268340651,
            "time_total": 10436677842
        }
    },
    "10": {
        "stats": {
            "local_spike_counter": 204834,
            "num_neurons": 77169,
            "rate": 0.25279581178970834
        },
        "timers": {
            "time_network": 128509958,
            "time_create": 389671302,
            "time_connect": 3311849566,
            "time_presimulate": 349190761,
            "time_simulate": 6268259061,
            "time_total": 10447480648
        }
    },
    "6": {
        "stats": {
            "local_spike_counter": 207582,
            "num_neurons": 77169,
            "rate": 0.25618725505985934
        },
        "timers": {
            "time_network": 102683201,
            "time_create": 392464211,
            "time_connect": 3310646786,
            "time_presimulate": 347530904,
            "time_simulate": 6268334583,
            "time_total": 10421659685
        }
    },
    "2": {
        "stats": {
            "local_spike_counter": 205269,
            "num_neurons": 77169,
            "rate": 0.2533326668925161
        },
        "timers": {
            "time_network": 118938724,
            "time_create": 390441139,
            "time_connect": 3312292660,
            "time_presimulate": 347959536,
            "time_simulate": 6268268779,
            "time_total": 10437900838
        }
    },
    "11": {
        "stats": {
            "local_spike_counter": 203742,
            "num_neurons": 77169,
            "rate": 0.25144812035921155
        },
        "timers": {
            "time_network": 110491058,
            "time_create": 389706942,
            "time_connect": 3313553895,
            "time_presimulate": 347394622,
            "time_simulate": 6268333741,
            "time_total": 10429480258
        }
    },
    "4": {
        "stats": {
            "local_spike_counter": 204893,
            "num_neurons": 77169,
            "rate": 0.25286862661974435
        },
        "timers": {
            "time_network": 103143257,
            "time_create": 385977844,
            "time_connect": 3317342524,
            "time_presimulate": 347332082,
            "time_simulate": 6268333653,
            "time_total": 10422129360
        }
    },
    "9": {
        "stats": {
            "local_spike_counter": 205841,
            "num_neurons": 77169,
            "rate": 0.2540386004989667
        },
        "timers": {
            "time_network": 117198533,
            "time_create": 386610658,
            "time_connect": 3316464007,
            "time_presimulate": 347652965,
            "time_simulate": 6268256700,
            "time_total": 10436182863
        }
    },
    "7": {
        "stats": {
            "local_spike_counter": 207622,
            "num_neurons": 77169,
            "rate": 0.2562366210463244
        },
        "timers": {
            "time_network": 102812443,
            "time_create": 385075625,
            "time_connect": 3318282894,
            "time_presimulate": 347289482,
            "time_simulate": 6268328392,
            "time_total": 10421788836
        }
    },
    "1": {
        "stats": {
            "local_spike_counter": 207466,
            "num_neurons": 77169,
            "rate": 0.25604409369911063
        },
        "timers": {
            "time_network": 109029283,
            "time_create": 390993271,
            "time_connect": 3312299400,
            "time_presimulate": 347378012,
            "time_simulate": 6268367551,
            "time_total": 10428067517
        }
    },
    "8": {
        "stats": {
            "local_spike_counter": 204792,
            "num_neurons": 77169,
            "rate": 0.25274397750391997
        },
        "timers": {
            "time_network": 114778096,
            "time_create": 390844185,
            "time_connect": 3312097918,
            "time_presimulate": 347812927,
            "time_simulate": 6268242310,
            "time_total": 10433775436
        }
    },
    "5": {
        "stats": {
            "local_spike_counter": 206793,
            "num_neurons": 77169,
            "rate": 0.2552135109768356
        },
        "timers": {
            "time_network": 102633811,
            "time_create": 398399920,
            "time_connect": 3304327562,
            "time_presimulate": 347922019,
            "time_simulate": 6268338092,
            "time_total": 10421621404
        }
    },
    "vps": 384,
    "0": {
        "stats": {
            "local_spike_counter": 203735,
            "num_neurons": 77169,
            "rate": 0.2514394813115802
        },
        "timers": {
            "time_network": 107388063,
            "time_create": 400877254,
            "time_connect": 3302096476,
            "time_presimulate": 348072846,
            "time_simulate": 6267915108,
            "time_total": 10426349747
        }
    }
}