{
    "threads": 8,
    "procs": 16,
    "15": {
        "stats": {
            "local_spike_counter": 155264,
            "num_neurons": 77169,
            "rate": 0.19161901306285709
        },
        "timers": {
            "time_network": 55698765,
            "time_create": 349307571,
            "time_connect": 3043543038,
            "time_presimulate": 425867405,
            "time_simulate": 7875619660,
            "time_total": 11750036439
        }
    },
    "12": {
        "stats": {
            "local_spike_counter": 150216,
            "num_neurons": 77169,
            "rate": 0.18538902557096393
        },
        "timers": {
            "time_network": 66614432,
            "time_create": 350870688,
            "time_connect": 3041161216,
            "time_presimulate": 426678328,
            "time_simulate": 7875637362,
            "time_total": 11760962026
        }
    },
    "14": {
        "stats": {
            "local_spike_counter": 151529,
            "num_neurons": 77169,
            "rate": 0.18700946407668018
        },
        "timers": {
            "time_network": 66266560,
            "time_create": 343194359,
            "time_connect": 3049697799,
            "time_presimulate": 425824255,
            "time_simulate": 7875604001,
            "time_total": 11760586974
        }
    },
    "10": {
        "stats": {
            "local_spike_counter": 154171,
            "num_neurons": 77169,
            "rate": 0.19027008748269877
        },
        "timers": {
            "time_network": 46366187,
            "time_create": 344465506,
            "time_connect": 3045551549,
            "time_presimulate": 428732929,
            "time_simulate": 7875606170,
            "time_total": 11740722341
        }
    },
    "5": {
        "stats": {
            "local_spike_counter": 155049,
            "num_neurons": 77169,
            "rate": 0.1913536708856073
        },
        "timers": {
            "time_network": 32844349,
            "time_create": 343203018,
            "time_connect": 3048760276,
            "time_presimulate": 426741349,
            "time_simulate": 7875616930,
            "time_total": 11727165922
        }
    },
    "4": {
        "stats": {
            "local_spike_counter": 151332,
            "num_neurons": 77169,
            "rate": 0.1867663365933397
        },
        "timers": {
            "time_network": 56160527,
            "time_create": 352823909,
            "time_connect": 3039528158,
            "time_presimulate": 426342687,
            "time_simulate": 7875623680,
            "time_total": 11750478961
        }
    },
    "13": {
        "stats": {
            "local_spike_counter": 151907,
            "num_neurons": 77169,
            "rate": 0.1874759726487752
        },
        "timers": {
            "time_network": 66587981,
            "time_create": 349926054,
            "time_connect": 3043346037,
            "time_presimulate": 425445243,
            "time_simulate": 7875598940,
            "time_total": 11760904255
        }
    },
    "11": {
        "stats": {
            "local_spike_counter": 155874,
            "num_neurons": 77169,
            "rate": 0.19237184435644958
        },
        "timers": {
            "time_network": 26871047,
            "time_create": 369168463,
            "time_connect": 3023764477,
            "time_presimulate": 425772444,
            "time_simulate": 7875597760,
            "time_total": 11721174191
        }
    },
    "8": {
        "stats": {
            "local_spike_counter": 152299,
            "num_neurons": 77169,
            "rate": 0.18795975931613298
        },
        "timers": {
            "time_network": 7872460,
            "time_create": 346414066,
            "time_connect": 3046711285,
            "time_presimulate": 425580663,
            "time_simulate": 7875610411,
            "time_total": 11702188885
        }
    },
    "7": {
        "stats": {
            "local_spike_counter": 151440,
            "num_neurons": 77169,
            "rate": 0.1868996247567954
        },
        "timers": {
            "time_network": 66722271,
            "time_create": 350895819,
            "time_connect": 3039849890,
            "time_presimulate": 427964085,
            "time_simulate": 7875642531,
            "time_total": 11761074596
        }
    },
    "2": {
        "stats": {
            "local_spike_counter": 156386,
            "num_neurons": 77169,
            "rate": 0.1930037289832026
        },
        "timers": {
            "time_network": 25901152,
            "time_create": 348056884,
            "time_connect": 3044971206,
            "time_presimulate": 425728743,
            "time_simulate": 7875601911,
            "time_total": 11720259896
        }
    },
    "9": {
        "stats": {
            "local_spike_counter": 157372,
            "num_neurons": 77169,
            "rate": 0.19422060054956686
        },
        "timers": {
            "time_network": 28801787,
            "time_create": 360553768,
            "time_connect": 3032124300,
            "time_presimulate": 426089725,
            "time_simulate": 7875601751,
            "time_total": 11723171331
        }
    },
    "vps": 128,
    "0": {
        "stats": {
            "local_spike_counter": 157694,
            "num_neurons": 77169,
            "rate": 0.1946179967406107
        },
        "timers": {
            "time_network": 21826531,
            "time_create": 350239895,
            "time_connect": 3039662729,
            "time_presimulate": 428857280,
            "time_simulate": 7875601231,
            "time_total": 11716187666
        }
    },
    "3": {
        "stats": {
            "local_spike_counter": 152688,
            "num_neurons": 77169,
            "rate": 0.1884398435345059
        },
        "timers": {
            "time_network": 27814042,
            "time_create": 368755000,
            "time_connect": 3024311380,
            "time_presimulate": 425698824,
            "time_simulate": 7875600990,
            "time_total": 11722180236
        }
    },
    "1": {
        "stats": {
            "local_spike_counter": 157369,
            "num_neurons": 77169,
            "rate": 0.19421689810058196
        },
        "timers": {
            "time_network": 21903332,
            "time_create": 355985885,
            "time_connect": 3037251876,
            "time_presimulate": 425547563,
            "time_simulate": 7875598730,
            "time_total": 11716287386
        }
    },
    "6": {
        "stats": {
            "local_spike_counter": 152302,
            "num_neurons": 77169,
            "rate": 0.18796346176511788
        },
        "timers": {
            "time_network": 35455262,
            "time_create": 353681302,
            "time_connect": 3038768274,
            "time_presimulate": 426245117,
            "time_simulate": 7875632201,
            "time_total": 11729782156
        }
    }
}