{
    "threads": 128,
    "procs": 2,
    "vps": 256,
    "0": {
        "stats": {
            "local_spike_counter": 1238700,
            "num_neurons": 77169,
            "rate": 1.5287411858573854
        },
        "timers": {
            "time_network": 89654029,
            "time_create": 1000104388,
            "time_connect": 24679495194,
            "time_presimulate": 1441233986,
            "time_simulate": 26392666295,
            "time_total": 53603153892
        }
    },
    "1": {
        "stats": {
            "local_spike_counter": 1240177,
            "num_neurons": 77169,
            "rate": 1.5305640249076087
        },
        "timers": {
            "time_network": 81785197,
            "time_create": 1022753322,
            "time_connect": 24659088882,
            "time_presimulate": 1438979861,
            "time_simulate": 26392664763,
            "time_total": 53595272025
        }
    }
}