{
    "threads": 8,
    "procs": 32,
    "21": {
        "stats": {
            "local_spike_counter": 78064,
            "num_neurons": 77169,
            "rate": 0.09634265918525141
        },
        "timers": {
            "time_network": 103338795,
            "time_create": 294421826,
            "time_connect": 1508961382,
            "time_presimulate": 316214065,
            "time_simulate": 6303935712,
            "time_total": 8526871780
        }
    },
    "20": {
        "stats": {
            "local_spike_counter": 76226,
            "num_neurons": 77169,
            "rate": 0.09407429210718096
        },
        "timers": {
            "time_network": 83532816,
            "time_create": 296080403,
            "time_connect": 1507572478,
            "time_presimulate": 315900422,
            "time_simulate": 6303968292,
            "time_total": 8507054411
        }
    },
    "14": {
        "stats": {
            "local_spike_counter": 79467,
            "num_neurons": 77169,
            "rate": 0.09807417116051412
        },
        "timers": {
            "time_network": 93882851,
            "time_create": 302208712,
            "time_connect": 1496229600,
            "time_presimulate": 321176371,
            "time_simulate": 6303971183,
            "time_total": 8517468717
        }
    },
    "16": {
        "stats": {
            "local_spike_counter": 77190,
            "num_neurons": 77169,
            "rate": 0.0952640123809894
        },
        "timers": {
            "time_network": 46616957,
            "time_create": 299491058,
            "time_connect": 1497837760,
            "time_presimulate": 322273656,
            "time_simulate": 6303969592,
            "time_total": 8470189023
        }
    },
    "11": {
        "stats": {
            "local_spike_counter": 76799,
            "num_neurons": 77169,
            "rate": 0.09478145986329324
        },
        "timers": {
            "time_network": 52937277,
            "time_create": 296942694,
            "time_connect": 1501981221,
            "time_presimulate": 320757049,
            "time_simulate": 6303957822,
            "time_total": 8476576063
        }
    },
    "17": {
        "stats": {
            "local_spike_counter": 79390,
            "num_neurons": 77169,
            "rate": 0.09797914163656885
        },
        "timers": {
            "time_network": 72491436,
            "time_create": 295076893,
            "time_connect": 1502456607,
            "time_presimulate": 322027453,
            "time_simulate": 6303963882,
            "time_total": 8496016271
        }
    },
    "15": {
        "stats": {
            "local_spike_counter": 77779,
            "num_neurons": 77169,
            "rate": 0.09599092653168771
        },
        "timers": {
            "time_network": 93514679,
            "time_create": 295939659,
            "time_connect": 1501470868,
            "time_presimulate": 322193906,
            "time_simulate": 6303977063,
            "time_total": 8517096175
        }
    },
    "27": {
        "stats": {
            "local_spike_counter": 75297,
            "num_neurons": 77169,
            "rate": 0.09292776707152946
        },
        "timers": {
            "time_network": 53557596,
            "time_create": 297591969,
            "time_connect": 1499736590,
            "time_presimulate": 322260095,
            "time_simulate": 6303970662,
            "time_total": 8477116912
        }
    },
    "vps": 256,
    "0": {
        "stats": {
            "local_spike_counter": 75424,
            "num_neurons": 77169,
            "rate": 0.09308450407855609
        },
        "timers": {
            "time_network": 56843278,
            "time_create": 309437210,
            "time_connect": 1489322144,
            "time_presimulate": 320918059,
            "time_simulate": 6303949513,
            "time_total": 8480470204
        }
    },
    "22": {
        "stats": {
            "local_spike_counter": 75544,
            "num_neurons": 77169,
            "rate": 0.09323260203795133
        },
        "timers": {
            "time_network": 93998231,
            "time_create": 296341775,
            "time_connect": 1506396177,
            "time_presimulate": 316868261,
            "time_simulate": 6303940712,
            "time_total": 8517545156
        }
    },
    "26": {
        "stats": {
            "local_spike_counter": 77929,
            "num_neurons": 77169,
            "rate": 0.09617604898093177
        },
        "timers": {
            "time_network": 58126841,
            "time_create": 295458468,
            "time_connect": 1501589388,
            "time_presimulate": 322519218,
            "time_simulate": 6303980692,
            "time_total": 8481674607
        }
    },
    "1": {
        "stats": {
            "local_spike_counter": 77299,
            "num_neurons": 77169,
            "rate": 0.09539853469410675
        },
        "timers": {
            "time_network": 51524790,
            "time_create": 313042428,
            "time_connect": 1490446401,
            "time_presimulate": 316156674,
            "time_simulate": 6303954903,
            "time_total": 8475125196
        }
    },
    "23": {
        "stats": {
            "local_spike_counter": 77974,
            "num_neurons": 77169,
            "rate": 0.09623158571570499
        },
        "timers": {
            "time_network": 53963080,
            "time_create": 298125814,
            "time_connect": 1499858771,
            "time_presimulate": 321597649,
            "time_simulate": 6303970432,
            "time_total": 8477515746
        }
    },
    "3": {
        "stats": {
            "local_spike_counter": 76308,
            "num_neurons": 77169,
            "rate": 0.09417549237943439
        },
        "timers": {
            "time_network": 57577071,
            "time_create": 302033601,
            "time_connect": 1496607533,
            "time_presimulate": 320995829,
            "time_simulate": 6303969173,
            "time_total": 8481183207
        }
    },
    "18": {
        "stats": {
            "local_spike_counter": 78468,
            "num_neurons": 77169,
            "rate": 0.09684125564854873
        },
        "timers": {
            "time_network": 39168082,
            "time_create": 297385627,
            "time_connect": 1501128773,
            "time_presimulate": 321063994,
            "time_simulate": 6303972022,
            "time_total": 8462718498
        }
    },
    "9": {
        "stats": {
            "local_spike_counter": 76729,
            "num_neurons": 77169,
            "rate": 0.09469506938697936
        },
        "timers": {
            "time_network": 62455457,
            "time_create": 302390043,
            "time_connect": 1496124030,
            "time_presimulate": 321108070,
            "time_simulate": 6303981653,
            "time_total": 8486059253
        }
    },
    "29": {
        "stats": {
            "local_spike_counter": 77078,
            "num_neurons": 77169,
            "rate": 0.09512578761888718
        },
        "timers": {
            "time_network": 92887070,
            "time_create": 299397626,
            "time_connect": 1498693080,
            "time_presimulate": 321534798,
            "time_simulate": 6303974062,
            "time_total": 8516486636
        }
    },
    "8": {
        "stats": {
            "local_spike_counter": 78683,
            "num_neurons": 77169,
            "rate": 0.09710659782579856
        },
        "timers": {
            "time_network": 55025628,
            "time_create": 299728569,
            "time_connect": 1498844914,
            "time_presimulate": 321032730,
            "time_simulate": 6303958103,
            "time_total": 8478589944
        }
    },
    "30": {
        "stats": {
            "local_spike_counter": 78387,
            "num_neurons": 77169,
            "rate": 0.09674128952595695
        },