{
    "threads": 64,
    "procs": 2,
    "vps": 128,
    "0": {
        "stats": {
            "local_spike_counter": 1223131,
            "num_neurons": 77169,
            "rate": 1.5095267097755143
        },
        "timers": {
            "time_network": 34284881,
            "time_create": 898937928,
            "time_connect": 13665356971,
            "time_presimulate": 808218528,
            "time_simulate": 15250473961,
            "time_total": 30657272269
        }
    },
    "1": {
        "stats": {
            "local_spike_counter": 1236361,
            "num_neurons": 77169,
            "rate": 1.5258545097988396
        },
        "timers": {
            "time_network": 34351022,
            "time_create": 839272762,
            "time_connect": 13726604495,
            "time_presimulate": 806640870,
            "time_simulate": 15250480681,
            "time_total": 30657349830
        }
    }
}