{
    "threads": 16,
    "procs": 16,
    "10": {
        "stats": {
            "local_spike_counter": 153514,
            "num_neurons": 77169,
            "rate": 0.18945925115500983
        },
        "timers": {
            "time_network": 42345260,
            "time_create": 339712222,
            "time_connect": 2198597041,
            "time_presimulate": 358663909,
            "time_simulate": 6483432803,
            "time_total": 9422751235
        }
    },
    "5": {
        "stats": {
            "local_spike_counter": 154773,
            "num_neurons": 77169,
            "rate": 0.19101304557899823
        },
        "timers": {
            "time_network": 45142758,
            "time_create": 338980220,
            "time_connect": 2199911343,
            "time_presimulate": 358076690,
            "time_simulate": 6483412247,
            "time_total": 9425523258
        }
    },
    "7": {
        "stats": {
            "local_spike_counter": 153826,
            "num_neurons": 77169,
            "rate": 0.18984430584943746
        },
        "timers": {
            "time_network": 52208576,
            "time_create": 339494812,
            "time_connect": 2198640367,
            "time_presimulate": 358822995,
            "time_simulate": 6483403157,
            "time_total": 9432569907
        }
    },
    "8": {
        "stats": {
            "local_spike_counter": 155849,
            "num_neurons": 77169,
            "rate": 0.19234099061490892
        },
        "timers": {
            "time_network": 31922972,
            "time_create": 335131714,
            "time_connect": 2203782905,
            "time_presimulate": 358062203,
            "time_simulate": 6483434942,
            "time_total": 9412334736
        }
    },
    "13": {
        "stats": {
            "local_spike_counter": 153770,
            "num_neurons": 77169,
            "rate": 0.1897751934683863
        },
        "timers": {
            "time_network": 29032882,
            "time_create": 338019925,
            "time_connect": 2200617121,
            "time_presimulate": 358312366,
            "time_simulate": 6483442183,
            "time_total": 9409424477
        }
    },
    "11": {
        "stats": {
            "local_spike_counter": 153130,
            "num_neurons": 77169,
            "rate": 0.18898533768494502
        },
        "timers": {
            "time_network": 55782720,
            "time_create": 339557001,
            "time_connect": 2198705331,
            "time_presimulate": 358703970,
            "time_simulate": 6483450453,
            "time_total": 9436199475
        }
    },
    "9": {
        "stats": {
            "local_spike_counter": 154472,
            "num_neurons": 77169,
            "rate": 0.19064156653084852
        },
        "timers": {
            "time_network": 44519373,
            "time_create": 335461648,
            "time_connect": 2202617343,
            "time_presimulate": 358875411,
            "time_simulate": 6483430673,
            "time_total": 9424904448
        }
    },
    "14": {
        "stats": {
            "local_spike_counter": 157680,
            "num_neurons": 77169,
            "rate": 0.19460071864534798
        },
        "timers": {
            "time_network": 54149343,
            "time_create": 339970795,
            "time_connect": 2200776263,
            "time_presimulate": 356217274,
            "time_simulate": 6483445893,
            "time_total": 9434559568
        }
    },
    "15": {
        "stats": {
            "local_spike_counter": 155321,
            "num_neurons": 77169,
            "rate": 0.19168935959356984
        },
        "timers": {
            "time_network": 59082944,
            "time_create": 337000044,
            "time_connect": 2201335359,
            "time_presimulate": 358617099,
            "time_simulate": 6483436153,
            "time_total": 9439471599
        }
    },
    "12": {
        "stats": {
            "local_spike_counter": 157717,
            "num_neurons": 77169,
            "rate": 0.19464638218282815
        },
        "timers": {
            "time_network": 27179002,
            "time_create": 335038694,
            "time_connect": 2203863335,
            "time_presimulate": 358058313,
            "time_simulate": 6483451243,
            "time_total": 9407590587
        }
    },
    "2": {
        "stats": {
            "local_spike_counter": 154691,
            "num_neurons": 77169,
            "rate": 0.19091184530674482
        },
        "timers": {
            "time_network": 61332964,
            "time_create": 344795950,
            "time_connect": 2193383460,
            "time_presimulate": 358801914,
            "time_simulate": 6483397016,
            "time_total": 9441711304
        }
    },
    "vps": 256,
    "0": {
        "stats": {
            "local_spike_counter": 151685,
            "num_neurons": 77169,
            "rate": 0.18720199142389402
        },
        "timers": {
            "time_network": 33130185,
            "time_create": 363808890,
            "time_connect": 2174776572,
            "time_presimulate": 358428682,
            "time_simulate": 6483411937,
            "time_total": 9413556266
        }
    },
    "6": {
        "stats": {
            "local_spike_counter": 158163,
            "num_neurons": 77169,
            "rate": 0.19519681293191382
        },
        "timers": {
            "time_network": 55091061,
            "time_create": 338619408,
            "time_connect": 2199700892,
            "time_presimulate": 358668264,
            "time_simulate": 6483401597,
            "time_total": 9435481222
        }
    },
    "1": {
        "stats": {
            "local_spike_counter": 155745,
            "num_neurons": 77169,
            "rate": 0.1922126390500997
        },
        "timers": {
            "time_network": 33758108,
            "time_create": 361890850,
            "time_connect": 2176012118,
            "time_presimulate": 359106546,
            "time_simulate": 6483408987,
            "time_total": 9414176609
        }
    },
    "4": {
        "stats": {
            "local_spike_counter": 156621,
            "num_neurons": 77169,
            "rate": 0.19329375415368497
        },
        "timers": {
            "time_network": 44043032,
            "time_create": 343372243,
            "time_connect": 2195488610,
            "time_presimulate": 358141301,
            "time_simulate": 6483408896,
            "time_total": 9424454082
        }
    },
    "3": {
        "stats": {
            "local_spike_counter": 153504,
            "num_neurons": 77169,
            "rate": 0.18944690965839356
        },
        "timers": {
            "time_network": 51699273,
            "time_create": 338562197,
            "time_connect": 2200150135,
            "time_presimulate": 358279112,
            "time_simulate": 6483419286,
            "time_total": 9432110003
        }
    }
}