{
    "threads": 16,
    "procs": 8,
    "2": {
        "stats": {
            "local_spike_counter": 312045,
            "num_neurons": 77169,
            "rate": 0.38511023116240234
        },
        "timers": {
            "time_network": 31943577,
            "time_create": 453107555,
            "time_connect": 4304716085,
            "time_presimulate": 383216760,
            "time_simulate": 7488329190,
            "time_total": 12661313167
        }
    },
    "7": {
        "stats": {
            "local_spike_counter": 303873,
            "num_neurons": 77169,
            "rate": 0.3750247601275864
        },
        "timers": {
            "time_network": 31886566,
            "time_create": 446247939,
            "time_connect": 4311191300,
            "time_presimulate": 383629752,
            "time_simulate": 7488341720,
            "time_total": 12661297277
        }
    },
    "5": {
        "stats": {
            "local_spike_counter": 306414,
            "num_neurons": 77169,
            "rate": 0.3781607344177806
        },
        "timers": {
            "time_network": 17962424,
            "time_create": 463440168,
            "time_connect": 4293864999,
            "time_presimulate": 383739603,
            "time_simulate": 7488344700,
            "time_total": 12647351894
        }
    },
    "3": {
        "stats": {
            "local_spike_counter": 311009,
            "num_neurons": 77169,
            "rate": 0.3838316521129567
        },
        "timers": {
            "time_network": 31008682,
            "time_create": 452637102,
            "time_connect": 4305383329,
            "time_presimulate": 383014889,
            "time_simulate": 7488344370,
            "time_total": 12660388372
        }
    },
    "6": {
        "stats": {
            "local_spike_counter": 307970,
            "num_neurons": 77169,
            "rate": 0.38008107129127233
        },
        "timers": {
            "time_network": 32023787,
            "time_create": 448440440,
            "time_connect": 4308694386,
            "time_presimulate": 383902034,
            "time_simulate": 7488338250,
            "time_total": 12661398897
        }
    },
    "vps": 128,
    "0": {
        "stats": {
            "local_spike_counter": 314584,
            "num_neurons": 77169,
            "rate": 0.38824373715327337
        },
        "timers": {
            "time_network": 11463689,
            "time_create": 469432361,
            "time_connect": 4287983368,
            "time_presimulate": 383640562,
            "time_simulate": 7488343560,
            "time_total": 12640863540
        }
    },
    "1": {
        "stats": {
            "local_spike_counter": 312150,
            "num_neurons": 77169,
            "rate": 0.38523981687687314
        },
        "timers": {
            "time_network": 20263666,
            "time_create": 466477144,
            "time_connect": 4290308000,
            "time_presimulate": 384275326,
            "time_simulate": 7488331200,
            "time_total": 12649655336
        }
    },
    "4": {
        "stats": {
            "local_spike_counter": 311284,
            "num_neurons": 77169,
            "rate": 0.38417104326990426
        },
        "timers": {
            "time_network": 15756972,
            "time_create": 465280798,
            "time_connect": 4292258630,
            "time_presimulate": 383513902,
            "time_simulate": 7488332480,
            "time_total": 12645142782
        }
    }
}