{
    "threads": 16,
    "procs": 32,
    "24": {
        "stats": {
            "local_spike_counter": 77798,
            "num_neurons": 77169,
            "rate": 0.09601437537525863
        },
        "timers": {
            "time_network": 61543509,
            "time_create": 308674578,
            "time_connect": 1418675066,
            "time_presimulate": 334012850,
            "time_simulate": 6312863096,
            "time_total": 8435769099
        }
    },
    "3": {
        "stats": {
            "local_spike_counter": 77920,
            "num_neurons": 77169,
            "rate": 0.09616494163397711
        },
        "timers": {
            "time_network": 71839943,
            "time_create": 314075772,
            "time_connect": 1413628345,
            "time_presimulate": 333575633,
            "time_simulate": 6312866321,
            "time_total": 8445986014
        }
    },
    "16": {
        "stats": {
            "local_spike_counter": 77273,
            "num_neurons": 77169,
            "rate": 0.09536644680290444
        },
        "timers": {
            "time_network": 60569604,
            "time_create": 323163310,
            "time_connect": 1403758235,
            "time_presimulate": 334424768,
            "time_simulate": 6312854993,
            "time_total": 8434770910
        }
    },
    "1": {
        "stats": {
            "local_spike_counter": 79217,
            "num_neurons": 77169,
            "rate": 0.09776563374510736
        },
        "timers": {
            "time_network": 55467448,
            "time_create": 308341162,
            "time_connect": 1419149924,
            "time_presimulate": 333848814,
            "time_simulate": 6312860152,
            "time_total": 8429667500
        }
    },
    "29": {
        "stats": {
            "local_spike_counter": 77880,
            "num_neurons": 77169,
            "rate": 0.09611557564751205
        },
        "timers": {
            "time_network": 21765598,
            "time_create": 311576300,
            "time_connect": 1415922585,
            "time_presimulate": 333892160,
            "time_simulate": 6312844094,
            "time_total": 8396000737
        }
    },
    "18": {
        "stats": {
            "local_spike_counter": 77744,
            "num_neurons": 77169,
            "rate": 0.09594773129353076
        },
        "timers": {
            "time_network": 73047516,
            "time_create": 324205082,
            "time_connect": 1403551242,
            "time_presimulate": 333562088,
            "time_simulate": 6312851483,
            "time_total": 8447217411
        }
    },
    "8": {
        "stats": {
            "local_spike_counter": 75393,
            "num_neurons": 77169,
            "rate": 0.09304624543904565
        },
        "timers": {
            "time_network": 55201966,
            "time_create": 310744228,
            "time_connect": 1416449451,
            "time_presimulate": 334118416,
            "time_simulate": 6312850952,
            "time_total": 8429365013
        }
    },
    "vps": 512,
    "0": {
        "stats": {
            "local_spike_counter": 78625,
            "num_neurons": 77169,
            "rate": 0.09703501714542417
        },
        "timers": {
            "time_network": 51804909,
            "time_create": 316386114,
            "time_connect": 1411407063,
            "time_presimulate": 333544924,
            "time_simulate": 6312852701,
            "time_total": 8425995711
        }
    },
    "27": {
        "stats": {
            "local_spike_counter": 76296,
            "num_neurons": 77169,
            "rate": 0.09416068258349485
        },
        "timers": {
            "time_network": 62303332,
            "time_create": 306212758,
            "time_connect": 1421289477,
            "time_presimulate": 333815460,
            "time_simulate": 6312860925,
            "time_total": 8436481952
        }
    },
    "21": {
        "stats": {
            "local_spike_counter": 75696,
            "num_neurons": 77169,
            "rate": 0.09342019278651864
        },
        "timers": {
            "time_network": 45371303,
            "time_create": 311949613,
            "time_connect": 1415515919,
            "time_presimulate": 333899501,
            "time_simulate": 6312853303,
            "time_total": 8419589639
        }
    },
    "13": {
        "stats": {
            "local_spike_counter": 76920,
            "num_neurons": 77169,
            "rate": 0.09493079197235012
        },
        "timers": {
            "time_network": 49240163,
            "time_create": 315101624,
            "time_connect": 1412007174,
            "time_presimulate": 334251637,
            "time_simulate": 6312802792,
            "time_total": 8423403390
        }
    },
    "30": {
        "stats": {
            "local_spike_counter": 77962,
            "num_neurons": 77169,
            "rate": 0.09621677591976546
        },
        "timers": {
            "time_network": 55037553,
            "time_create": 310884617,
            "time_connect": 1416042726,
            "time_presimulate": 334416022,
            "time_simulate": 6312877585,
            "time_total": 8429258503
        }
    },
    "17": {
        "stats": {
            "local_spike_counter": 78322,
            "num_neurons": 77169,
            "rate": 0.0966610697979512
        },
        "timers": {
            "time_network": 57116374,
            "time_create": 311088114,
            "time_connect": 1416105925,
            "time_presimulate": 334128514,
            "time_simulate": 6312860844,
            "time_total": 8431299771
        }
    },
    "10": {
        "stats": {
            "local_spike_counter": 77382,
            "num_neurons": 77169,
            "rate": 0.09550096911602178
        },
        "timers": {
            "time_network": 69367367,
            "time_create": 309270842,
            "time_connect": 1418237760,
            "time_presimulate": 333833013,
            "time_simulate": 6312852713,
            "time_total": 8443561695
        }
    },
    "7": {
        "stats": {
            "local_spike_counter": 78808,
            "num_neurons": 77169,
            "rate": 0.09726086653350191
        },
        "timers": {
            "time_network": 58590834,
            "time_create": 314148803,
            "time_connect": 1413600765,
            "time_presimulate": 333548173,
            "time_simulate": 6312867691,
            "time_total": 8432756266
        }
    },
    "28": {
        "stats": {
            "local_spike_counter": 75061,
            "num_neurons": 77169,
            "rate": 0.09263650775138549
        },
        "timers": {
            "time_network": 58248186,
            "time_create": 309194880,
            "time_connect": 1418014244,
            "time_presimulate": 334141781,
            "time_simulate": 6312880075,
            "time_total": 8432479166
        }
    },
    "22": {
        "stats": {
            "local_spike_counter": 78085,
            "num_neurons": 77169,
            "rate": 0.09636857632814558
        },
        "timers": {
            "time_network": 46788858,
            "time_create": 312038335,
            "time_connect": 1414943942,
            "time_presimulate": 334358376,
            "time_simulate": 6312851234,
            "time_total": 8420980745
        }
    },
    "9": {
        "stats": {
            "local_spike_counter": 78652,
            "num_neurons": 77169,
            "rate": 0.0970683391862881
        },
        "timers": {
            "time_network": 45493053,
            "time_create": 332990904,
            "time_connect": 1394048563,
            "time_presimulate": 334282168,
            "time_simulate": 6312875393,
            "time_total": 8419690081
        }
    },
    "4": {
        "stats": {
            "local_spike_counter": 79262,
            "num_neurons": 77169,
            "rate": 0.09782117047988059
        },