{
    "threads": 128,
    "procs": 3,
    "1": {
        "stats": {
            "local_spike_counter": 824663,
            "num_neurons": 77169,
            "rate": 1.0177575624063202
        },
        "timers": {
            "time_network": 82276619,
            "time_create": 824607776,
            "time_connect": 35542562529,
            "time_presimulate": 1599786399,
            "time_simulate": 22335088279,
            "time_total": 60384321602
        }
    },
    "2": {
        "stats": {
            "local_spike_counter": 814543,
            "num_neurons": 77169,
            "rate": 1.005267967830655
        },
        "timers": {
            "time_network": 88843687,
            "time_create": 822506958,
            "time_connect": 35541832433,
            "time_presimulate": 1602578460,
            "time_simulate": 22335084551,
            "time_total": 60390846089
        }
    },
    "vps": 384,
    "0": {
        "stats": {
            "local_spike_counter": 825987,
            "num_neurons": 77169,
            "rate": 1.0193915765583144
        },
        "timers": {
            "time_network": 93733922,
            "time_create": 808154107,
            "time_connect": 35559166888,
            "time_presimulate": 1599561813,
            "time_simulate": 22335109156,
            "time_total": 60395725886
        }
    }
}