{
    "threads": 8,
    "procs": 16,
    "10": {
        "stats": {
            "local_spike_counter": 157123,
            "num_neurons": 77169,
            "rate": 0.1939132972838217
        },
        "timers": {
            "time_network": 13356339,
            "time_create": 344228064,
            "time_connect": 2989018679,
            "time_presimulate": 415631220,
            "time_simulate": 7883013800,
            "time_total": 11645248102
        }
    },
    "11": {
        "stats": {
            "local_spike_counter": 156894,
            "num_neurons": 77169,
            "rate": 0.1936306770113091
        },
        "timers": {
            "time_network": 13706591,
            "time_create": 346029763,
            "time_connect": 2985240809,
            "time_presimulate": 417654041,
            "time_simulate": 7883004770,
            "time_total": 11645635974
        }
    },
    "14": {
        "stats": {
            "local_spike_counter": 154259,
            "num_neurons": 77169,
            "rate": 0.19037869265292195
        },
        "timers": {
            "time_network": 49152252,
            "time_create": 340498155,
            "time_connect": 2992922489,
            "time_presimulate": 415427799,
            "time_simulate": 7883027940,
            "time_total": 11681028635
        }
    },
    "5": {
        "stats": {
            "local_spike_counter": 156456,
            "num_neurons": 77169,
            "rate": 0.1930901194595165
        },
        "timers": {
            "time_network": 46729450,
            "time_create": 337692371,
            "time_connect": 2993856303,
            "time_presimulate": 417302489,
            "time_simulate": 7883050160,
            "time_total": 11678630773
        }
    },
    "4": {
        "stats": {
            "local_spike_counter": 153258,
            "num_neurons": 77169,
            "rate": 0.1891433088416333
        },
        "timers": {
            "time_network": 50128517,
            "time_create": 337710751,
            "time_connect": 2995775293,
            "time_presimulate": 415378129,
            "time_simulate": 7883037450,
            "time_total": 11682030140
        }
    },
    "15": {
        "stats": {
            "local_spike_counter": 153864,
            "num_neurons": 77169,
            "rate": 0.1898912035365793
        },
        "timers": {
            "time_network": 49909856,
            "time_create": 340431054,
            "time_connect": 2993144350,
            "time_presimulate": 415366419,
            "time_simulate": 7883038450,
            "time_total": 11681890129
        }
    },
    "6": {
        "stats": {
            "local_spike_counter": 150761,
            "num_neurons": 77169,
            "rate": 0.18606163713655063
        },
        "timers": {
            "time_network": 39451192,
            "time_create": 343113419,
            "time_connect": 2990281025,
            "time_presimulate": 415485189,
            "time_simulate": 7883031450,
            "time_total": 11671362275
        }
    },
    "13": {
        "stats": {
            "local_spike_counter": 156013,
            "num_neurons": 77169,
            "rate": 0.19254339115941574
        },
        "timers": {
            "time_network": 16675075,
            "time_create": 338790176,
            "time_connect": 2993789703,
            "time_presimulate": 416301324,
            "time_simulate": 7883023050,
            "time_total": 11648579328
        }
    },
    "7": {
        "stats": {
            "local_spike_counter": 151411,
            "num_neurons": 77169,
            "rate": 0.18686383441660823
        },
        "timers": {
            "time_network": 19386859,
            "time_create": 339253059,
            "time_connect": 2991710972,
            "time_presimulate": 417941882,
            "time_simulate": 7883019150,
            "time_total": 11651311922
        }
    },
    "1": {
        "stats": {
            "local_spike_counter": 150426,
            "num_neurons": 77169,
            "rate": 0.1856481969999056
        },
        "timers": {
            "time_network": 7324058,
            "time_create": 351618422,
            "time_connect": 2981923952,
            "time_presimulate": 415357319,
            "time_simulate": 7883034560,
            "time_total": 11639258311
        }
    },
    "12": {
        "stats": {
            "local_spike_counter": 152578,
            "num_neurons": 77169,
            "rate": 0.1883040870717269
        },
        "timers": {
            "time_network": 42276347,
            "time_create": 341870152,
            "time_connect": 2991565812,
            "time_presimulate": 415455939,
            "time_simulate": 7883034420,
            "time_total": 11674202670
        }
    },
    "2": {
        "stats": {
            "local_spike_counter": 151324,
            "num_neurons": 77169,
            "rate": 0.18675646339604662
        },
        "timers": {
            "time_network": 18004053,
            "time_create": 344560145,
            "time_connect": 2987561732,
            "time_presimulate": 416818546,
            "time_simulate": 7883021540,
            "time_total": 11649966016
        }
    },
    "3": {
        "stats": {
            "local_spike_counter": 153360,
            "num_neurons": 77169,
            "rate": 0.18926919210711923
        },
        "timers": {
            "time_network": 19008468,
            "time_create": 344619226,
            "time_connect": 2988173134,
            "time_presimulate": 416108313,
            "time_simulate": 7883022980,
            "time_total": 11650932121
        }
    },
    "8": {
        "stats": {
            "local_spike_counter": 151352,
            "num_neurons": 77169,
            "rate": 0.1867910195865722
        },
        "timers": {
            "time_network": 18599325,
            "time_create": 343899352,
            "time_connect": 2989014659,
            "time_presimulate": 415948222,
            "time_simulate": 7883028470,
            "time_total": 11650490028
        }
    },
    "9": {
        "stats": {
            "local_spike_counter": 157937,
            "num_neurons": 77169,
            "rate": 0.1949178951083861
        },
        "timers": {
            "time_network": 12028722,
            "time_create": 347338170,
            "time_connect": 2983727992,
            "time_presimulate": 417790641,
            "time_simulate": 7883022840,
            "time_total": 11643908365
        }
    },
    "vps": 128,
    "0": {
        "stats": {
            "local_spike_counter": 152476,
            "num_neurons": 77169,
            "rate": 0.18817820380624098
        },
        "timers": {
            "time_network": 14486304,
            "time_create": 353889694,
            "time_connect": 2979360279,
            "time_presimulate": 415633250,
            "time_simulate": 7883000060,
            "time_total": 11646369587
        }
    }
}