{
    "threads": 16,
    "procs": 32,
    "24": {
        "stats": {
            "local_spike_counter": 76257,
            "num_neurons": 77169,
            "rate": 0.09411255074669139
        },
        "timers": {
            "time_network": 82324143,
            "time_create": 306012827,
            "time_connect": 1415368603,
            "time_presimulate": 345278207,
            "time_simulate": 6270743644,
            "time_total": 8419727424
        }
    },
    "10": {
        "stats": {
            "local_spike_counter": 76513,
            "num_neurons": 77169,
            "rate": 0.09442849306006791
        },
        "timers": {
            "time_network": 75314029,
            "time_create": 310725327,
            "time_connect": 1410231726,
            "time_presimulate": 345754539,
            "time_simulate": 6270719265,
            "time_total": 8412744886
        }
    },
    "3": {
        "stats": {
            "local_spike_counter": 76573,
            "num_neurons": 77169,
            "rate": 0.09450254203976555
        },
        "timers": {
            "time_network": 92954593,
            "time_create": 309706169,
            "time_connect": 1411588465,
            "time_presimulate": 345342384,
            "time_simulate": 6270739142,
            "time_total": 8430330753
        }
    },
    "29": {
        "stats": {
            "local_spike_counter": 77406,
            "num_neurons": 77169,
            "rate": 0.09553058870790085
        },
        "timers": {
            "time_network": 80568746,
            "time_create": 308141155,
            "time_connect": 1412800493,
            "time_presimulate": 345685808,
            "time_simulate": 6270746234,
            "time_total": 8417942436
        }
    },
    "1": {
        "stats": {
            "local_spike_counter": 76932,
            "num_neurons": 77169,
            "rate": 0.09494560176828964
        },
        "timers": {
            "time_network": 82345778,
            "time_create": 327095729,
            "time_connect": 1394029634,
            "time_presimulate": 345550955,
            "time_simulate": 6270743822,
            "time_total": 8419765918
        }
    },
    "27": {
        "stats": {
            "local_spike_counter": 76132,
            "num_neurons": 77169,
            "rate": 0.09395828203898803
        },
        "timers": {
            "time_network": 66930911,
            "time_create": 307196191,
            "time_connect": 1413471446,
            "time_presimulate": 345993148,
            "time_simulate": 6270741875,
            "time_total": 8404333571
        }
    },
    "16": {
        "stats": {
            "local_spike_counter": 79261,
            "num_neurons": 77169,
            "rate": 0.09781993633021895
        },
        "timers": {
            "time_network": 78358225,
            "time_create": 321022146,
            "time_connect": 1400300836,
            "time_presimulate": 345368371,
            "time_simulate": 6270728038,
            "time_total": 8415777616
        }
    },
    "8": {
        "stats": {
            "local_spike_counter": 79210,
            "num_neurons": 77169,
            "rate": 0.09775699469747598
        },
        "timers": {
            "time_network": 82467675,
            "time_create": 308927998,
            "time_connect": 1413761683,
            "time_presimulate": 343987501,
            "time_simulate": 6270723585,
            "time_total": 8419868442
        }
    },
    "7": {
        "stats": {
            "local_spike_counter": 76146,
            "num_neurons": 77169,
            "rate": 0.0939755601342508
        },
        "timers": {
            "time_network": 78102516,
            "time_create": 314067952,
            "time_connect": 1406884060,
            "time_presimulate": 345711476,
            "time_simulate": 6270750582,
            "time_total": 8415516586
        }
    },
    "26": {
        "stats": {
            "local_spike_counter": 74662,
            "num_neurons": 77169,
            "rate": 0.0921440820363963
        },
        "timers": {
            "time_network": 65910516,
            "time_create": 311619151,
            "time_connect": 1409545069,
            "time_presimulate": 345491887,
            "time_simulate": 6270733774,
            "time_total": 8403300397
        }
    },
    "21": {
        "stats": {
            "local_spike_counter": 77429,
            "num_neurons": 77169,
            "rate": 0.09555897415011826
        },
        "timers": {
            "time_network": 69664567,
            "time_create": 320048425,
            "time_connect": 1400647280,
            "time_presimulate": 345998438,
            "time_simulate": 6270730687,
            "time_total": 8407089397
        }
    },
    "13": {
        "stats": {
            "local_spike_counter": 77033,
            "num_neurons": 77169,
            "rate": 0.09507025088411396
        },
        "timers": {
            "time_network": 80393713,
            "time_create": 309466734,
            "time_connect": 1411802112,
            "time_presimulate": 345431446,
            "time_simulate": 6270717165,
            "time_total": 8417811170
        }
    },
    "4": {
        "stats": {
            "local_spike_counter": 77518,
            "num_neurons": 77169,
            "rate": 0.09566881347000307
        },
        "timers": {
            "time_network": 72550097,
            "time_create": 325635002,
            "time_connect": 1394983228,
            "time_presimulate": 346067818,
            "time_simulate": 6270741382,
            "time_total": 8409977527
        }
    },
    "28": {
        "stats": {
            "local_spike_counter": 77650,
            "num_neurons": 77169,
            "rate": 0.09583172122533784
        },
        "timers": {
            "time_network": 81389060,
            "time_create": 312326022,
            "time_connect": 1408690916,
            "time_presimulate": 345651967,
            "time_simulate": 6270756255,
            "time_total": 8418814220
        }
    },
    "18": {
        "stats": {
            "local_spike_counter": 76735,
            "num_neurons": 77169,
            "rate": 0.09470247428494911
        },
        "timers": {
            "time_network": 79425657,
            "time_create": 312382258,
            "time_connect": 1408834752,
            "time_presimulate": 345438002,
            "time_simulate": 6270731978,
            "time_total": 8416812647
        }
    },
    "9": {
        "stats": {
            "local_spike_counter": 75883,
            "num_neurons": 77169,
            "rate": 0.0936509787732429
        },
        "timers": {
            "time_network": 65552365,
            "time_create": 324143770,
            "time_connect": 1396305398,
            "time_presimulate": 346229954,
            "time_simulate": 6270727585,
            "time_total": 8402959072
        }
    },
    "vps": 512,
    "0": {
        "stats": {
            "local_spike_counter": 76779,
            "num_neurons": 77169,
            "rate": 0.0947567768700607
        },
        "timers": {
            "time_network": 14873918,
            "time_create": 314075301,
            "time_connect": 1407140452,
            "time_presimulate": 345493045,
            "time_simulate": 6270717232,
            "time_total": 8352299948
        }
    },
    "25": {
        "stats": {
            "local_spike_counter": 78276,
            "num_neurons": 77169,
            "rate": 0.09660429891351634
        },
        "timers": {
            "time_network": 68102625,
            "time_create": 311731701,
            "time_connect": 1409308158,
            "time_presimulate": 345633297,
            "time_simulate": 6270749735,
            "time_total": 8405525516
        }
    },
    "17": {
        "stats": {
            "local_spike_counter": 77391,
            "num_neurons": 77169,
            "rate": 0.09551207646297644
        },