{
    "threads": 128,
    "procs": 2,
    "1": {
        "stats": {
            "local_spike_counter": 1229793,
            "num_neurons": 77169,
            "rate": 1.5177486148212735
        },
        "timers": {
            "time_network": 90368127,
            "time_create": 1021403237,
            "time_connect": 23923343441,
            "time_presimulate": 1456968148,
            "time_simulate": 26411398478,
            "time_total": 52903481431
        }
    },
    "vps": 256,
    "0": {
        "stats": {
            "local_spike_counter": 1230311,
            "num_neurons": 77169,
            "rate": 1.5183879043459962
        },
        "timers": {
            "time_network": 90340099,
            "time_create": 1034409682,
            "time_connect": 23913465523,
            "time_presimulate": 1453841371,
            "time_simulate": 26411364287,
            "time_total": 52903420962
        }
    }
}