{
    "threads": 32,
    "procs": 12,
    "2": {
        "stats": {
            "local_spike_counter": 205511,
            "num_neurons": 77169,
            "rate": 0.2536313311106298
        },
        "timers": {
            "time_network": 128961167,
            "time_create": 384991730,
            "time_connect": 3210292024,
            "time_presimulate": 342875270,
            "time_simulate": 6270442871,
            "time_total": 10337563062
        }
    },
    "3": {
        "stats": {
            "local_spike_counter": 205956,
            "num_neurons": 77169,
            "rate": 0.25418052771005384
        },
        "timers": {
            "time_network": 127028767,
            "time_create": 388706810,
            "time_connect": 3207009097,
            "time_presimulate": 342351356,
            "time_simulate": 6270515552,
            "time_total": 10335611582
        }
    },
    "8": {
        "stats": {
            "local_spike_counter": 204912,
            "num_neurons": 77169,
            "rate": 0.25289207546331516
        },
        "timers": {
            "time_network": 119129085,
            "time_create": 390364589,
            "time_connect": 3206643284,
            "time_presimulate": 341098739,
            "time_simulate": 6270469022,
            "time_total": 10327704719
        }
    },
    "6": {
        "stats": {
            "local_spike_counter": 208962,
            "num_neurons": 77169,
            "rate": 0.25789038159290467
        },
        "timers": {
            "time_network": 115331754,
            "time_create": 383731439,
            "time_connect": 3211903604,
            "time_presimulate": 342444664,
            "time_simulate": 6270511264,
            "time_total": 10323922725
        }
    },
    "vps": 384,
    "0": {
        "stats": {
            "local_spike_counter": 206559,
            "num_neurons": 77169,
            "rate": 0.2549247199560149
        },
        "timers": {
            "time_network": 121424077,
            "time_create": 399678217,
            "time_connect": 3196136520,
            "time_presimulate": 342285647,
            "time_simulate": 6270479831,
            "time_total": 10330004292
        }
    },
    "11": {
        "stats": {
            "local_spike_counter": 203494,
            "num_neurons": 77169,
            "rate": 0.2511420512431281
        },
        "timers": {
            "time_network": 107742688,
            "time_create": 383485992,
            "time_connect": 3213489200,
            "time_presimulate": 341123180,
            "time_simulate": 6270562113,
            "time_total": 10316403173
        }
    },
    "4": {
        "stats": {
            "local_spike_counter": 206626,
            "num_neurons": 77169,
            "rate": 0.2550074079833439
        },
        "timers": {
            "time_network": 115070431,
            "time_create": 386344046,
            "time_connect": 3209371177,
            "time_presimulate": 342355114,
            "time_simulate": 6270520534,
            "time_total": 10323661302
        }
    },
    "9": {
        "stats": {
            "local_spike_counter": 208888,
            "num_neurons": 77169,
            "rate": 0.2577990545179442
        },
        "timers": {
            "time_network": 107586785,
            "time_create": 388562280,
            "time_connect": 3208302472,
            "time_presimulate": 341204120,
            "time_simulate": 6270548494,
            "time_total": 10316204151
        }
    },
    "7": {
        "stats": {
            "local_spike_counter": 206213,
            "num_neurons": 77169,
            "rate": 0.254497704173092
        },
        "timers": {
            "time_network": 110998598,
            "time_create": 387368727,
            "time_connect": 3206923832,
            "time_presimulate": 343757198,
            "time_simulate": 6270527554,
            "time_total": 10319575909
        }
    },
    "1": {
        "stats": {
            "local_spike_counter": 206803,
            "num_neurons": 77169,
            "rate": 0.2552258524734519
        },
        "timers": {
            "time_network": 115560786,
            "time_create": 391286453,
            "time_connect": 3204036782,
            "time_presimulate": 342716848,
            "time_simulate": 6270557412,
            "time_total": 10324158281
        }
    },
    "5": {
        "stats": {
            "local_spike_counter": 209025,
            "num_neurons": 77169,
            "rate": 0.2579681330215871
        },
        "timers": {
            "time_network": 109595394,
            "time_create": 387114564,
            "time_connect": 3206048442,
            "time_presimulate": 344887610,
            "time_simulate": 6270529444,
            "time_total": 10318175454
        }
    },
    "10": {
        "stats": {
            "local_spike_counter": 204370,
            "num_neurons": 77169,
            "rate": 0.2522231663467134
        },
        "timers": {
            "time_network": 119137244,
            "time_create": 386119262,
            "time_connect": 3210840491,
            "time_presimulate": 341481203,
            "time_simulate": 6270148549,
            "time_total": 10327726749
        }
    }
}