{
    "threads": 32,
    "procs": 4,
    "2": {
        "stats": {
            "local_spike_counter": 614388,
            "num_neurons": 77169,
            "rate": 0.7582467423076994
        },
        "timers": {
            "time_network": 28159478,
            "time_create": 550663629,
            "time_connect": 6017366819,
            "time_presimulate": 449018232,
            "time_simulate": 8724053997,
            "time_total": 15769262155
        }
    },
    "1": {
        "stats": {
            "local_spike_counter": 621697,
            "num_neurons": 77169,
            "rate": 0.7672671421845313
        },
        "timers": {
            "time_network": 18769409,
            "time_create": 555057452,
            "time_connect": 6012846235,
            "time_presimulate": 449193003,
            "time_simulate": 8724045487,
            "time_total": 15759911586
        }
    },
    "vps": 128,
    "0": {
        "stats": {
            "local_spike_counter": 611541,
            "num_neurons": 77169,
            "rate": 0.7547331182210473
        },
        "timers": {
            "time_network": 18380667,
            "time_create": 688011495,
            "time_connect": 5879883182,
            "time_presimulate": 449186003,
            "time_simulate": 8724040277,
            "time_total": 15759501624
        }
    },
    "3": {
        "stats": {
            "local_spike_counter": 615266,
            "num_neurons": 77169,
            "rate": 0.759330325710608
        },
        "timers": {
            "time_network": 18644039,
            "time_create": 552529908,
            "time_connect": 6015290618,
            "time_presimulate": 449246533,
            "time_simulate": 8724046418,
            "time_total": 15759757516
        }
    }
}