{
    "threads": 32,
    "procs": 12,
    "10": {
        "stats": {
            "local_spike_counter": 199497,
            "num_neurons": 77169,
            "rate": 0.24620915504560495
        },
        "timers": {
            "time_network": 105077757,
            "time_create": 394759215,
            "time_connect": 3462069217,
            "time_presimulate": 342983480,
            "time_simulate": 6169452400,
            "time_total": 10474342069
        }
    },
    "8": {
        "stats": {
            "local_spike_counter": 201553,
            "num_neurons": 77169,
            "rate": 0.24874656674991008
        },
        "timers": {
            "time_network": 85069564,
            "time_create": 400964244,
            "time_connect": 3455557185,
            "time_presimulate": 343257373,
            "time_simulate": 6169462070,
            "time_total": 10454310436
        }
    },
    "6": {
        "stats": {
            "local_spike_counter": 206227,
            "num_neurons": 77169,
            "rate": 0.2545149822683548
        },
        "timers": {
            "time_network": 103722121,
            "time_create": 385979298,
            "time_connect": 3470084568,
            "time_presimulate": 343744111,
            "time_simulate": 6169471206,
            "time_total": 10473001304
        }
    },
    "2": {
        "stats": {
            "local_spike_counter": 203912,
            "num_neurons": 77169,
            "rate": 0.2516579258016882
        },
        "timers": {
            "time_network": 96575596,
            "time_create": 389498354,
            "time_connect": 3466360208,
            "time_presimulate": 343946104,
            "time_simulate": 6169475492,
            "time_total": 10465855754
        }
    },
    "11": {
        "stats": {
            "local_spike_counter": 209573,
            "num_neurons": 77169,
            "rate": 0.25864444703615874
        },
        "timers": {
            "time_network": 85754162,
            "time_create": 389759940,
            "time_connect": 3466969661,
            "time_presimulate": 343065601,
            "time_simulate": 6169459490,
            "time_total": 10455008854
        }
    },
    "vps": 384,
    "0": {
        "stats": {
            "local_spike_counter": 206346,
            "num_neurons": 77169,
            "rate": 0.25466184607808834
        },
        "timers": {
            "time_network": 96403215,
            "time_create": 408457073,
            "time_connect": 3447625620,
            "time_presimulate": 343776714,
            "time_simulate": 6169410431,
            "time_total": 10465673053
        }
    },
    "9": {
        "stats": {
            "local_spike_counter": 203055,
            "num_neurons": 77169,
            "rate": 0.2506002595416738
        },
        "timers": {
            "time_network": 92395876,
            "time_create": 391502249,
            "time_connect": 3465256472,
            "time_presimulate": 343032261,
            "time_simulate": 6169459260,
            "time_total": 10461646118
        }
    },
    "5": {
        "stats": {
            "local_spike_counter": 204432,
            "num_neurons": 77169,
            "rate": 0.25229968362573424
        },
        "timers": {
            "time_network": 93038941,
            "time_create": 389616276,
            "time_connect": 3466285589,
            "time_presimulate": 343913823,
            "time_simulate": 6169470165,
            "time_total": 10462324794
        }
    },
    "1": {
        "stats": {
            "local_spike_counter": 200257,
            "num_neurons": 77169,
            "rate": 0.24714710878844143
        },
        "timers": {
            "time_network": 90702276,
            "time_create": 390171266,
            "time_connect": 3465638994,
            "time_presimulate": 344039685,
            "time_simulate": 6169496362,
            "time_total": 10460048583
        }
    },
    "3": {
        "stats": {
            "local_spike_counter": 207909,
            "num_neurons": 77169,
            "rate": 0.2565908219992114
        },
        "timers": {
            "time_network": 109150832,
            "time_create": 390754720,
            "time_connect": 3465197412,
            "time_presimulate": 343835694,
            "time_simulate": 6169468622,
            "time_total": 10478407280
        }
    },
    "4": {
        "stats": {
            "local_spike_counter": 208036,
            "num_neurons": 77169,
            "rate": 0.25674755900623797
        },
        "timers": {
            "time_network": 101074574,
            "time_create": 402676690,
            "time_connect": 3453329886,
            "time_presimulate": 343849002,
            "time_simulate": 6169418935,
            "time_total": 10470349087
        }
    },
    "7": {
        "stats": {
            "local_spike_counter": 207903,
            "num_neurons": 77169,
            "rate": 0.2565834171012416
        },
        "timers": {
            "time_network": 94331995,
            "time_create": 387455262,
            "time_connect": 3468730795,
            "time_presimulate": 343626220,
            "time_simulate": 6169480705,
            "time_total": 10463624977
        }
    }
}