{
    "threads": 64,
    "procs": 6,
    "vps": 384,
    "0": {
        "stats": {
            "local_spike_counter": 417305,
            "num_neurons": 77169,
            "rate": 0.5150168245452621
        },
        "timers": {
            "time_network": 74508347,
            "time_create": 566543384,
            "time_connect": 11729111616,
            "time_presimulate": 721484289,
            "time_simulate": 11070164941,
            "time_total": 24161812577
        }
    },
    "3": {
        "stats": {
            "local_spike_counter": 419048,
            "num_neurons": 77169,
            "rate": 0.517167947405478
        },
        "timers": {
            "time_network": 73723982,
            "time_create": 525379520,
            "time_connect": 11768000217,
            "time_presimulate": 723738242,
            "time_simulate": 11070044688,
            "time_total": 24160886649
        }
    },
    "1": {
        "stats": {
            "local_spike_counter": 416305,
            "num_neurons": 77169,
            "rate": 0.5137826748836352
        },
        "timers": {
            "time_network": 77487502,
            "time_create": 523809392,
            "time_connect": 11771271275,
            "time_presimulate": 721909121,
            "time_simulate": 11070122072,
            "time_total": 24164599362
        }
    },
    "4": {
        "stats": {
            "local_spike_counter": 413035,
            "num_neurons": 77169,
            "rate": 0.5097470054901148
        },
        "timers": {
            "time_network": 70419758,
            "time_create": 556744264,
            "time_connect": 11734696102,
            "time_presimulate": 725656419,
            "time_simulate": 11070228428,
            "time_total": 24157744971
        }
    },
    "2": {
        "stats": {
            "local_spike_counter": 411410,
            "num_neurons": 77169,
            "rate": 0.5077415122899709
        },
        "timers": {
            "time_network": 70440647,
            "time_create": 562925698,
            "time_connect": 11731512930,
            "time_presimulate": 722636990,
            "time_simulate": 11070204100,
            "time_total": 24157720365
        }
    },
    "5": {
        "stats": {
            "local_spike_counter": 419063,
            "num_neurons": 77169,
            "rate": 0.5171864596504023
        },
        "timers": {
            "time_network": 72169168,
            "time_create": 533414659,
            "time_connect": 11757357170,
            "time_presimulate": 726333606,
            "time_simulate": 11070074336,
            "time_total": 24159348939
        }
    }
}