{
    "threads": 8,
    "procs": 32,
    "15": {
        "stats": {
            "local_spike_counter": 77621,
            "num_neurons": 77169,
            "rate": 0.09579593088515066
        },
        "timers": {
            "time_network": 72347569,
            "time_create": 293586137,
            "time_connect": 1455078685,
            "time_presimulate": 330120698,
            "time_simulate": 6344561296,
            "time_total": 8495694385
        }
    },
    "14": {
        "stats": {
            "local_spike_counter": 77480,
            "num_neurons": 77169,
            "rate": 0.09562191578286125
        },
        "timers": {
            "time_network": 87398437,
            "time_create": 293353215,
            "time_connect": 1456161671,
            "time_presimulate": 329281794,
            "time_simulate": 6344542327,
            "time_total": 8510737444
        }
    },
    "21": {
        "stats": {
            "local_spike_counter": 76859,
            "num_neurons": 77169,
            "rate": 0.09485550884299086
        },
        "timers": {
            "time_network": 81171730,
            "time_create": 295106966,
            "time_connect": 1453948102,
            "time_presimulate": 329739773,
            "time_simulate": 6344549634,
            "time_total": 8504516205
        }
    },
    "20": {
        "stats": {
            "local_spike_counter": 75003,
            "num_neurons": 77169,
            "rate": 0.09256492707101112
        },
        "timers": {
            "time_network": 73321909,
            "time_create": 294638080,
            "time_connect": 1454359257,
            "time_presimulate": 329788654,
            "time_simulate": 6344571834,
            "time_total": 8496679734
        }
    },
    "27": {
        "stats": {
            "local_spike_counter": 76988,
            "num_neurons": 77169,
            "rate": 0.09501471414934075
        },
        "timers": {
            "time_network": 33295265,
            "time_create": 298963805,
            "time_connect": 1450212823,
            "time_presimulate": 329520922,
            "time_simulate": 6344602034,
            "time_total": 8456594849
        }
    },
    "17": {
        "stats": {
            "local_spike_counter": 76600,
            "num_neurons": 77169,
            "rate": 0.09453586408062946
        },
        "timers": {
            "time_network": 33565768,
            "time_create": 296115865,
            "time_connect": 1452993143,
            "time_presimulate": 329608182,
            "time_simulate": 6344620214,
            "time_total": 8456903172
        }
    },
    "16": {
        "stats": {
            "local_spike_counter": 76983,
            "num_neurons": 77169,
            "rate": 0.09500854340103262
        },
        "timers": {
            "time_network": 36138664,
            "time_create": 291571758,
            "time_connect": 1457812163,
            "time_presimulate": 329300979,
            "time_simulate": 6344608204,
            "time_total": 8459431768
        }
    },
    "26": {
        "stats": {
            "local_spike_counter": 76755,
            "num_neurons": 77169,
            "rate": 0.09472715727818165
        },
        "timers": {
            "time_network": 43871664,
            "time_create": 298222328,
            "time_connect": 1451272764,
            "time_presimulate": 329259139,
            "time_simulate": 6344602674,
            "time_total": 8467228569
        }
    },
    "28": {
        "stats": {
            "local_spike_counter": 77348,
            "num_neurons": 77169,
            "rate": 0.09545900802752648
        },
        "timers": {
            "time_network": 64800751,
            "time_create": 298730632,
            "time_connect": 1449616358,
            "time_presimulate": 330372120,
            "time_simulate": 6344619914,
            "time_total": 8488139775
        }
    },
    "23": {
        "stats": {
            "local_spike_counter": 77632,
            "num_neurons": 77169,
            "rate": 0.09580950653142854
        },
        "timers": {
            "time_network": 71273838,
            "time_create": 298054825,
            "time_connect": 1450242104,
            "time_presimulate": 330442781,
            "time_simulate": 6344610664,
            "time_total": 8494624212
        }
    },
    "22": {
        "stats": {
            "local_spike_counter": 75384,
            "num_neurons": 77169,
            "rate": 0.093035138092091
        },
        "timers": {
            "time_network": 87954090,
            "time_create": 294615120,
            "time_connect": 1454701071,
            "time_presimulate": 329506241,
            "time_simulate": 6344542443,
            "time_total": 8511318965
        }
    },
    "30": {
        "stats": {
            "local_spike_counter": 76389,
            "num_neurons": 77169,
            "rate": 0.09427545850202616
        },
        "timers": {
            "time_network": 90129083,
            "time_create": 295769262,
            "time_connect": 1453540988,
            "time_presimulate": 329503792,
            "time_simulate": 6344569903,
            "time_total": 8513513028
        }
    },
    "31": {
        "stats": {
            "local_spike_counter": 78150,
            "num_neurons": 77169,
            "rate": 0.09644879605615135
        },
        "timers": {
            "time_network": 61691969,
            "time_create": 296550400,
            "time_connect": 1452695769,
            "time_presimulate": 329487002,
            "time_simulate": 6344561583,
            "time_total": 8484986723
        }
    },
    "18": {
        "stats": {
            "local_spike_counter": 76957,
            "num_neurons": 77169,
            "rate": 0.09497645550983032
        },
        "timers": {
            "time_network": 35802441,
            "time_create": 305807536,
            "time_connect": 1442705056,
            "time_presimulate": 330174258,
            "time_simulate": 6344624874,
            "time_total": 8459114165
        }
    },
    "25": {
        "stats": {
            "local_spike_counter": 74882,
            "num_neurons": 77169,
            "rate": 0.09241559496195426
        },
        "timers": {
            "time_network": 44302509,
            "time_create": 301056457,
            "time_connect": 1447282813,
            "time_presimulate": 330365460,
            "time_simulate": 6344609974,
            "time_total": 8467617213
        }
    },
    "29": {
        "stats": {
            "local_spike_counter": 80089,
            "num_neurons": 77169,
            "rate": 0.09884181225004614
        },
        "timers": {
            "time_network": 55553606,
            "time_create": 296141605,
            "time_connect": 1453143574,
            "time_presimulate": 329460851,
            "time_simulate": 6344613164,
            "time_total": 8478912800
        }
    },
    "19": {
        "stats": {
            "local_spike_counter": 79627,
            "num_neurons": 77169,
            "rate": 0.09827163510637446
        },
        "timers": {
            "time_network": 33331465,
            "time_create": 296660442,
            "time_connect": 1452633518,
            "time_presimulate": 329467151,
            "time_simulate": 6344610024,
            "time_total": 8456702600
        }
    },
    "24": {
        "stats": {
            "local_spike_counter": 76886,
            "num_neurons": 77169,
            "rate": 0.09488883088385479
        },
        "timers": {
            "time_network": 38988394,
            "time_create": 303259679,
            "time_connect": 1445437964,
            "time_presimulate": 330028077,
            "time_simulate": 6344616364,
            "time_total": 8462330478
        }
    },
    "10": {
        "stats": {
            "local_spike_counter": 77592,
            "num_neurons": 77169,
            "rate": 0.09576014054496347
        },