{
    "threads": 64,
    "procs": 8,
    "vps": 512,
    "0": {
        "stats": {
            "local_spike_counter": 307460,
            "num_neurons": 77169,
            "rate": 0.3794516549638425
        },
        "timers": {
            "time_network": 73572936,
            "time_create": 490125187,
            "time_connect": 6660221522,
            "time_presimulate": 630699254,
            "time_simulate": 11567228980,
            "time_total": 19421847879
        }
    },
    "6": {
        "stats": {
            "local_spike_counter": 309054,
            "num_neurons": 77169,
            "rate": 0.38141888952447595
        },
        "timers": {
            "time_network": 65295633,
            "time_create": 491718288,
            "time_connect": 6660924432,
            "time_presimulate": 628394269,
            "time_simulate": 11567230491,
            "time_total": 19413563113
        }
    },
    "4": {
        "stats": {
            "local_spike_counter": 310253,
            "num_neurons": 77169,
            "rate": 0.38289863496876675
        },
        "timers": {
            "time_network": 67920647,
            "time_create": 501684721,
            "time_connect": 6650210289,
            "time_presimulate": 629180320,
            "time_simulate": 11567204956,
            "time_total": 19416200933
        }
    },
    "1": {
        "stats": {
            "local_spike_counter": 303890,
            "num_neurons": 77169,
            "rate": 0.37504574067183405
        },
        "timers": {
            "time_network": 68632240,
            "time_create": 490677410,
            "time_connect": 6660626714,
            "time_presimulate": 629745609,
            "time_simulate": 11567229590,
            "time_total": 19416911563
        }
    },
    "7": {
        "stats": {
            "local_spike_counter": 313938,
            "num_neurons": 77169,
            "rate": 0.3874464764718623
        },
        "timers": {
            "time_network": 65082162,
            "time_create": 490379322,
            "time_connect": 6660950502,
            "time_presimulate": 629714265,
            "time_simulate": 11567226451,
            "time_total": 19413352702
        }
    },
    "5": {
        "stats": {
            "local_spike_counter": 306919,
            "num_neurons": 77169,
            "rate": 0.3787839799969023
        },
        "timers": {
            "time_network": 71181804,
            "time_create": 495661872,
            "time_connect": 6655848644,
            "time_presimulate": 629566344,
            "time_simulate": 11567219926,
            "time_total": 19419478590
        }
    },
    "3": {
        "stats": {
            "local_spike_counter": 303631,
            "num_neurons": 77169,
            "rate": 0.3747260959094726
        },
        "timers": {
            "time_network": 68529592,
            "time_create": 500552998,
            "time_connect": 6652211205,
            "time_presimulate": 628303164,
            "time_simulate": 11567225033,
            "time_total": 19416821992
        }
    },
    "2": {
        "stats": {
            "local_spike_counter": 305763,
            "num_neurons": 77169,
            "rate": 0.3773573029880614
        },
        "timers": {
            "time_network": 64123925,
            "time_create": 498338925,
            "time_connect": 6652978262,
            "time_presimulate": 629729790,
            "time_simulate": 11567227154,
            "time_total": 19412398056
        }
    }
}