{
    "threads": 64,
    "procs": 8,
    "6": {
        "stats": {
            "local_spike_counter": 314064,
            "num_neurons": 77169,
            "rate": 0.3876019793292273
        },
        "timers": {
            "time_network": 173647006,
            "time_create": 505066824,
            "time_connect": 6426086489,
            "time_presimulate": 765142831,
            "time_simulate": 12146710926,
            "time_total": 20016654076
        }
    },
    "3": {
        "stats": {
            "local_spike_counter": 308339,
            "num_neurons": 77169,
            "rate": 0.38053647251641265
        },
        "timers": {
            "time_network": 182601521,
            "time_create": 521740075,
            "time_connect": 6409428161,
            "time_presimulate": 765100494,
            "time_simulate": 12146724950,
            "time_total": 20025595201
        }
    },
    "1": {
        "stats": {
            "local_spike_counter": 305215,
            "num_neurons": 77169,
            "rate": 0.37668098897348984
        },
        "timers": {
            "time_network": 166399822,
            "time_create": 507011496,
            "time_connect": 6423604043,
            "time_presimulate": 765646241,
            "time_simulate": 12146726105,
            "time_total": 20009387707
        }
    },
    "4": {
        "stats": {
            "local_spike_counter": 311402,
            "num_neurons": 77169,
            "rate": 0.38431667292997623
        },
        "timers": {
            "time_network": 36927075,
            "time_create": 502203614,
            "time_connect": 6429397233,
            "time_presimulate": 764686335,
            "time_simulate": 12146734218,
            "time_total": 19879948475
        }
    },
    "7": {
        "stats": {
            "local_spike_counter": 306381,
            "num_neurons": 77169,
            "rate": 0.378120007478947
        },
        "timers": {
            "time_network": 173873537,
            "time_create": 511962083,
            "time_connect": 6416143337,
            "time_presimulate": 768240894,
            "time_simulate": 12146648256,
            "time_total": 20016868107
        }
    },
    "5": {
        "stats": {
            "local_spike_counter": 305595,
            "num_neurons": 77169,
            "rate": 0.37714996584490806
        },
        "timers": {
            "time_network": 39851059,
            "time_create": 494377372,
            "time_connect": 6436475036,
            "time_presimulate": 765473064,
            "time_simulate": 12146687878,
            "time_total": 19882864409
        }
    },
    "vps": 512,
    "0": {
        "stats": {
            "local_spike_counter": 310791,
            "num_neurons": 77169,
            "rate": 0.3835626074867221
        },
        "timers": {
            "time_network": 166138080,
            "time_create": 510225343,
            "time_connect": 6421360721,
            "time_presimulate": 764679416,
            "time_simulate": 12146723115,
            "time_total": 20009126675
        }
    },
    "2": {
        "stats": {
            "local_spike_counter": 306500,
            "num_neurons": 77169,
            "rate": 0.3782668712886806
        },
        "timers": {
            "time_network": 178362115,
            "time_create": 515364647,
            "time_connect": 6413112310,
            "time_presimulate": 767790763,
            "time_simulate": 12146729610,
            "time_total": 20021359445
        }
    }
}