{
    "threads": 16,
    "procs": 32,
    "3": {
        "stats": {
            "local_spike_counter": 77658,
            "num_neurons": 77169,
            "rate": 0.09584159442263085
        },
        "timers": {
            "time_network": 71406511,
            "time_create": 313603970,
            "time_connect": 1415250753,
            "time_presimulate": 334542688,
            "time_simulate": 6316776512,
            "time_total": 8451580434
        }
    },
    "24": {
        "stats": {
            "local_spike_counter": 79059,
            "num_neurons": 77169,
            "rate": 0.0975706380985703
        },
        "timers": {
            "time_network": 66282240,
            "time_create": 306334516,
            "time_connect": 1422046196,
            "time_presimulate": 335047753,
            "time_simulate": 6316786290,
            "time_total": 8446496995
        }
    },
    "16": {
        "stats": {
            "local_spike_counter": 77510,
            "num_neurons": 77169,
            "rate": 0.09565894027271005
        },
        "timers": {
            "time_network": 53346532,
            "time_create": 309766329,
            "time_connect": 1419260041,
            "time_presimulate": 334450817,
            "time_simulate": 6316781208,
            "time_total": 8433604927
        }
    },
    "8": {
        "stats": {
            "local_spike_counter": 75913,
            "num_neurons": 77169,
            "rate": 0.09368800326309171
        },
        "timers": {
            "time_network": 63876945,
            "time_create": 317845027,
            "time_connect": 1410956094,
            "time_presimulate": 334636185,
            "time_simulate": 6316777978,
            "time_total": 8444092229
        }
    },
    "1": {
        "stats": {
            "local_spike_counter": 76864,
            "num_neurons": 77169,
            "rate": 0.094861679591299
        },
        "timers": {
            "time_network": 63936142,
            "time_create": 311491028,
            "time_connect": 1417534056,
            "time_presimulate": 334433368,
            "time_simulate": 6316775831,
            "time_total": 8444170425
        }
    },
    "18": {
        "stats": {
            "local_spike_counter": 74540,
            "num_neurons": 77169,
            "rate": 0.09199351577767781
        },
        "timers": {
            "time_network": 68017189,
            "time_create": 310350375,
            "time_connect": 1418345470,
            "time_presimulate": 334769692,
            "time_simulate": 6316773087,
            "time_total": 8448255813
        }
    },
    "10": {
        "stats": {
            "local_spike_counter": 78180,
            "num_neurons": 77169,
            "rate": 0.09648582054600016
        },
        "timers": {
            "time_network": 70636156,
            "time_create": 307657380,
            "time_connect": 1421129411,
            "time_presimulate": 334672895,
            "time_simulate": 6316774789,
            "time_total": 8450870631
        }
    },
    "5": {
        "stats": {
            "local_spike_counter": 76918,
            "num_neurons": 77169,
            "rate": 0.09492832367302685
        },
        "timers": {
            "time_network": 57160197,
            "time_create": 312894816,
            "time_connect": 1416321499,
            "time_presimulate": 334221477,
            "time_simulate": 6316805181,
            "time_total": 8437403170
        }
    },
    "27": {
        "stats": {
            "local_spike_counter": 76514,
            "num_neurons": 77169,
            "rate": 0.09442972720972954
        },
        "timers": {
            "time_network": 57648414,
            "time_create": 307517381,
            "time_connect": 1421477143,
            "time_presimulate": 334455891,
            "time_simulate": 6316782520,
            "time_total": 8437881349
        }
    },
    "21": {
        "stats": {
            "local_spike_counter": 76512,
            "num_neurons": 77169,
            "rate": 0.09442725891040628
        },
        "timers": {
            "time_network": 64723391,
            "time_create": 313918345,
            "time_connect": 1415065573,
            "time_presimulate": 334545929,
            "time_simulate": 6316744187,
            "time_total": 8444997425
        }
    },
    "13": {
        "stats": {
            "local_spike_counter": 76258,
            "num_neurons": 77169,
            "rate": 0.09411378489635303
        },
        "timers": {
            "time_network": 60676671,
            "time_create": 308610750,
            "time_connect": 1420144971,
            "time_presimulate": 334700295,
            "time_simulate": 6316772299,
            "time_total": 8440904986
        }
    },
    "7": {
        "stats": {
            "local_spike_counter": 76899,
            "num_neurons": 77169,
            "rate": 0.09490487482945595
        },
        "timers": {
            "time_network": 69737542,
            "time_create": 327775553,
            "time_connect": 1401228101,
            "time_presimulate": 334449038,
            "time_simulate": 6316799041,
            "time_total": 8449989275
        }
    },
    "29": {
        "stats": {
            "local_spike_counter": 77696,
            "num_neurons": 77169,
            "rate": 0.09588849210977268
        },
        "timers": {
            "time_network": 51790671,
            "time_create": 312515611,
            "time_connect": 1415852841,
            "time_presimulate": 335101113,
            "time_simulate": 6316788600,
            "time_total": 8432048836
        }
    },
    "19": {
        "stats": {
            "local_spike_counter": 76769,
            "num_neurons": 77169,
            "rate": 0.09474443537344443
        },
        "timers": {
            "time_network": 61024179,
            "time_create": 314472302,
            "time_connect": 1413938250,
            "time_presimulate": 335066075,
            "time_simulate": 6316790858,
            "time_total": 8441291664
        }
    },
    "14": {
        "stats": {
            "local_spike_counter": 78316,
            "num_neurons": 77169,
            "rate": 0.09665366489998142
        },
        "timers": {
            "time_network": 57921832,
            "time_create": 310304818,
            "time_connect": 1418240680,
            "time_presimulate": 334906328,
            "time_simulate": 6316779759,
            "time_total": 8438153417
        }
    },
    "6": {
        "stats": {
            "local_spike_counter": 78403,
            "num_neurons": 77169,
            "rate": 0.096761035920543
        },
        "timers": {
            "time_network": 60006182,
            "time_create": 314490314,
            "time_connect": 1414481150,
            "time_presimulate": 334459337,
            "time_simulate": 6316792892,
            "time_total": 8440229875
        }
    },
    "28": {
        "stats": {
            "local_spike_counter": 77205,
            "num_neurons": 77169,
            "rate": 0.09528252462591381
        },
        "timers": {
            "time_network": 63728130,
            "time_create": 316383447,
            "time_connect": 1412615247,
            "time_presimulate": 334494361,
            "time_simulate": 6316788440,
            "time_total": 8444009625
        }
    },
    "17": {
        "stats": {
            "local_spike_counter": 77133,
            "num_neurons": 77169,
            "rate": 0.09519366585027667
        },
        "timers": {
            "time_network": 50136527,
            "time_create": 309691627,
            "time_connect": 1419420143,
            "time_presimulate": 334373017,
            "time_simulate": 6316776667,
            "time_total": 8430397981
        }
    },
    "15": {
        "stats": {
            "local_spike_counter": 76058,
            "num_neurons": 77169,
            "rate": 0.09386695496402762
        },