{
    "threads": 16,
    "procs": 8,
    "7": {
        "stats": {
            "local_spike_counter": 305275,
            "num_neurons": 77169,
            "rate": 0.3767550379531875
        },
        "timers": {
            "time_network": 21467807,
            "time_create": 387006932,
            "time_connect": 4073297974,
            "time_presimulate": 400476659,
            "time_simulate": 7532298526,
            "time_total": 12414547898
        }
    },
    "2": {
        "stats": {
            "local_spike_counter": 308447,
            "num_neurons": 77169,
            "rate": 0.38066976067986835
        },
        "timers": {
            "time_network": 33158925,
            "time_create": 386739611,
            "time_connect": 4073498944,
            "time_presimulate": 400545910,
            "time_simulate": 7532292846,
            "time_total": 12426236236
        }
    },
    "5": {
        "stats": {
            "local_spike_counter": 312469,
            "num_neurons": 77169,
            "rate": 0.3856335106189322
        },
        "timers": {
            "time_network": 11787769,
            "time_create": 386549810,
            "time_connect": 4073654635,
            "time_presimulate": 400564770,
            "time_simulate": 7532307516,
            "time_total": 12404864500
        }
    },
    "6": {
        "stats": {
            "local_spike_counter": 305020,
            "num_neurons": 77169,
            "rate": 0.3764403297894726
        },
        "timers": {
            "time_network": 31878949,
            "time_create": 390094178,
            "time_connect": 4070100367,
            "time_presimulate": 400613290,
            "time_simulate": 7532286426,
            "time_total": 12424973210
        }
    },
    "3": {
        "stats": {
            "local_spike_counter": 310254,
            "num_neurons": 77169,
            "rate": 0.3828998691184284
        },
        "timers": {
            "time_network": 14631133,
            "time_create": 399355344,
            "time_connect": 4060761951,
            "time_presimulate": 400648150,
            "time_simulate": 7532303836,
            "time_total": 12407700414
        }
    },
    "1": {
        "stats": {
            "local_spike_counter": 308363,
            "num_neurons": 77169,
            "rate": 0.3805660921082917
        },
        "timers": {
            "time_network": 12591403,
            "time_create": 394280488,
            "time_connect": 4065504825,
            "time_presimulate": 401000062,
            "time_simulate": 7532296556,
            "time_total": 12405673334
        }
    },
    "4": {
        "stats": {
            "local_spike_counter": 305836,
            "num_neurons": 77169,
            "rate": 0.3774473959133602
        },
        "timers": {
            "time_network": 12000050,
            "time_create": 393214803,
            "time_connect": 4066528000,
            "time_presimulate": 401042052,
            "time_simulate": 7532291206,
            "time_total": 12405076111
        }
    },
    "vps": 128,
    "0": {
        "stats": {
            "local_spike_counter": 303828,
            "num_neurons": 77169,
            "rate": 0.3749692233928132
        },
        "timers": {
            "time_network": 10934934,
            "time_create": 392809011,
            "time_connect": 4067618925,
            "time_presimulate": 400263769,
            "time_simulate": 7532391266,
            "time_total": 12404017905
        }
    }
}