{
    "threads": 16,
    "procs": 32,
    "24": {
        "stats": {
            "local_spike_counter": 77245,
            "num_neurons": 77169,
            "rate": 0.09533189061237889
        },
        "timers": {
            "time_network": 72943155,
            "time_create": 311855851,
            "time_connect": 1415637034,
            "time_presimulate": 352019803,
            "time_simulate": 6301077837,
            "time_total": 8453533680
        }
    },
    "3": {
        "stats": {
            "local_spike_counter": 77080,
            "num_neurons": 77169,
            "rate": 0.09512825591821042
        },
        "timers": {
            "time_network": 81648144,
            "time_create": 312606004,
            "time_connect": 1414891172,
            "time_presimulate": 351980609,
            "time_simulate": 6301073390,
            "time_total": 8462199319
        }
    },
    "16": {
        "stats": {
            "local_spike_counter": 74834,
            "num_neurons": 77169,
            "rate": 0.09235635577819615
        },
        "timers": {
            "time_network": 77863680,
            "time_create": 307211910,
            "time_connect": 1421352354,
            "time_presimulate": 350921913,
            "time_simulate": 6301068310,
            "time_total": 8458418167
        }
    },
    "10": {
        "stats": {
            "local_spike_counter": 77793,
            "num_neurons": 77169,
            "rate": 0.09600820462695049
        },
        "timers": {
            "time_network": 69917632,
            "time_create": 308499954,
            "time_connect": 1418897987,
            "time_presimulate": 352123507,
            "time_simulate": 6301069617,
            "time_total": 8450508697
        }
    },
    "29": {
        "stats": {
            "local_spike_counter": 76772,
            "num_neurons": 77169,
            "rate": 0.09474813782242932
        },
        "timers": {
            "time_network": 72592683,
            "time_create": 311725361,
            "time_connect": 1417128370,
            "time_presimulate": 350647537,
            "time_simulate": 6301078498,
            "time_total": 8453172449
        }
    },
    "18": {
        "stats": {
            "local_spike_counter": 78243,
            "num_neurons": 77169,
            "rate": 0.09656357197468265
        },
        "timers": {
            "time_network": 78744550,
            "time_create": 309649037,
            "time_connect": 1417732373,
            "time_presimulate": 352088387,
            "time_simulate": 6301066071,
            "time_total": 8459280418
        }
    },
    "8": {
        "stats": {
            "local_spike_counter": 73248,
            "num_neurons": 77169,
            "rate": 0.09039899441485572
        },
        "timers": {
            "time_network": 76048707,
            "time_create": 309791607,
            "time_connect": 1417680015,
            "time_presimulate": 352014966,
            "time_simulate": 6301071117,
            "time_total": 8456606412
        }
    },
    "1": {
        "stats": {
            "local_spike_counter": 79095,
            "num_neurons": 77169,
            "rate": 0.09761506748638887
        },
        "timers": {
            "time_network": 78637109,
            "time_create": 310957646,
            "time_connect": 1416674821,
            "time_presimulate": 351840608,
            "time_simulate": 6301070060,
            "time_total": 8459180244
        }
    },
    "27": {
        "stats": {
            "local_spike_counter": 79248,
            "num_neurons": 77169,
            "rate": 0.0978038923846178
        },
        "timers": {
            "time_network": 65830626,
            "time_create": 312943946,
            "time_connect": 1414520529,
            "time_presimulate": 352019173,
            "time_simulate": 6301075277,
            "time_total": 8446389551
        }
    },
    "21": {
        "stats": {
            "local_spike_counter": 76935,
            "num_neurons": 77169,
            "rate": 0.09494930421727452
        },
        "timers": {
            "time_network": 70237373,
            "time_create": 311664421,
            "time_connect": 1415873302,
            "time_presimulate": 351967805,
            "time_simulate": 6301066511,
            "time_total": 8450809412
        }
    },
    "13": {
        "stats": {
            "local_spike_counter": 77111,
            "num_neurons": 77169,
            "rate": 0.09516651455772088
        },
        "timers": {
            "time_network": 61796676,
            "time_create": 310598416,
            "time_connect": 1416884686,
            "time_presimulate": 352042586,
            "time_simulate": 6301026967,
            "time_total": 8442349331
        }
    },
    "5": {
        "stats": {
            "local_spike_counter": 76284,
            "num_neurons": 77169,
            "rate": 0.09414587278755532
        },
        "timers": {
            "time_network": 67861163,
            "time_create": 312901316,
            "time_connect": 1414554240,
            "time_presimulate": 352021929,
            "time_simulate": 6301071729,
            "time_total": 8448410377
        }
    },
    "25": {
        "stats": {
            "local_spike_counter": 76706,
            "num_neurons": 77169,
            "rate": 0.09466668394476192
        },
        "timers": {
            "time_network": 73536177,
            "time_create": 313638518,
            "time_connect": 1413947507,
            "time_presimulate": 351924413,
            "time_simulate": 6301085128,
            "time_total": 8454131743
        }
    },
    "17": {
        "stats": {
            "local_spike_counter": 77923,
            "num_neurons": 77169,
            "rate": 0.09616864408296201
        },
        "timers": {
            "time_network": 60918048,
            "time_create": 315666386,
            "time_connect": 1412116080,
            "time_presimulate": 351736312,
            "time_simulate": 6301073501,
            "time_total": 8441510327
        }
    },
    "9": {
        "stats": {
            "local_spike_counter": 75771,
            "num_neurons": 77169,
            "rate": 0.09351275401114068
        },
        "timers": {
            "time_network": 59325470,
            "time_create": 323804266,
            "time_connect": 1403198271,
            "time_presimulate": 352489491,
            "time_simulate": 6301072667,
            "time_total": 8439890165
        }
    },
    "7": {
        "stats": {
            "local_spike_counter": 76320,
            "num_neurons": 77169,
            "rate": 0.09419030217537391
        },
        "timers": {
            "time_network": 65344259,
            "time_create": 324940008,
            "time_connect": 1403767654,
            "time_presimulate": 350770673,
            "time_simulate": 6301072390,
            "time_total": 8445894984
        }
    },
    "28": {
        "stats": {
            "local_spike_counter": 75616,
            "num_neurons": 77169,
            "rate": 0.09332146081358848
        },
        "timers": {
            "time_network": 67688374,
            "time_create": 311124868,
            "time_connect": 1416410227,
            "time_presimulate": 351951963,
            "time_simulate": 6301085808,
            "time_total": 8448261240
        }
    },
    "23": {
        "stats": {
            "local_spike_counter": 76259,
            "num_neurons": 77169,
            "rate": 0.09411501904601464
        },
        "timers": {
            "time_network": 69310173,
            "time_create": 312998655,
            "time_connect": 1414511617,
            "time_presimulate": 351997565,
            "time_simulate": 6301068661,
            "time_total": 8449886671
        }
    },
    "12": {
        "stats": {
            "local_spike_counter": 76725,
            "num_neurons": 77169,
            "rate": 0.09469013278833284
        },