{
    "threads": 64,
    "procs": 2,
    "vps": 128,
    "0": {
        "stats": {
            "local_spike_counter": 1228731,
            "num_neurons": 77169,
            "rate": 1.5164379478806256
        },
        "timers": {
            "time_network": 35022106,
            "time_create": 919084096,
            "time_connect": 13655925957,
            "time_presimulate": 792470944,
            "time_simulate": 14563076210,
            "time_total": 29965579313
        }
    },
    "1": {
        "stats": {
            "local_spike_counter": 1232793,
            "num_neurons": 77169,
            "rate": 1.5214510638061547
        },
        "timers": {
            "time_network": 34632253,
            "time_create": 883115346,
            "time_connect": 13690546871,
            "time_presimulate": 793819101,
            "time_simulate": 14563074690,
            "time_total": 29965188261
        }
    }
}