{
    "threads": 16,
    "procs": 32,
    "24": {
        "stats": {
            "local_spike_counter": 77241,
            "num_neurons": 77169,
            "rate": 0.09532695401373237
        },
        "timers": {
            "time_network": 61207897,
            "time_create": 308320677,
            "time_connect": 1356129533,
            "time_presimulate": 346885353,
            "time_simulate": 6246369096,
            "time_total": 8318912556
        }
    },
    "16": {
        "stats": {
            "local_spike_counter": 77213,
            "num_neurons": 77169,
            "rate": 0.09529239782320682
        },
        "timers": {
            "time_network": 52637765,
            "time_create": 313439610,
            "time_connect": 1350958829,
            "time_presimulate": 346972769,
            "time_simulate": 6246352644,
            "time_total": 8310361617
        }
    },
    "8": {
        "stats": {
            "local_spike_counter": 77809,
            "num_neurons": 77169,
            "rate": 0.09602795102153654
        },
        "timers": {
            "time_network": 47748547,
            "time_create": 312765349,
            "time_connect": 1351606153,
            "time_presimulate": 346994923,
            "time_simulate": 6246349367,
            "time_total": 8305464339
        }
    },
    "3": {
        "stats": {
            "local_spike_counter": 77252,
            "num_neurons": 77169,
            "rate": 0.09534052966001028
        },
        "timers": {
            "time_network": 59504039,
            "time_create": 309431848,
            "time_connect": 1354925641,
            "time_presimulate": 346982043,
            "time_simulate": 6246369576,
            "time_total": 8317213147
        }
    },
    "27": {
        "stats": {
            "local_spike_counter": 74905,
            "num_neurons": 77169,
            "rate": 0.09244398040417168
        },
        "timers": {
            "time_network": 59035228,
            "time_create": 319536302,
            "time_connect": 1344836868,
            "time_presimulate": 346954903,
            "time_simulate": 6246351736,
            "time_total": 8316715037
        }
    },
    "21": {
        "stats": {
            "local_spike_counter": 76909,
            "num_neurons": 77169,
            "rate": 0.09491721632607221
        },
        "timers": {
            "time_network": 34322568,
            "time_create": 313208008,
            "time_connect": 1350966509,
            "time_presimulate": 347186551,
            "time_simulate": 6246369064,
            "time_total": 8292052700
        }
    },
    "13": {
        "stats": {
            "local_spike_counter": 78129,
            "num_neurons": 77169,
            "rate": 0.09642287891325717
        },
        "timers": {
            "time_network": 57627402,
            "time_create": 308479083,
            "time_connect": 1355896589,
            "time_presimulate": 346954832,
            "time_simulate": 6246360667,
            "time_total": 8315318573
        }
    },
    "5": {
        "stats": {
            "local_spike_counter": 75491,
            "num_neurons": 77169,
            "rate": 0.0931671921058851
        },
        "timers": {
            "time_network": 56282852,
            "time_create": 312498964,
            "time_connect": 1352278927,
            "time_presimulate": 346569191,
            "time_simulate": 6246366166,
            "time_total": 8313996100
        }
    },
    "29": {
        "stats": {
            "local_spike_counter": 75066,
            "num_neurons": 77169,
            "rate": 0.09264267849969361
        },
        "timers": {
            "time_network": 60934136,
            "time_create": 320342155,
            "time_connect": 1344520707,
            "time_presimulate": 346493941,
            "time_simulate": 6246371626,
            "time_total": 8318662565
        }
    },
    "18": {
        "stats": {
            "local_spike_counter": 77026,
            "num_neurons": 77169,
            "rate": 0.09506161183648258
        },
        "timers": {
            "time_network": 50365449,
            "time_create": 308780268,
            "time_connect": 1355080215,
            "time_presimulate": 347504885,
            "time_simulate": 6246361224,
            "time_total": 8308092041
        }
    },
    "10": {
        "stats": {
            "local_spike_counter": 78013,
            "num_neurons": 77169,
            "rate": 0.09627971755250844
        },
        "timers": {
            "time_network": 74780104,
            "time_create": 310535305,
            "time_connect": 1353884248,
            "time_presimulate": 346968742,
            "time_simulate": 6246338087,
            "time_total": 8332506486
        }
    },
    "vps": 512,
    "0": {
        "stats": {
            "local_spike_counter": 78528,
            "num_neurons": 77169,
            "rate": 0.09691530462824635
        },
        "timers": {
            "time_network": 48439472,
            "time_create": 330069645,
            "time_connect": 1334308374,
            "time_presimulate": 346960834,
            "time_simulate": 6246354325,
            "time_total": 8306132650
        }
    },
    "25": {
        "stats": {
            "local_spike_counter": 74634,
            "num_neurons": 77169,
            "rate": 0.09210952584587075
        },
        "timers": {
            "time_network": 51385018,
            "time_create": 312211843,
            "time_connect": 1352165687,
            "time_presimulate": 346952493,
            "time_simulate": 6246381806,
            "time_total": 8309096847
        }
    },
    "17": {
        "stats": {
            "local_spike_counter": 78158,
            "num_neurons": 77169,
            "rate": 0.09645866925344435
        },
        "timers": {
            "time_network": 52138029,
            "time_create": 314992558,
            "time_connect": 1349612444,
            "time_presimulate": 346778926,
            "time_simulate": 6246367324,
            "time_total": 8309889281
        }
    },
    "9": {
        "stats": {
            "local_spike_counter": 75674,
            "num_neurons": 77169,
            "rate": 0.09339304149396284
        },
        "timers": {
            "time_network": 40569700,
            "time_create": 311195442,
            "time_connect": 1352844317,
            "time_presimulate": 347340106,
            "time_simulate": 6246356437,
            "time_total": 8298306002
        }
    },
    "30": {
        "stats": {
            "local_spike_counter": 77060,
            "num_neurons": 77169,
            "rate": 0.0951035729249779
        },
        "timers": {
            "time_network": 50143733,
            "time_create": 315211705,
            "time_connect": 1349161455,
            "time_presimulate": 346960083,
            "time_simulate": 6246367006,
            "time_total": 8307843982
        }
    },
    "20": {
        "stats": {
            "local_spike_counter": 76695,
            "num_neurons": 77169,
            "rate": 0.09465310829848403
        },
        "timers": {
            "time_network": 31579497,
            "time_create": 314344111,
            "time_connect": 1350102919,
            "time_presimulate": 346925228,
            "time_simulate": 6246368225,
            "time_total": 8289319980
        }
    },
    "12": {
        "stats": {
            "local_spike_counter": 79465,
            "num_neurons": 77169,
            "rate": 0.09807170286119088
        },
        "timers": {
            "time_network": 43080667,
            "time_create": 313762420,
            "time_connect": 1350277489,
            "time_presimulate": 347324976,
            "time_simulate": 6246362117,
            "time_total": 8300807669
        }
    },
    "1": {
        "stats": {
            "local_spike_counter": 76749,
            "num_neurons": 77169,
            "rate": 0.09471975238021188
        },