{
    "threads": 64,
    "procs": 6,
    "1": {
        "stats": {
            "local_spike_counter": 403980,
            "num_neurons": 77169,
            "rate": 0.49857178030408217
        },
        "timers": {
            "time_network": 88030108,
            "time_create": 525483040,
            "time_connect": 10000485384,
            "time_presimulate": 702207479,
            "time_simulate": 11047716605,
            "time_total": 22363922616
        }
    },
    "5": {
        "stats": {
            "local_spike_counter": 406231,
            "num_neurons": 77169,
            "rate": 0.5013498511924045
        },
        "timers": {
            "time_network": 79055606,
            "time_create": 520961207,
            "time_connect": 10004328762,
            "time_presimulate": 702856050,
            "time_simulate": 11047729203,
            "time_total": 22354930828
        }
    },
    "vps": 384,
    "0": {
        "stats": {
            "local_spike_counter": 413592,
            "num_neurons": 77169,
            "rate": 0.510434426851641
        },
        "timers": {
            "time_network": 81915006,
            "time_create": 556627292,
            "time_connect": 9970113306,
            "time_presimulate": 701481035,
            "time_simulate": 11047660055,
            "time_total": 22357796694
        }
    },
    "4": {
        "stats": {
            "local_spike_counter": 417143,
            "num_neurons": 77169,
            "rate": 0.5148168923000785
        },
        "timers": {
            "time_network": 76895192,
            "time_create": 526283307,
            "time_connect": 10000459888,
            "time_presimulate": 701452014,
            "time_simulate": 11047710483,
            "time_total": 22352800884
        }
    },
    "3": {
        "stats": {
            "local_spike_counter": 411683,
            "num_neurons": 77169,
            "rate": 0.5080784351475951
        },
        "timers": {
            "time_network": 73068254,
            "time_create": 519684264,
            "time_connect": 10001562403,
            "time_presimulate": 706994108,
            "time_simulate": 11047646982,
            "time_total": 22348956011
        }
    },
    "2": {
        "stats": {
            "local_spike_counter": 408061,
            "num_neurons": 77169,
            "rate": 0.503608345073182
        },
        "timers": {
            "time_network": 73067013,
            "time_create": 526514837,
            "time_connect": 9992049292,
            "time_presimulate": 709663236,
            "time_simulate": 11047663502,
            "time_total": 22348957880
        }
    }
}