{
    "threads": 32,
    "procs": 8,
    "2": {
        "stats": {
            "local_spike_counter": 308205,
            "num_neurons": 77169,
            "rate": 0.3803710964617546
        },
        "timers": {
            "time_network": 42095094,
            "time_create": 418301517,
            "time_connect": 3959717936,
            "time_presimulate": 354757354,
            "time_simulate": 6697158475,
            "time_total": 11472030376
        }
    },
    "7": {
        "stats": {
            "local_spike_counter": 309147,
            "num_neurons": 77169,
            "rate": 0.38153366544300726
        },
        "timers": {
            "time_network": 42210151,
            "time_create": 419787024,
            "time_connect": 3954728832,
            "time_presimulate": 358246821,
            "time_simulate": 6697165653,
            "time_total": 11472138481
        }
    },
    "vps": 256,
    "0": {
        "stats": {
            "local_spike_counter": 307534,
            "num_neurons": 77169,
            "rate": 0.3795429820388029
        },
        "timers": {
            "time_network": 42189094,
            "time_create": 459260766,
            "time_connect": 3918677087,
            "time_presimulate": 354822524,
            "time_simulate": 6697158636,
            "time_total": 11472108107
        }
    },
    "4": {
        "stats": {
            "local_spike_counter": 314338,
            "num_neurons": 77169,
            "rate": 0.3879401363365131
        },
        "timers": {
            "time_network": 45560196,
            "time_create": 427328843,
            "time_connect": 3946486716,
            "time_presimulate": 358965358,
            "time_simulate": 6697154983,
            "time_total": 11475496096
        }
    },
    "5": {
        "stats": {
            "local_spike_counter": 308543,
            "num_neurons": 77169,
            "rate": 0.38078823904738457
        },
        "timers": {
            "time_network": 49484157,
            "time_create": 423250600,
            "time_connect": 3951325166,
            "time_presimulate": 358192151,
            "time_simulate": 6697270174,
            "time_total": 11479522248
        }
    },
    "1": {
        "stats": {
            "local_spike_counter": 310217,
            "num_neurons": 77169,
            "rate": 0.3828542055809482
        },
        "timers": {
            "time_network": 59914285,
            "time_create": 422875790,
            "time_connect": 3955038782,
            "time_presimulate": 354874995,
            "time_simulate": 6697168515,
            "time_total": 11489872367
        }
    },
    "3": {
        "stats": {
            "local_spike_counter": 306634,
            "num_neurons": 77169,
            "rate": 0.3784322473433386
        },
        "timers": {
            "time_network": 44799778,
            "time_create": 421690354,
            "time_connect": 3956308569,
            "time_presimulate": 354788424,
            "time_simulate": 6697167076,
            "time_total": 11474754201
        }
    },
    "6": {
        "stats": {
            "local_spike_counter": 315843,
            "num_neurons": 77169,
            "rate": 0.38979753157726177
        },
        "timers": {
            "time_network": 42532784,
            "time_create": 428725157,
            "time_connect": 3945956690,
            "time_presimulate": 358126821,
            "time_simulate": 6697122572,
            "time_total": 11472464024
        }
    }
}