{
    "threads": 8,
    "procs": 16,
    "15": {
        "stats": {
            "local_spike_counter": 156941,
            "num_neurons": 77169,
            "rate": 0.19368868204540557
        },
        "timers": {
            "time_network": 57034742,
            "time_create": 343725942,
            "time_connect": 2958980855,
            "time_presimulate": 423288399,
            "time_simulate": 7826984153,
            "time_total": 11610014091
        }
    },
    "5": {
        "stats": {
            "local_spike_counter": 154772,
            "num_neurons": 77169,
            "rate": 0.1910118114293366
        },
        "timers": {
            "time_network": 71454476,
            "time_create": 340969797,
            "time_connect": 2960757074,
            "time_presimulate": 424312015,
            "time_simulate": 7827029753,
            "time_total": 11624523115
        }
    },
    "11": {
        "stats": {
            "local_spike_counter": 155534,
            "num_neurons": 77169,
            "rate": 0.19195223347149637
        },
        "timers": {
            "time_network": 8900056,
            "time_create": 336259833,
            "time_connect": 2966138702,
            "time_presimulate": 423635851,
            "time_simulate": 7827009473,
            "time_total": 11561943915
        }
    },
    "13": {
        "stats": {
            "local_spike_counter": 152212,
            "num_neurons": 77169,
            "rate": 0.18785238829557144
        },
        "timers": {
            "time_network": 67430385,
            "time_create": 341230809,
            "time_connect": 2961527558,
            "time_presimulate": 423265169,
            "time_simulate": 7827001393,
            "time_total": 11620455314
        }
    },
    "14": {
        "stats": {
            "local_spike_counter": 154139,
            "num_neurons": 77169,
            "rate": 0.19023059469352668
        },
        "timers": {
            "time_network": 61938517,
            "time_create": 345506041,
            "time_connect": 2957459147,
            "time_presimulate": 423051168,
            "time_simulate": 7827010853,
            "time_total": 11614965726
        }
    },
    "4": {
        "stats": {
            "local_spike_counter": 156747,
            "num_neurons": 77169,
            "rate": 0.19344925701104998
        },
        "timers": {
            "time_network": 71959709,
            "time_create": 344031493,
            "time_connect": 2958729273,
            "time_presimulate": 423312150,
            "time_simulate": 7827005403,
            "time_total": 11625038028
        }
    },
    "10": {
        "stats": {
            "local_spike_counter": 156435,
            "num_neurons": 77169,
            "rate": 0.1930642023166223
        },
        "timers": {
            "time_network": 24834577,
            "time_create": 346563236,
            "time_connect": 2955349587,
            "time_presimulate": 424080293,
            "time_simulate": 7827005053,
            "time_total": 11577832746
        }
    },
    "vps": 128,
    "0": {
        "stats": {
            "local_spike_counter": 155535,
            "num_neurons": 77169,
            "rate": 0.191953467621158
        },
        "timers": {
            "time_network": 9986751,
            "time_create": 358209106,
            "time_connect": 2944797872,
            "time_presimulate": 423010458,
            "time_simulate": 7826976683,
            "time_total": 11562980870
        }
    },
    "12": {
        "stats": {
            "local_spike_counter": 155237,
            "num_neurons": 77169,
            "rate": 0.1915856910219932
        },
        "timers": {
            "time_network": 86955006,
            "time_create": 341371179,
            "time_connect": 2961952651,
            "time_presimulate": 422749656,
            "time_simulate": 7827003723,
            "time_total": 11640032215
        }
    },
    "9": {
        "stats": {
            "local_spike_counter": 155043,
            "num_neurons": 77169,
            "rate": 0.19134626598763751
        },
        "timers": {
            "time_network": 30267755,
            "time_create": 341608701,
            "time_connect": 2961424647,
            "time_presimulate": 422932208,
            "time_simulate": 7827010613,
            "time_total": 11583243924
        }
    },
    "7": {
        "stats": {
            "local_spike_counter": 153063,
            "num_neurons": 77169,
            "rate": 0.18890264965761605
        },
        "timers": {
            "time_network": 56227558,
            "time_create": 340033733,
            "time_connect": 2962911625,
            "time_presimulate": 423032728,
            "time_simulate": 7826990073,
            "time_total": 11609195717
        }
    },
    "2": {
        "stats": {
            "local_spike_counter": 152068,
            "num_neurons": 77169,
            "rate": 0.18767467074429714
        },
        "timers": {
            "time_network": 20520535,
            "time_create": 342577896,
            "time_connect": 2957978460,
            "time_presimulate": 425442810,
            "time_simulate": 7826986583,
            "time_total": 11573506284
        }
    },
    "3": {
        "stats": {
            "local_spike_counter": 154356,
            "num_neurons": 77169,
            "rate": 0.19049840517009978
        },
        "timers": {
            "time_network": 20333224,
            "time_create": 346069264,
            "time_connect": 2956496942,
            "time_presimulate": 423452420,
            "time_simulate": 7827005953,
            "time_total": 11573357803
        }
    },
    "8": {
        "stats": {
            "local_spike_counter": 156069,
            "num_neurons": 77169,
            "rate": 0.19261250354046683
        },
        "timers": {
            "time_network": 30328075,
            "time_create": 344048484,
            "time_connect": 2956799503,
            "time_presimulate": 425155579,
            "time_simulate": 7826998693,
            "time_total": 11583330334
        }
    },
    "6": {
        "stats": {
            "local_spike_counter": 153010,
            "num_neurons": 77169,
            "rate": 0.1888372397255498
        },
        "timers": {
            "time_network": 29336590,
            "time_create": 341086398,
            "time_connect": 2959896280,
            "time_presimulate": 425031858,
            "time_simulate": 7826982013,
            "time_total": 11582333139
        }
    },
    "1": {
        "stats": {
            "local_spike_counter": 155662,
            "num_neurons": 77169,
            "rate": 0.19211020462818465
        },
        "timers": {
            "time_network": 19526050,
            "time_create": 376528560,
            "time_connect": 2926510498,
            "time_presimulate": 422967058,
            "time_simulate": 7827001713,
            "time_total": 11572533879
        }
    }
}