{
    "threads": 128,
    "procs": 2,
    "1": {
        "stats": {
            "local_spike_counter": 1239869,
            "num_neurons": 77169,
            "rate": 1.5301839068118273
        },
        "timers": {
            "time_network": 79954458,
            "time_create": 1023381736,
            "time_connect": 25503485905,
            "time_presimulate": 1695658365,
            "time_simulate": 30448780222,
            "time_total": 58751260686
        }
    },
    "vps": 256,
    "0": {
        "stats": {
            "local_spike_counter": 1221892,
            "num_neurons": 77169,
            "rate": 1.5079975983447587
        },
        "timers": {
            "time_network": 91812476,
            "time_create": 1004461602,
            "time_connect": 25517480110,
            "time_presimulate": 1700501497,
            "time_simulate": 30448921766,
            "time_total": 58763177451
        }
    }
}