{
    "threads": 32,
    "procs": 8,
    "2": {
        "stats": {
            "local_spike_counter": 302706,
            "num_neurons": 77169,
            "rate": 0.37358450747246763
        },
        "timers": {
            "time_network": 62484888,
            "time_create": 436293938,
            "time_connect": 3896856326,
            "time_presimulate": 352962675,
            "time_simulate": 6682012698,
            "time_total": 11430610525
        }
    },
    "5": {
        "stats": {
            "local_spike_counter": 308781,
            "num_neurons": 77169,
            "rate": 0.3810819666668518
        },
        "timers": {
            "time_network": 50950123,
            "time_create": 421923256,
            "time_connect": 3911638612,
            "time_presimulate": 352527432,
            "time_simulate": 6682034594,
            "time_total": 11419074017
        }
    },
    "3": {
        "stats": {
            "local_spike_counter": 306435,
            "num_neurons": 77169,
            "rate": 0.3781866515606748
        },
        "timers": {
            "time_network": 63053050,
            "time_create": 418966401,
            "time_connect": 3914038213,
            "time_presimulate": 353090806,
            "time_simulate": 6682085849,
            "time_total": 11431234319
        }
    },
    "7": {
        "stats": {
            "local_spike_counter": 311155,
            "num_neurons": 77169,
            "rate": 0.38401183796355437
        },
        "timers": {
            "time_network": 50978492,
            "time_create": 452523716,
            "time_connect": 3880785329,
            "time_presimulate": 352773695,
            "time_simulate": 6682031834,
            "time_total": 11419093066
        }
    },
    "1": {
        "stats": {
            "local_spike_counter": 313498,
            "num_neurons": 77169,
            "rate": 0.3869034506207465
        },
        "timers": {
            "time_network": 65084991,
            "time_create": 434590870,
            "time_connect": 3898564365,
            "time_presimulate": 352922045,
            "time_simulate": 6682041208,
            "time_total": 11433203479
        }
    },
    "4": {
        "stats": {
            "local_spike_counter": 303494,
            "num_neurons": 77169,
            "rate": 0.37455701740582975
        },
        "timers": {
            "time_network": 50947292,
            "time_create": 434588649,
            "time_connect": 3898359913,
            "time_presimulate": 353193028,
            "time_simulate": 6681970374,
            "time_total": 11419059256
        }
    },
    "vps": 256,
    "0": {
        "stats": {
            "local_spike_counter": 306401,
            "num_neurons": 77169,
            "rate": 0.3781446904721795
        },
        "timers": {
            "time_network": 62328217,
            "time_create": 466807373,
            "time_connect": 3866368531,
            "time_presimulate": 352914055,
            "time_simulate": 6682037809,
            "time_total": 11430455985
        }
    },
    "6": {
        "stats": {
            "local_spike_counter": 309291,
            "num_neurons": 77169,
            "rate": 0.38171138299428153
        },
        "timers": {
            "time_network": 50934482,
            "time_create": 423056178,
            "time_connect": 3910319668,
            "time_presimulate": 352711334,
            "time_simulate": 6682081865,
            "time_total": 11419103527
        }
    }
}