{
    "threads": 16,
    "procs": 32,
    "18": {
        "stats": {
            "local_spike_counter": 79886,
            "num_neurons": 77169,
            "rate": 0.09859127986873584
        },
        "timers": {
            "time_network": 73783436,
            "time_create": 306250911,
            "time_connect": 1460541934,
            "time_presimulate": 362412867,
            "time_simulate": 6263457971,
            "time_total": 8466447119
        }
    },
    "29": {
        "stats": {
            "local_spike_counter": 75908,
            "num_neurons": 77169,
            "rate": 0.09368183251478358
        },
        "timers": {
            "time_network": 74010570,
            "time_create": 307082329,
            "time_connect": 1459728423,
            "time_presimulate": 362349278,
            "time_simulate": 6263461492,
            "time_total": 8466632092
        }
    },
    "3": {
        "stats": {
            "local_spike_counter": 77974,
            "num_neurons": 77169,
            "rate": 0.09623158571570499
        },
        "timers": {
            "time_network": 84405969,
            "time_create": 309352397,
            "time_connect": 1457539523,
            "time_presimulate": 362271612,
            "time_simulate": 6263483875,
            "time_total": 8477053376
        }
    },
    "24": {
        "stats": {
            "local_spike_counter": 77747,
            "num_neurons": 77169,
            "rate": 0.09595143374251566
        },
        "timers": {
            "time_network": 70582707,
            "time_create": 313402293,
            "time_connect": 1452914037,
            "time_presimulate": 362881850,
            "time_simulate": 6263463692,
            "time_total": 8463244579
        }
    },
    "21": {
        "stats": {
            "local_spike_counter": 75529,
            "num_neurons": 77169,
            "rate": 0.09321408979302692
        },
        "timers": {
            "time_network": 65366321,
            "time_create": 313906467,
            "time_connect": 1453062960,
            "time_presimulate": 362239385,
            "time_simulate": 6263473871,
            "time_total": 8458049004
        }
    },
    "8": {
        "stats": {
            "local_spike_counter": 76318,
            "num_neurons": 77169,
            "rate": 0.09418783387605065
        },
        "timers": {
            "time_network": 78811062,
            "time_create": 308962552,
            "time_connect": 1457286745,
            "time_presimulate": 362925005,
            "time_simulate": 6263455802,
            "time_total": 8471441166
        }
    },
    "1": {
        "stats": {
            "local_spike_counter": 77631,
            "num_neurons": 77169,
            "rate": 0.09580827238176692
        },
        "timers": {
            "time_network": 69867623,
            "time_create": 310111301,
            "time_connect": 1456681739,
            "time_presimulate": 362362083,
            "time_simulate": 6263484554,
            "time_total": 8462507300
        }
    },
    "27": {
        "stats": {
            "local_spike_counter": 76745,
            "num_neurons": 77169,
            "rate": 0.09471481578156539
        },
        "timers": {
            "time_network": 68301378,
            "time_create": 309236688,
            "time_connect": 1457317343,
            "time_presimulate": 362600329,
            "time_simulate": 6263469072,
            "time_total": 8460924810
        }
    },
    "16": {
        "stats": {
            "local_spike_counter": 76855,
            "num_neurons": 77169,
            "rate": 0.09485057224434434
        },
        "timers": {
            "time_network": 71036685,
            "time_create": 310553170,
            "time_connect": 1455811260,
            "time_presimulate": 362826352,
            "time_simulate": 6263463240,
            "time_total": 8463690707
        }
    },
    "10": {
        "stats": {
            "local_spike_counter": 76989,
            "num_neurons": 77169,
            "rate": 0.09501594829900238
        },
        "timers": {
            "time_network": 82372619,
            "time_create": 310751411,
            "time_connect": 1455896301,
            "time_presimulate": 362548430,
            "time_simulate": 6263461572,
            "time_total": 8475030333
        }
    },
    "5": {
        "stats": {
            "local_spike_counter": 76535,
            "num_neurons": 77169,
            "rate": 0.09445564435262371
        },
        "timers": {
            "time_network": 70164254,
            "time_create": 310433653,
            "time_connect": 1456416778,
            "time_presimulate": 362333423,
            "time_simulate": 6263485004,
            "time_total": 8462833112
        }
    },
    "30": {
        "stats": {
            "local_spike_counter": 78837,
            "num_neurons": 77169,
            "rate": 0.09729665687368909
        },
        "timers": {
            "time_network": 57080356,
            "time_create": 311534176,
            "time_connect": 1455435736,
            "time_presimulate": 362206158,
            "time_simulate": 6263477713,
            "time_total": 8449734139
        }
    },
    "17": {
        "stats": {
            "local_spike_counter": 76566,
            "num_neurons": 77169,
            "rate": 0.09449390299213414
        },
        "timers": {
            "time_network": 59382123,
            "time_create": 309850082,
            "time_connect": 1457040844,
            "time_presimulate": 362295146,
            "time_simulate": 6263459630,
            "time_total": 8452027825
        }
    },
    "13": {
        "stats": {
            "local_spike_counter": 78499,
            "num_neurons": 77169,
            "rate": 0.09687951428805916
        },
        "timers": {
            "time_network": 64970187,
            "time_create": 313597860,
            "time_connect": 1452990681,
            "time_presimulate": 362595861,
            "time_simulate": 6263457592,
            "time_total": 8457612181
        }
    },
    "7": {
        "stats": {
            "local_spike_counter": 76231,
            "num_neurons": 77169,
            "rate": 0.09408046285548909
        },
        "timers": {
            "time_network": 67739392,
            "time_create": 325182609,
            "time_connect": 1441015728,
            "time_presimulate": 362972506,
            "time_simulate": 6263486164,
            "time_total": 8460396399
        }
    },
    "26": {
        "stats": {
            "local_spike_counter": 79053,
            "num_neurons": 77169,
            "rate": 0.09756323320060054
        },
        "timers": {
            "time_network": 57458247,
            "time_create": 315282021,
            "time_connect": 1451427800,
            "time_presimulate": 362482579,
            "time_simulate": 6263481883,
            "time_total": 8450132530
        }
    },
    "20": {
        "stats": {
            "local_spike_counter": 78153,
            "num_neurons": 77169,
            "rate": 0.09645249850513624
        },
        "timers": {
            "time_network": 59363083,
            "time_create": 313445073,
            "time_connect": 1452885597,
            "time_presimulate": 362853232,
            "time_simulate": 6263464391,
            "time_total": 8452011376
        }
    },
    "12": {
        "stats": {
            "local_spike_counter": 78546,
            "num_neurons": 77169,
            "rate": 0.09693751932215565
        },
        "timers": {
            "time_network": 59892374,
            "time_create": 315882644,
            "time_connect": 1450330623,
            "time_presimulate": 362974815,
            "time_simulate": 6263483722,
            "time_total": 8452564178
        }
    },
    "vps": 512,
    "0": {
        "stats": {
            "local_spike_counter": 76742,
            "num_neurons": 77169,
            "rate": 0.09471111333258052
        },