{
    "threads": 128,
    "procs": 3,
    "2": {
        "stats": {
            "local_spike_counter": 830473,
            "num_neurons": 77169,
            "rate": 1.0249279719403734
        },
        "timers": {
            "time_network": 104929081,
            "time_create": 808587948,
            "time_connect": 33986095040,
            "time_presimulate": 1735549832,
            "time_simulate": 26930840064,
            "time_total": 63566001965
        }
    },
    "vps": 384,
    "0": {
        "stats": {
            "local_spike_counter": 836353,
            "num_neurons": 77169,
            "rate": 1.0321847719507402
        },
        "timers": {
            "time_network": 104755079,
            "time_create": 853558490,
            "time_connect": 33945247314,
            "time_presimulate": 1731440355,
            "time_simulate": 26930909206,
            "time_total": 63565910444
        }
    },
    "1": {
        "stats": {
            "local_spike_counter": 829340,
            "num_neurons": 77169,
            "rate": 1.02352968037375
        },
        "timers": {
            "time_network": 90889933,
            "time_create": 830399186,
            "time_connect": 33967678663,
            "time_presimulate": 1732169588,
            "time_simulate": 26930821887,
            "time_total": 63551959257
        }
    }
}