{
    "threads": 128,
    "procs": 2,
    "vps": 256,
    "0": {
        "stats": {
            "local_spike_counter": 1236794,
            "num_neurons": 77169,
            "rate": 1.5263888966023242
        },
        "timers": {
            "time_network": 95535986,
            "time_create": 1019707542,
            "time_connect": 24711016226,
            "time_presimulate": 1414833273,
            "time_simulate": 27331114578,
            "time_total": 54572207605
        }
    },
    "1": {
        "stats": {
            "local_spike_counter": 1237370,
            "num_neurons": 77169,
            "rate": 1.5270997668074215
        },
        "timers": {
            "time_network": 79859710,
            "time_create": 1010333558,
            "time_connect": 24719693495,
            "time_presimulate": 1415522244,
            "time_simulate": 27331144947,
            "time_total": 54556553954
        }
    }
}