{
    "threads": 64,
    "procs": 8,
    "vps": 512,
    "0": {
        "stats": {
            "local_spike_counter": 309089,
            "num_neurons": 77169,
            "rate": 0.3814620847626329
        },
        "timers": {
            "time_network": 76488951,
            "time_create": 491549965,
            "time_connect": 6385756304,
            "time_presimulate": 672281812,
            "time_simulate": 11497568374,
            "time_total": 19123645406
        }
    },
    "6": {
        "stats": {
            "local_spike_counter": 310220,
            "num_neurons": 77169,
            "rate": 0.382857908029933
        },
        "timers": {
            "time_network": 54021035,
            "time_create": 500308972,
            "time_connect": 6376271817,
            "time_presimulate": 673046180,
            "time_simulate": 11497570688,
            "time_total": 19101218692
        }
    },
    "4": {
        "stats": {
            "local_spike_counter": 307590,
            "num_neurons": 77169,
            "rate": 0.379612094419854
        },
        "timers": {
            "time_network": 68810083,
            "time_create": 489800722,
            "time_connect": 6388516714,
            "time_presimulate": 671332383,
            "time_simulate": 11497549399,
            "time_total": 19116009301
        }
    },
    "3": {
        "stats": {
            "local_spike_counter": 308768,
            "num_neurons": 77169,
            "rate": 0.3810659227212506
        },
        "timers": {
            "time_network": 76854676,
            "time_create": 481592740,
            "time_connect": 6395322941,
            "time_presimulate": 672720655,
            "time_simulate": 11497552972,
            "time_total": 19124043984
        }
    },
    "1": {
        "stats": {
            "local_spike_counter": 314532,
            "num_neurons": 77169,
            "rate": 0.3881795613708688
        },
        "timers": {
            "time_network": 72007248,
            "time_create": 492336929,
            "time_connect": 6384791739,
            "time_presimulate": 672460253,
            "time_simulate": 11497596745,
            "time_total": 19119192914
        }
    },
    "5": {
        "stats": {
            "local_spike_counter": 307129,
            "num_neurons": 77169,
            "rate": 0.37904315142584394
        },
        "timers": {
            "time_network": 71261771,
            "time_create": 489581509,
            "time_connect": 6388152930,
            "time_presimulate": 672253834,
            "time_simulate": 11497209106,
            "time_total": 19118459150
        }
    },
    "7": {
        "stats": {
            "local_spike_counter": 308424,
            "num_neurons": 77169,
            "rate": 0.38064137523765096
        },
        "timers": {
            "time_network": 54208636,
            "time_create": 495041371,
            "time_connect": 6382520082,
            "time_presimulate": 672440087,
            "time_simulate": 11497193376,
            "time_total": 19101403552
        }
    },
    "2": {
        "stats": {
            "local_spike_counter": 309538,
            "num_neurons": 77169,
            "rate": 0.3820162179607034
        },
        "timers": {
            "time_network": 70129534,
            "time_create": 491720850,
            "time_connect": 6386236782,
            "time_presimulate": 672129769,
            "time_simulate": 11497112747,
            "time_total": 19117329682
        }
    }
}