{
    "threads": 64,
    "procs": 4,
    "1": {
        "stats": {
            "local_spike_counter": 619998,
            "num_neurons": 77169,
            "rate": 0.7651703219094269
        },
        "timers": {
            "time_network": 64913660,
            "time_create": 615955097,
            "time_connect": 8067588300,
            "time_presimulate": 717442362,
            "time_simulate": 11402664180,
            "time_total": 20868563599
        }
    },
    "vps": 256,
    "0": {
        "stats": {
            "local_spike_counter": 612163,
            "num_neurons": 77169,
            "rate": 0.7555007593105794
        },
        "timers": {
            "time_network": 63376932,
            "time_create": 682394994,
            "time_connect": 8002694840,
            "time_presimulate": 715907655,
            "time_simulate": 11402655180,
            "time_total": 20867029601
        }
    },
    "3": {
        "stats": {
            "local_spike_counter": 613941,
            "num_neurons": 77169,
            "rate": 0.7576950774089521
        },
        "timers": {
            "time_network": 65196617,
            "time_create": 609542665,
            "time_connect": 8075692076,
            "time_presimulate": 715792998,
            "time_simulate": 11402602790,
            "time_total": 20868827146
        }
    },
    "2": {
        "stats": {
            "local_spike_counter": 622599,
            "num_neurons": 77169,
            "rate": 0.7683803451793187
        },
        "timers": {
            "time_network": 63548370,
            "time_create": 617383296,
            "time_connect": 8067099297,
            "time_presimulate": 716558616,
            "time_simulate": 11402621441,
            "time_total": 20867211020
        }
    }
}