{
    "threads": 8,
    "procs": 16,
    "14": {
        "stats": {
            "local_spike_counter": 152944,
            "num_neurons": 77169,
            "rate": 0.1887557858478824
        },
        "timers": {
            "time_network": 68512592,
            "time_create": 322891151,
            "time_connect": 2598471504,
            "time_presimulate": 396856801,
            "time_simulate": 7875740515,
            "time_total": 11262472563
        }
    },
    "15": {
        "stats": {
            "local_spike_counter": 153947,
            "num_neurons": 77169,
            "rate": 0.1899936379584943
        },
        "timers": {
            "time_network": 71304697,
            "time_create": 322764120,
            "time_connect": 2598875246,
            "time_presimulate": 396534659,
            "time_simulate": 7875734875,
            "time_total": 11265213597
        }
    },
    "4": {
        "stats": {
            "local_spike_counter": 157079,
            "num_neurons": 77169,
            "rate": 0.19385899469871012
        },
        "timers": {
            "time_network": 50293549,
            "time_create": 329625765,
            "time_connect": 2589567988,
            "time_presimulate": 399021112,
            "time_simulate": 7875730275,
            "time_total": 11244238689
        }
    },
    "5": {
        "stats": {
            "local_spike_counter": 153110,
            "num_neurons": 77169,
            "rate": 0.1889606546917125
        },
        "timers": {
            "time_network": 74989666,
            "time_create": 328009426,
            "time_connect": 2591440168,
            "time_presimulate": 398742891,
            "time_simulate": 7875732555,
            "time_total": 11268914706
        }
    },
    "7": {
        "stats": {
            "local_spike_counter": 152232,
            "num_neurons": 77169,
            "rate": 0.187877071288804
        },
        "timers": {
            "time_network": 18337744,
            "time_create": 322168797,
            "time_connect": 2599867611,
            "time_presimulate": 396138727,
            "time_simulate": 7875740355,
            "time_total": 11212253234
        }
    },
    "8": {
        "stats": {
            "local_spike_counter": 154775,
            "num_neurons": 77169,
            "rate": 0.19101551387832147
        },
        "timers": {
            "time_network": 26406976,
            "time_create": 321948506,
            "time_connect": 2599902291,
            "time_presimulate": 396287918,
            "time_simulate": 7875730215,
            "time_total": 11220275906
        }
    },
    "11": {
        "stats": {
            "local_spike_counter": 155121,
            "num_neurons": 77169,
            "rate": 0.19144252966124442
        },
        "timers": {
            "time_network": 21803012,
            "time_create": 323115432,
            "time_connect": 2598346313,
            "time_presimulate": 396707280,
            "time_simulate": 7875725835,
            "time_total": 11215697872
        }
    },
    "12": {
        "stats": {
            "local_spike_counter": 154792,
            "num_neurons": 77169,
            "rate": 0.19103649442256915
        },
        "timers": {
            "time_network": 77633560,
            "time_create": 331679676,
            "time_connect": 2590082980,
            "time_presimulate": 396446409,
            "time_simulate": 7875729065,
            "time_total": 11271571690
        }
    },
    "13": {
        "stats": {
            "local_spike_counter": 154783,
            "num_neurons": 77169,
            "rate": 0.1910253870756145
        },
        "timers": {
            "time_network": 68954275,
            "time_create": 339713957,
            "time_connect": 2580031349,
            "time_presimulate": 398414029,
            "time_simulate": 7875727285,
            "time_total": 11262840895
        }
    },
    "2": {
        "stats": {
            "local_spike_counter": 155956,
            "num_neurons": 77169,
            "rate": 0.192473044628703
        },
        "timers": {
            "time_network": 32489257,
            "time_create": 323910326,
            "time_connect": 2597392248,
            "time_presimulate": 396850661,
            "time_simulate": 7875736755,
            "time_total": 11226379247
        }
    },
    "6": {
        "stats": {
            "local_spike_counter": 155908,
            "num_neurons": 77169,
            "rate": 0.1924138054449449
        },
        "timers": {
            "time_network": 67407937,
            "time_create": 323362763,
            "time_connect": 2598745305,
            "time_presimulate": 396064037,
            "time_simulate": 7875731505,
            "time_total": 11261311547
        }
    },
    "9": {
        "stats": {
            "local_spike_counter": 159563,
            "num_neurons": 77169,
            "rate": 0.19692462245819164
        },
        "timers": {
            "time_network": 17521910,
            "time_create": 323004921,
            "time_connect": 2598626155,
            "time_presimulate": 396562619,
            "time_simulate": 7875728115,
            "time_total": 11211443720
        }
    },
    "vps": 128,
    "0": {
        "stats": {
            "local_spike_counter": 154618,
            "num_neurons": 77169,
            "rate": 0.19082175238144605
        },
        "timers": {
            "time_network": 25696872,
            "time_create": 337531686,
            "time_connect": 2583472636,
            "time_presimulate": 397152363,
            "time_simulate": 7875723195,
            "time_total": 11219576752
        }
    },
    "3": {
        "stats": {
            "local_spike_counter": 153646,
            "num_neurons": 77169,
            "rate": 0.1896221589103446
        },
        "timers": {
            "time_network": 19823962,
            "time_create": 329348244,
            "time_connect": 2592330452,
            "time_presimulate": 396477909,
            "time_simulate": 7875729465,
            "time_total": 11213710032
        }
    },
    "1": {
        "stats": {
            "local_spike_counter": 155201,
            "num_neurons": 77169,
            "rate": 0.1915412616341746
        },
        "timers": {
            "time_network": 19441890,
            "time_create": 326988362,
            "time_connect": 2592636133,
            "time_presimulate": 398529690,
            "time_simulate": 7875753685,
            "time_total": 11213349760
        }
    },
    "10": {
        "stats": {
            "local_spike_counter": 154928,
            "num_neurons": 77169,
            "rate": 0.1912043387765504
        },
        "timers": {
            "time_network": 8965686,
            "time_create": 328471069,
            "time_connect": 2593274537,
            "time_presimulate": 396420779,
            "time_simulate": 7875722845,
            "time_total": 11202854916
        }
    }
}