{
    "threads": 64,
    "procs": 6,
    "1": {
        "stats": {
            "local_spike_counter": 409273,
            "num_neurons": 77169,
            "rate": 0.505104134463074
        },
        "timers": {
            "time_network": 78183907,
            "time_create": 531451641,
            "time_connect": 9540069281,
            "time_presimulate": 713182796,
            "time_simulate": 11045452863,
            "time_total": 21908340488
        }
    },
    "5": {
        "stats": {
            "local_spike_counter": 411592,
            "num_neurons": 77169,
            "rate": 0.5079661275283869
        },
        "timers": {
            "time_network": 71721521,
            "time_create": 530533236,
            "time_connect": 9538433777,
            "time_presimulate": 715674743,
            "time_simulate": 11045387218,
            "time_total": 21901750495
        }
    },
    "3": {
        "stats": {
            "local_spike_counter": 416386,
            "num_neurons": 77169,
            "rate": 0.5138826410062269
        },
        "timers": {
            "time_network": 76620321,
            "time_create": 532327470,
            "time_connect": 9538413360,
            "time_presimulate": 714039215,
            "time_simulate": 11045361205,
            "time_total": 21906761571
        }
    },
    "vps": 384,
    "0": {
        "stats": {
            "local_spike_counter": 407393,
            "num_neurons": 77169,
            "rate": 0.5027839330992151
        },
        "timers": {
            "time_network": 74024995,
            "time_create": 575402339,
            "time_connect": 9496073043,
            "time_presimulate": 713258896,
            "time_simulate": 11045400203,
            "time_total": 21904159476
        }
    },
    "4": {
        "stats": {
            "local_spike_counter": 411301,
            "num_neurons": 77169,
            "rate": 0.5076069899768536
        },
        "timers": {
            "time_network": 70255844,
            "time_create": 539789750,
            "time_connect": 9529255534,
            "time_presimulate": 715714424,
            "time_simulate": 11045370607,
            "time_total": 21900386159
        }
    },
    "2": {
        "stats": {
            "local_spike_counter": 412193,
            "num_neurons": 77169,
            "rate": 0.5087078514750247
        },
        "timers": {
            "time_network": 71232574,
            "time_create": 550117039,
            "time_connect": 9520296808,
            "time_presimulate": 714362838,
            "time_simulate": 11045390496,
            "time_total": 21901399755
        }
    }
}