{
    "threads": 4,
    "procs": 32,
    "8": {
        "stats": {
            "local_spike_counter": 78118,
            "num_neurons": 77169,
            "rate": 0.09640930326697929
        },
        "timers": {
            "time_network": 48228025,
            "time_create": 291471056,
            "time_connect": 1951325579,
            "time_presimulate": 397318672,
            "time_simulate": 7741784978,
            "time_total": 10430128310
        }
    },
    "9": {
        "stats": {
            "local_spike_counter": 77757,
            "num_neurons": 77169,
            "rate": 0.09596377523913192
        },
        "timers": {
            "time_network": 59287060,
            "time_create": 290819543,
            "time_connect": 1951784302,
            "time_presimulate": 397453802,
            "time_simulate": 7741865219,
            "time_total": 10441209926
        }
    },
    "28": {
        "stats": {
            "local_spike_counter": 76908,
            "num_neurons": 77169,
            "rate": 0.09491598217641059
        },
        "timers": {
            "time_network": 53951684,
            "time_create": 291801577,
            "time_connect": 1950607966,
            "time_presimulate": 397648754,
            "time_simulate": 7741859708,
            "time_total": 10435869689
        }
    },
    "29": {
        "stats": {
            "local_spike_counter": 77885,
            "num_neurons": 77169,
            "rate": 0.09612174639582018
        },
        "timers": {
            "time_network": 55332880,
            "time_create": 293990429,
            "time_connect": 1948967548,
            "time_presimulate": 397222721,
            "time_simulate": 7741824128,
            "time_total": 10437337706
        }
    },
    "10": {
        "stats": {
            "local_spike_counter": 78199,
            "num_neurons": 77169,
            "rate": 0.09650926938957105
        },
        "timers": {
            "time_network": 88585158,
            "time_create": 291734218,
            "time_connect": 1950104433,
            "time_presimulate": 398213107,
            "time_simulate": 7741866998,
            "time_total": 10470503914
        }
    },
    "11": {
        "stats": {
            "local_spike_counter": 78884,
            "num_neurons": 77169,
            "rate": 0.09735466190778556
        },
        "timers": {
            "time_network": 87900385,
            "time_create": 287739097,
            "time_connect": 1954626837,
            "time_presimulate": 397575162,
            "time_simulate": 7741864699,
            "time_total": 10469706180
        }
    },
    "30": {
        "stats": {
            "local_spike_counter": 75726,
            "num_neurons": 77169,
            "rate": 0.09345721727636745
        },
        "timers": {
            "time_network": 87909076,
            "time_create": 293041173,
            "time_connect": 1949734132,
            "time_presimulate": 397349902,
            "time_simulate": 7741768108,
            "time_total": 10469802391
        }
    },
    "31": {
        "stats": {
            "local_spike_counter": 78037,
            "num_neurons": 77169,
            "rate": 0.09630933714438748
        },
        "timers": {
            "time_network": 62452416,
            "time_create": 291654967,
            "time_connect": 1951171879,
            "time_presimulate": 397248522,
            "time_simulate": 7741861398,
            "time_total": 10444389182
        }
    },
    "12": {
        "stats": {
            "local_spike_counter": 78329,
            "num_neurons": 77169,
            "rate": 0.09666970884558257
        },
        "timers": {
            "time_network": 53959723,
            "time_create": 294344610,
            "time_connect": 1948400175,
            "time_presimulate": 397235372,
            "time_simulate": 7741839488,
            "time_total": 10435779368
        }
    },
    "25": {
        "stats": {
            "local_spike_counter": 77286,
            "num_neurons": 77169,
            "rate": 0.0953824907485056
        },
        "timers": {
            "time_network": 65325891,
            "time_create": 294988193,
            "time_connect": 1947766993,
            "time_presimulate": 397402361,
            "time_simulate": 7741779949,
            "time_total": 10447263387
        }
    },
    "24": {
        "stats": {
            "local_spike_counter": 77951,
            "num_neurons": 77169,
            "rate": 0.09620320027348757
        },
        "timers": {
            "time_network": 42215214,
            "time_create": 295191364,
            "time_connect": 1946939898,
            "time_presimulate": 397996275,
            "time_simulate": 7741834779,
            "time_total": 10424177530
        }
    },
    "14": {
        "stats": {
            "local_spike_counter": 78413,
            "num_neurons": 77169,
            "rate": 0.09677337741715925
        },
        "timers": {
            "time_network": 60545277,
            "time_create": 294956003,
            "time_connect": 1947532711,
            "time_presimulate": 397575503,
            "time_simulate": 7741861638,
            "time_total": 10442471132
        }
    },
    "15": {
        "stats": {
            "local_spike_counter": 78904,
            "num_neurons": 77169,
            "rate": 0.09737934490101811
        },
        "timers": {
            "time_network": 75273552,
            "time_create": 293882598,
            "time_connect": 1948226994,
            "time_presimulate": 397949985,
            "time_simulate": 7741856148,
            "time_total": 10457189277
        }
    },
    "23": {
        "stats": {
            "local_spike_counter": 77200,
            "num_neurons": 77169,
            "rate": 0.09527635387760569
        },
        "timers": {
            "time_network": 27353039,
            "time_create": 291338695,
            "time_connect": 1947269299,
            "time_presimulate": 401559673,
            "time_simulate": 7741854759,
            "time_total": 10409375465
        }
    },
    "17": {
        "stats": {
            "local_spike_counter": 77799,
            "num_neurons": 77169,
            "rate": 0.09601560952492025
        },
        "timers": {
            "time_network": 41385369,
            "time_create": 305419626,
            "time_connect": 1935747472,
            "time_presimulate": 399062220,
            "time_simulate": 7741854128,
            "time_total": 10423468815
        }
    },
    "3": {
        "stats": {
            "local_spike_counter": 75600,
            "num_neurons": 77169,
            "rate": 0.09330171441900245
        },
        "timers": {
            "time_network": 15468608,
            "time_create": 293754657,
            "time_connect": 1948841348,
            "time_presimulate": 397465912,
            "time_simulate": 7741847218,
            "time_total": 10397377743
        }
    },
    "4": {
        "stats": {
            "local_spike_counter": 77998,
            "num_neurons": 77169,
            "rate": 0.09626120530758403
        },
        "timers": {
            "time_network": 9330677,
            "time_create": 296785463,
            "time_connect": 1944685266,
            "time_presimulate": 398632788,
            "time_simulate": 7741862689,
            "time_total": 10391296883
        }
    },
    "vps": 128,
    "0": {
        "stats": {
            "local_spike_counter": 78329,
            "num_neurons": 77169,
            "rate": 0.09666970884558257
        },
        "timers": {
            "time_network": 25785291,
            "time_create": 297355025,
            "time_connect": 1945220399,
            "time_presimulate": 397554543,
            "time_simulate": 7741812579,
            "time_total": 10407727837
        }
    },
    "20": {
        "stats": {
            "local_spike_counter": 78749,
            "num_neurons": 77169,
            "rate": 0.09718805170346592
        },