{
    "threads": 128,
    "procs": 4,
    "2": {
        "stats": {
            "local_spike_counter": 621486,
            "num_neurons": 77169,
            "rate": 0.767006736605928
        },
        "timers": {
            "time_network": 88769712,
            "time_create": 739221936,
            "time_connect": 18085708057,
            "time_presimulate": 1295550817,
            "time_simulate": 23935825836,
            "time_total": 44145076358
        }
    },
    "1": {
        "stats": {
            "local_spike_counter": 616597,
            "num_neurons": 77169,
            "rate": 0.7609729789102335
        },
        "timers": {
            "time_network": 81500247,
            "time_create": 747794252,
            "time_connect": 18077079463,
            "time_presimulate": 1295624254,
            "time_simulate": 23935816713,
            "time_total": 44137814929
        }
    },
    "vps": 512,
    "0": {
        "stats": {
            "local_spike_counter": 609619,
            "num_neurons": 77169,
            "rate": 0.7523610825714002
        },
        "timers": {
            "time_network": 88683931,
            "time_create": 743496422,
            "time_connect": 18081155354,
            "time_presimulate": 1295891091,
            "time_simulate": 23935733616,
            "time_total": 44144960414
        }
    },
    "3": {
        "stats": {
            "local_spike_counter": 614216,
            "num_neurons": 77169,
            "rate": 0.7580344685658995
        },
        "timers": {
            "time_network": 90067189,
            "time_create": 732162185,
            "time_connect": 18090327889,
            "time_presimulate": 1297953487,
            "time_simulate": 23935799446,
            "time_total": 44146310196
        }
    }
}