{
    "threads": 4,
    "procs": 32,
    "28": {
        "stats": {
            "local_spike_counter": 75298,
            "num_neurons": 77169,
            "rate": 0.09292900122119109
        },
        "timers": {
            "time_network": 52546354,
            "time_create": 303542687,
            "time_connect": 1930594710,
            "time_presimulate": 410695296,
            "time_simulate": 7965155356,
            "time_total": 10662534403
        }
    },
    "10": {
        "stats": {
            "local_spike_counter": 77968,
            "num_neurons": 77169,
            "rate": 0.09622418081773523
        },
        "timers": {
            "time_network": 84053516,
            "time_create": 300283851,
            "time_connect": 1933913767,
            "time_presimulate": 410526404,
            "time_simulate": 7965159736,
            "time_total": 10693937274
        }
    },
    "11": {
        "stats": {
            "local_spike_counter": 76216,
            "num_neurons": 77169,
            "rate": 0.09406195061056469
        },
        "timers": {
            "time_network": 93628233,
            "time_create": 300933364,
            "time_connect": 1932961992,
            "time_presimulate": 410771645,
            "time_simulate": 7965161097,
            "time_total": 10703456331
        }
    },
    "9": {
        "stats": {
            "local_spike_counter": 79275,
            "num_neurons": 77169,
            "rate": 0.09783721442548172
        },
        "timers": {
            "time_network": 105429079,
            "time_create": 301524788,
            "time_connect": 1931953707,
            "time_presimulate": 411229698,
            "time_simulate": 7965154556,
            "time_total": 10715291828
        }
    },
    "30": {
        "stats": {
            "local_spike_counter": 74926,
            "num_neurons": 77169,
            "rate": 0.09246989754706585
        },
        "timers": {
            "time_network": 103270099,
            "time_create": 300699933,
            "time_connect": 1931246844,
            "time_presimulate": 412655584,
            "time_simulate": 7965158267,
            "time_total": 10713030727
        }
    },
    "29": {
        "stats": {
            "local_spike_counter": 78432,
            "num_neurons": 77169,
            "rate": 0.09679682626073015
        },
        "timers": {
            "time_network": 54227292,
            "time_create": 299893229,
            "time_connect": 1934821672,
            "time_presimulate": 409887841,
            "time_simulate": 7965162185,
            "time_total": 10663992219
        }
    },
    "31": {
        "stats": {
            "local_spike_counter": 79588,
            "num_neurons": 77169,
            "rate": 0.09822350326957098
        },
        "timers": {
            "time_network": 50855375,
            "time_create": 300729314,
            "time_connect": 1932551130,
            "time_presimulate": 411470929,
            "time_simulate": 7965154065,
            "time_total": 10660760813
        }
    },
    "8": {
        "stats": {
            "local_spike_counter": 77866,
            "num_neurons": 77169,
            "rate": 0.09609829755224926
        },
        "timers": {
            "time_network": 100943178,
            "time_create": 304521481,
            "time_connect": 1927542547,
            "time_presimulate": 412549253,
            "time_simulate": 7965166057,
            "time_total": 10710722516
        }
    },
    "vps": 128,
    "0": {
        "stats": {
            "local_spike_counter": 77501,
            "num_neurons": 77169,
            "rate": 0.09564783292575542
        },
        "timers": {
            "time_network": 42273324,
            "time_create": 306336580,
            "time_connect": 1927416766,
            "time_presimulate": 410960556,
            "time_simulate": 7965140916,
            "time_total": 10652128142
        }
    },
    "15": {
        "stats": {
            "local_spike_counter": 76801,
            "num_neurons": 77169,
            "rate": 0.0947839281626165
        },
        "timers": {
            "time_network": 58083931,
            "time_create": 304897903,
            "time_connect": 1929995888,
            "time_presimulate": 409823891,
            "time_simulate": 7965182606,
            "time_total": 10667984219
        }
    },
    "13": {
        "stats": {
            "local_spike_counter": 76520,
            "num_neurons": 77169,
            "rate": 0.09443713210769931
        },
        "timers": {
            "time_network": 58634724,
            "time_create": 300939274,
            "time_connect": 1932689981,
            "time_presimulate": 411006397,
            "time_simulate": 7965184206,
            "time_total": 10668454582
        }
    },
    "14": {
        "stats": {
            "local_spike_counter": 77593,
            "num_neurons": 77169,
            "rate": 0.09576137469462509
        },
        "timers": {
            "time_network": 110056602,
            "time_create": 303366416,
            "time_connect": 1930102358,
            "time_presimulate": 411207918,
            "time_simulate": 7965184856,
            "time_total": 10719918150
        }
    },
    "19": {
        "stats": {
            "local_spike_counter": 77533,
            "num_neurons": 77169,
            "rate": 0.09568732571492748
        },
        "timers": {
            "time_network": 34447647,
            "time_create": 301573877,
            "time_connect": 1929764337,
            "time_presimulate": 413450708,
            "time_simulate": 7965122586,
            "time_total": 10644359155
        }
    },
    "12": {
        "stats": {
            "local_spike_counter": 75549,
            "num_neurons": 77169,
            "rate": 0.09323877278625947
        },
        "timers": {
            "time_network": 81887505,
            "time_create": 304105280,
            "time_connect": 1929417405,
            "time_presimulate": 411215688,
            "time_simulate": 7965130966,
            "time_total": 10691756844
        }
    },
    "16": {
        "stats": {
            "local_spike_counter": 77405,
            "num_neurons": 77169,
            "rate": 0.09552935455823922
        },
        "timers": {
            "time_network": 20571060,
            "time_create": 304871804,
            "time_connect": 1929056063,
            "time_presimulate": 410808805,
            "time_simulate": 7965132896,
            "time_total": 10630440628
        }
    },
    "18": {
        "stats": {
            "local_spike_counter": 77401,
            "num_neurons": 77169,
            "rate": 0.09552441795959271
        },
        "timers": {
            "time_network": 34286175,
            "time_create": 316031278,
            "time_connect": 1917740558,
            "time_presimulate": 411041027,
            "time_simulate": 7965166756,
            "time_total": 10644265794
        }
    },
    "22": {
        "stats": {
            "local_spike_counter": 75885,
            "num_neurons": 77169,
            "rate": 0.09365344707256615
        },
        "timers": {
            "time_network": 32312936,
            "time_create": 304308071,
            "time_connect": 1929556495,
            "time_presimulate": 410866956,
            "time_simulate": 7965149416,
            "time_total": 10642193874
        }
    },
    "17": {
        "stats": {
            "local_spike_counter": 76636,
            "num_neurons": 77169,
            "rate": 0.09458029346844805
        },
        "timers": {
            "time_network": 27817245,
            "time_create": 303933799,
            "time_connect": 1930791882,
            "time_presimulate": 409971911,
            "time_simulate": 7965151586,
            "time_total": 10637666423
        }
    },
    "4": {
        "stats": {
            "local_spike_counter": 77811,
            "num_neurons": 77169,