{
    "threads": 4,
    "procs": 32,
    "8": {
        "stats": {
            "local_spike_counter": 75910,
            "num_neurons": 77169,
            "rate": 0.09368430081410682
        },
        "timers": {
            "time_network": 80866321,
            "time_create": 305568117,
            "time_connect": 2020464055,
            "time_presimulate": 404900347,
            "time_simulate": 7806682940,
            "time_total": 10618481780
        }
    },
    "9": {
        "stats": {
            "local_spike_counter": 79798,
            "num_neurons": 77169,
            "rate": 0.09848267469851267
        },
        "timers": {
            "time_network": 44687146,
            "time_create": 310714651,
            "time_connect": 2016649597,
            "time_presimulate": 403526640,
            "time_simulate": 7806746541,
            "time_total": 10582324575
        }
    },
    "31": {
        "stats": {
            "local_spike_counter": 77961,
            "num_neurons": 77169,
            "rate": 0.09621554177010383
        },
        "timers": {
            "time_network": 48027472,
            "time_create": 305137015,
            "time_connect": 2020980847,
            "time_presimulate": 404819697,
            "time_simulate": 7806730080,
            "time_total": 10585695111
        }
    },
    "28": {
        "stats": {
            "local_spike_counter": 74688,
            "num_neurons": 77169,
            "rate": 0.09217616992759861
        },
        "timers": {
            "time_network": 66808214,
            "time_create": 307879688,
            "time_connect": 2017926002,
            "time_presimulate": 405199049,
            "time_simulate": 7806723270,
            "time_total": 10604536223
        }
    },
    "29": {
        "stats": {
            "local_spike_counter": 75336,
            "num_neurons": 77169,
            "rate": 0.09297589890833292
        },
        "timers": {
            "time_network": 66089450,
            "time_create": 304478471,
            "time_connect": 2021489860,
            "time_presimulate": 404980308,
            "time_simulate": 7806733300,
            "time_total": 10603771389
        }
    },
    "11": {
        "stats": {
            "local_spike_counter": 79553,
            "num_neurons": 77169,
            "rate": 0.09818030803141406
        },
        "timers": {
            "time_network": 42318335,
            "time_create": 305075694,
            "time_connect": 2019215349,
            "time_presimulate": 406652885,
            "time_simulate": 7806743651,
            "time_total": 10580005914
        }
    },
    "30": {
        "stats": {
            "local_spike_counter": 76249,
            "num_neurons": 77169,
            "rate": 0.09410267754939838
        },
        "timers": {
            "time_network": 61140366,
            "time_create": 302557662,
            "time_connect": 2023023758,
            "time_presimulate": 405419209,
            "time_simulate": 7806676630,
            "time_total": 10598817625
        }
    },
    "10": {
        "stats": {
            "local_spike_counter": 77293,
            "num_neurons": 77169,
            "rate": 0.09539112979613698
        },
        "timers": {
            "time_network": 59419787,
            "time_create": 306216320,
            "time_connect": 2019605610,
            "time_presimulate": 405131338,
            "time_simulate": 7806735921,
            "time_total": 10597108976
        }
    },
    "24": {
        "stats": {
            "local_spike_counter": 76389,
            "num_neurons": 77169,
            "rate": 0.09427545850202616
        },
        "timers": {
            "time_network": 59080856,
            "time_create": 311626976,
            "time_connect": 2012463566,
            "time_presimulate": 406920207,
            "time_simulate": 7806716170,
            "time_total": 10596807775
        }
    },
    "12": {
        "stats": {
            "local_spike_counter": 75528,
            "num_neurons": 77169,
            "rate": 0.0932128556433653
        },
        "timers": {
            "time_network": 42694206,
            "time_create": 311023233,
            "time_connect": 2014554127,
            "time_presimulate": 405377159,
            "time_simulate": 7806771840,
            "time_total": 10580420565
        }
    },
    "17": {
        "stats": {
            "local_spike_counter": 80308,
            "num_neurons": 77169,
            "rate": 0.09911209102594244
        },
        "timers": {
            "time_network": 11320895,
            "time_create": 301436887,
            "time_connect": 2024291663,
            "time_presimulate": 405478170,
            "time_simulate": 7806729251,
            "time_total": 10549256866
        }
    },
    "3": {
        "stats": {
            "local_spike_counter": 76126,
            "num_neurons": 77169,
            "rate": 0.09395087714101825
        },
        "timers": {
            "time_network": 12725482,
            "time_create": 320755010,
            "time_connect": 2003184991,
            "time_presimulate": 407084528,
            "time_simulate": 7806781570,
            "time_total": 10550531581
        }
    },
    "14": {
        "stats": {
            "local_spike_counter": 75280,
            "num_neurons": 77169,
            "rate": 0.0929067865272818
        },
        "timers": {
            "time_network": 61613388,
            "time_create": 306739763,
            "time_connect": 2018949647,
            "time_presimulate": 405201869,
            "time_simulate": 7806767990,
            "time_total": 10599272657
        }
    },
    "16": {
        "stats": {
            "local_spike_counter": 78212,
            "num_neurons": 77169,
            "rate": 0.09652531333517222
        },
        "timers": {
            "time_network": 11483776,
            "time_create": 302184250,
            "time_connect": 2021651981,
            "time_presimulate": 407178148,
            "time_simulate": 7806725811,
            "time_total": 10549223966
        }
    },
    "vps": 128,
    "0": {
        "stats": {
            "local_spike_counter": 79482,
            "num_neurons": 77169,
            "rate": 0.09809268340543852
        },
        "timers": {
            "time_network": 9337405,
            "time_create": 307979349,
            "time_connect": 2016257315,
            "time_presimulate": 406886036,
            "time_simulate": 7806704470,
            "time_total": 10547164575
        }
    },
    "7": {
        "stats": {
            "local_spike_counter": 73984,
            "num_neurons": 77169,
            "rate": 0.09130732856581318
        },
        "timers": {
            "time_network": 13530085,
            "time_create": 309937788,
            "time_connect": 2014238805,
            "time_presimulate": 406951507,
            "time_simulate": 7806742341,
            "time_total": 10551400526
        }
    },
    "23": {
        "stats": {
            "local_spike_counter": 77456,
            "num_neurons": 77169,
            "rate": 0.0955922961909822
        },
        "timers": {
            "time_network": 24960340,
            "time_create": 304955934,
            "time_connect": 2020381885,
            "time_presimulate": 405754861,
            "time_simulate": 7806739730,
            "time_total": 10562792750
        }
    },
    "4": {
        "stats": {
            "local_spike_counter": 73769,
            "num_neurons": 77169,
            "rate": 0.09104198638856338
        },
        "timers": {
            "time_network": 12905582,
            "time_create": 307441216,
            "time_connect": 2018459056,
            "time_presimulate": 405232378,
            "time_simulate": 7806738871,
            "time_total": 10550777103
        }
    },
    "2": {
        "stats": {
            "local_spike_counter": 78586,
            "num_neurons": 77169,
            "rate": 0.09698688530862072
        },