{
    "threads": 64,
    "procs": 4,
    "1": {
        "stats": {
            "local_spike_counter": 618606,
            "num_neurons": 77169,
            "rate": 0.7634523855804421
        },
        "timers": {
            "time_network": 64495365,
            "time_create": 610473453,
            "time_connect": 8318103046,
            "time_presimulate": 732215507,
            "time_simulate": 11438787142,
            "time_total": 21164074513
        }
    },
    "vps": 256,
    "0": {
        "stats": {
            "local_spike_counter": 618702,
            "num_neurons": 77169,
            "rate": 0.7635708639479583
        },
        "timers": {
            "time_network": 59425750,
            "time_create": 647426429,
            "time_connect": 8283525012,
            "time_presimulate": 729859255,
            "time_simulate": 11438776573,
            "time_total": 21159013019
        }
    },
    "3": {
        "stats": {
            "local_spike_counter": 623100,
            "num_neurons": 77169,
            "rate": 0.768998654159794
        },
        "timers": {
            "time_network": 61384360,
            "time_create": 604923123,
            "time_connect": 8326598970,
            "time_presimulate": 729315680,
            "time_simulate": 11438758156,
            "time_total": 21160980289
        }
    },
    "2": {
        "stats": {
            "local_spike_counter": 617365,
            "num_neurons": 77169,
            "rate": 0.761920805850363
        },
        "timers": {
            "time_network": 59257538,
            "time_create": 598554077,
            "time_connect": 8331217947,
            "time_presimulate": 731046209,
            "time_simulate": 11438791566,
            "time_total": 21158867337
        }
    }
}