{
    "threads": 64,
    "procs": 8,
    "1": {
        "stats": {
            "local_spike_counter": 308158,
            "num_neurons": 77169,
            "rate": 0.3803130914276582
        },
        "timers": {
            "time_network": 148724319,
            "time_create": 495637836,
            "time_connect": 6384327197,
            "time_presimulate": 616625551,
            "time_simulate": 11354404624,
            "time_total": 18999719527
        }
    },
    "6": {
        "stats": {
            "local_spike_counter": 305522,
            "num_neurons": 77169,
            "rate": 0.37705987291960935
        },
        "timers": {
            "time_network": 136469339,
            "time_create": 494813884,
            "time_connect": 6386991963,
            "time_presimulate": 614637833,
            "time_simulate": 11354381948,
            "time_total": 18987294967
        }
    },
    "4": {
        "stats": {
            "local_spike_counter": 306891,
            "num_neurons": 77169,
            "rate": 0.3787494238063768
        },
        "timers": {
            "time_network": 135037626,
            "time_create": 507730160,
            "time_connect": 6371276457,
            "time_presimulate": 617625188,
            "time_simulate": 11354404531,
            "time_total": 18986073962
        }
    },
    "5": {
        "stats": {
            "local_spike_counter": 305132,
            "num_neurons": 77169,
            "rate": 0.37657855455157485
        },
        "timers": {
            "time_network": 135055336,
            "time_create": 501709231,
            "time_connect": 6378736673,
            "time_presimulate": 616215201,
            "time_simulate": 11354355401,
            "time_total": 18986071842
        }
    },
    "7": {
        "stats": {
            "local_spike_counter": 302628,
            "num_neurons": 77169,
            "rate": 0.37348824379886075
        },
        "timers": {
            "time_network": 136480509,
            "time_create": 486233388,
            "time_connect": 6392410426,
            "time_presimulate": 617767266,
            "time_simulate": 11354411197,
            "time_total": 18987302786
        }
    },
    "vps": 512,
    "0": {
        "stats": {
            "local_spike_counter": 305184,
            "num_neurons": 77169,
            "rate": 0.3766427303339794
        },
        "timers": {
            "time_network": 148693639,
            "time_create": 489098182,
            "time_connect": 6392852101,
            "time_presimulate": 614638431,
            "time_simulate": 11354418244,
            "time_total": 18999700597
        }
    },
    "3": {
        "stats": {
            "local_spike_counter": 306755,
            "num_neurons": 77169,
            "rate": 0.3785815794523954
        },
        "timers": {
            "time_network": 136333065,
            "time_create": 487266319,
            "time_connect": 6395180843,
            "time_presimulate": 614155294,
            "time_simulate": 11354401842,
            "time_total": 18987337363
        }
    },
    "2": {
        "stats": {
            "local_spike_counter": 307746,
            "num_neurons": 77169,
            "rate": 0.3798046217670678
        },
        "timers": {
            "time_network": 136427616,
            "time_create": 507284003,
            "time_connect": 6373668063,
            "time_presimulate": 615555079,
            "time_simulate": 11354407792,
            "time_total": 18987342553
        }
    }
}