{
    "threads": 32,
    "procs": 16,
    "13": {
        "stats": {
            "local_spike_counter": 153630,
            "num_neurons": 77169,
            "rate": 0.18960241251575854
        },
        "timers": {
            "time_network": 99720085,
            "time_create": 364352239,
            "time_connect": 2411980765,
            "time_presimulate": 438380715,
            "time_simulate": 7248646562,
            "time_total": 10563080366
        }
    },
    "1": {
        "stats": {
            "local_spike_counter": 152505,
            "num_neurons": 77169,
            "rate": 0.18821399414642817
        },
        "timers": {
            "time_network": 106378738,
            "time_create": 363991967,
            "time_connect": 2412122646,
            "time_presimulate": 438597668,
            "time_simulate": 7248626975,
            "time_total": 10569717994
        }
    },
    "6": {
        "stats": {
            "local_spike_counter": 156415,
            "num_neurons": 77169,
            "rate": 0.19303951932338978
        },
        "timers": {
            "time_network": 104567506,
            "time_create": 365716520,
            "time_connect": 2410683617,
            "time_presimulate": 438342385,
            "time_simulate": 7248666409,
            "time_total": 10567976437
        }
    },
    "3": {
        "stats": {
            "local_spike_counter": 153324,
            "num_neurons": 77169,
            "rate": 0.1892247627193007
        },
        "timers": {
            "time_network": 97687132,
            "time_create": 365819856,
            "time_connect": 2411639244,
            "time_presimulate": 437240711,
            "time_simulate": 7248631515,
            "time_total": 10561018458
        }
    },
    "14": {
        "stats": {
            "local_spike_counter": 156812,
            "num_neurons": 77169,
            "rate": 0.19352947673905574
        },
        "timers": {
            "time_network": 97496177,
            "time_create": 375392218,
            "time_connect": 2400804397,
            "time_presimulate": 438527935,
            "time_simulate": 7248603272,
            "time_total": 10560823999
        }
    },
    "8": {
        "stats": {
            "local_spike_counter": 151778,
            "num_neurons": 77169,
            "rate": 0.1873167673424253
        },
        "timers": {
            "time_network": 87308809,
            "time_create": 369051673,
            "time_connect": 2407917704,
            "time_presimulate": 437770370,
            "time_simulate": 7248653167,
            "time_total": 10550701723
        }
    },
    "4": {
        "stats": {
            "local_spike_counter": 150827,
            "num_neurons": 77169,
            "rate": 0.18614309101421803
        },
        "timers": {
            "time_network": 98869525,
            "time_create": 370025006,
            "time_connect": 2405802205,
            "time_presimulate": 438894670,
            "time_simulate": 7248644029,
            "time_total": 10562235435
        }
    },
    "2": {
        "stats": {
            "local_spike_counter": 152478,
            "num_neurons": 77169,
            "rate": 0.18818067210556425
        },
        "timers": {
            "time_network": 93430290,
            "time_create": 365540095,
            "time_connect": 2410347387,
            "time_presimulate": 438824419,
            "time_simulate": 7248596115,
            "time_total": 10556738306
        }
    },
    "12": {
        "stats": {
            "local_spike_counter": 156934,
            "num_neurons": 77169,
            "rate": 0.19368004299777422
        },
        "timers": {
            "time_network": 97054405,
            "time_create": 370557861,
            "time_connect": 2406311446,
            "time_presimulate": 437857903,
            "time_simulate": 7248658872,
            "time_total": 10560440487
        }
    },
    "9": {
        "stats": {
            "local_spike_counter": 152875,
            "num_neurons": 77169,
            "rate": 0.18867062952123018
        },
        "timers": {
            "time_network": 72969305,
            "time_create": 366005999,
            "time_connect": 2410571084,
            "time_presimulate": 438150104,
            "time_simulate": 7248653618,
            "time_total": 10536350110
        }
    },
    "5": {
        "stats": {
            "local_spike_counter": 155677,
            "num_neurons": 77169,
            "rate": 0.19212871687310906
        },
        "timers": {
            "time_network": 88378992,
            "time_create": 375956129,
            "time_connect": 2400636110,
            "time_presimulate": 438150863,
            "time_simulate": 7248630949,
            "time_total": 10551753043
        }
    },
    "15": {
        "stats": {
            "local_spike_counter": 153768,
            "num_neurons": 77169,
            "rate": 0.18977272516906307
        },
        "timers": {
            "time_network": 93404302,
            "time_create": 370204030,
            "time_connect": 2406112996,
            "time_presimulate": 438434435,
            "time_simulate": 7248639801,
            "time_total": 10556795564
        }
    },
    "vps": 512,
    "0": {
        "stats": {
            "local_spike_counter": 155286,
            "num_neurons": 77169,
            "rate": 0.1916461643554129
        },
        "timers": {
            "time_network": 99938014,
            "time_create": 368555600,
            "time_connect": 2407413253,
            "time_presimulate": 438748808,
            "time_simulate": 7248855726,
            "time_total": 10563511401
        }
    },
    "10": {
        "stats": {
            "local_spike_counter": 153097,
            "num_neurons": 77169,
            "rate": 0.18894461074611135
        },
        "timers": {
            "time_network": 86236426,
            "time_create": 382909262,
            "time_connect": 2393701732,
            "time_presimulate": 438124543,
            "time_simulate": 7248923921,
            "time_total": 10549895884
        }
    },
    "7": {
        "stats": {
            "local_spike_counter": 152770,
            "num_neurons": 77169,
            "rate": 0.18854104380675932
        },
        "timers": {
            "time_network": 90996751,
            "time_create": 371904406,
            "time_connect": 2404658713,
            "time_presimulate": 438170473,
            "time_simulate": 7248932482,
            "time_total": 10554662825
        }
    },
    "11": {
        "stats": {
            "local_spike_counter": 155290,
            "num_neurons": 77169,
            "rate": 0.1916511009540594
        },
        "timers": {
            "time_network": 72342508,
            "time_create": 365897158,
            "time_connect": 2411434804,
            "time_presimulate": 437410205,
            "time_simulate": 7248978732,
            "time_total": 10536063407
        }
    }
}