{
    "threads": 32,
    "procs": 16,
    "14": {
        "stats": {
            "local_spike_counter": 154734,
            "num_neurons": 77169,
            "rate": 0.19096491374219476
        },
        "timers": {
            "time_network": 76974950,
            "time_create": 364520726,
            "time_connect": 2513829323,
            "time_presimulate": 452084530,
            "time_simulate": 7150852016,
            "time_total": 10558261545
        }
    },
    "1": {
        "stats": {
            "local_spike_counter": 157018,
            "num_neurons": 77169,
            "rate": 0.19378371156935092
        },
        "timers": {
            "time_network": 97962983,
            "time_create": 368550921,
            "time_connect": 2511513248,
            "time_presimulate": 450302199,
            "time_simulate": 7150941423,
            "time_total": 10579270774
        }
    },
    "13": {
        "stats": {
            "local_spike_counter": 153883,
            "num_neurons": 77169,
            "rate": 0.18991465238015018
        },
        "timers": {
            "time_network": 83676448,
            "time_create": 359614985,
            "time_connect": 2520582772,
            "time_presimulate": 450249372,
            "time_simulate": 7150918496,
            "time_total": 10565042073
        }
    },
    "6": {
        "stats": {
            "local_spike_counter": 157371,
            "num_neurons": 77169,
            "rate": 0.19421936639990525
        },
        "timers": {
            "time_network": 88496053,
            "time_create": 363449326,
            "time_connect": 2516009131,
            "time_presimulate": 450933139,
            "time_simulate": 7150966297,
            "time_total": 10569853946
        }
    },
    "12": {
        "stats": {
            "local_spike_counter": 152341,
            "num_neurons": 77169,
            "rate": 0.18801159360192132
        },
        "timers": {
            "time_network": 77239671,
            "time_create": 364990327,
            "time_connect": 2513289992,
            "time_presimulate": 452161050,
            "time_simulate": 7150858966,
            "time_total": 10558540006
        }
    },
    "8": {
        "stats": {
            "local_spike_counter": 150493,
            "num_neurons": 77169,
            "rate": 0.18573088502723462
        },
        "timers": {
            "time_network": 74587634,
            "time_create": 367283875,
            "time_connect": 2513386235,
            "time_presimulate": 449785598,
            "time_simulate": 7150831302,
            "time_total": 10555874644
        }
    },
    "7": {
        "stats": {
            "local_spike_counter": 152579,
            "num_neurons": 77169,
            "rate": 0.18830532122138857
        },
        "timers": {
            "time_network": 69791715,
            "time_create": 371782754,
            "time_connect": 2507883435,
            "time_presimulate": 450720116,
            "time_simulate": 7150990598,
            "time_total": 10551168618
        }
    },
    "3": {
        "stats": {
            "local_spike_counter": 156354,
            "num_neurons": 77169,
            "rate": 0.19296423619403055
        },
        "timers": {
            "time_network": 76685231,
            "time_create": 371636587,
            "time_connect": 2508197161,
            "time_presimulate": 450531920,
            "time_simulate": 7150982573,
            "time_total": 10558033472
        }
    },
    "11": {
        "stats": {
            "local_spike_counter": 154680,
            "num_neurons": 77169,
            "rate": 0.1908982696604669
        },
        "timers": {
            "time_network": 74553304,
            "time_create": 367764240,
            "time_connect": 2512307693,
            "time_presimulate": 450321223,
            "time_simulate": 7150952794,
            "time_total": 10555899254
        }
    },
    "5": {
        "stats": {
            "local_spike_counter": 153219,
            "num_neurons": 77169,
            "rate": 0.18909517700482986
        },
        "timers": {
            "time_network": 70236299,
            "time_create": 373685015,
            "time_connect": 2505439448,
            "time_presimulate": 451339933,
            "time_simulate": 7150856516,
            "time_total": 10551557211
        }
    },
    "9": {
        "stats": {
            "local_spike_counter": 152477,
            "num_neurons": 77169,
            "rate": 0.18817943795590258
        },
        "timers": {
            "time_network": 74066897,
            "time_create": 366824341,
            "time_connect": 2513232933,
            "time_presimulate": 450333544,
            "time_simulate": 7150959103,
            "time_total": 10555416818
        }
    },
    "10": {
        "stats": {
            "local_spike_counter": 154603,
            "num_neurons": 77169,
            "rate": 0.19080324013652164
        },
        "timers": {
            "time_network": 74729905,
            "time_create": 368258446,
            "time_connect": 2511880568,
            "time_presimulate": 450239553,
            "time_simulate": 7151279527,
            "time_total": 10556387999
        }
    },
    "vps": 512,
    "0": {
        "stats": {
            "local_spike_counter": 151379,
            "num_neurons": 77169,
            "rate": 0.18682434162743614
        },
        "timers": {
            "time_network": 79546496,
            "time_create": 391310730,
            "time_connect": 2487846164,
            "time_presimulate": 451416335,
            "time_simulate": 7150903112,
            "time_total": 10561022837
        }
    },
    "4": {
        "stats": {
            "local_spike_counter": 155406,
            "num_neurons": 77169,
            "rate": 0.19179426231480814
        },
        "timers": {
            "time_network": 84585851,
            "time_create": 366371167,
            "time_connect": 2512780637,
            "time_presimulate": 451655346,
            "time_simulate": 7150497403,
            "time_total": 10565890404
        }
    },
    "15": {
        "stats": {
            "local_spike_counter": 150603,
            "num_neurons": 77169,
            "rate": 0.18586664149001356
        },
        "timers": {
            "time_network": 79567171,
            "time_create": 372062437,
            "time_connect": 2506425703,
            "time_presimulate": 452108890,
            "time_simulate": 7150919566,
            "time_total": 10561083767
        }
    },
    "2": {
        "stats": {
            "local_spike_counter": 154778,
            "num_neurons": 77169,
            "rate": 0.19101921632730637
        },
        "timers": {
            "time_network": 84768094,
            "time_create": 370388981,
            "time_connect": 2508059439,
            "time_presimulate": 451920608,
            "time_simulate": 7151306135,
            "time_total": 10566443257
        }
    }
}