{
    "threads": 64,
    "procs": 4,
    "3": {
        "stats": {
            "local_spike_counter": 617590,
            "num_neurons": 77169,
            "rate": 0.7621984895242292
        },
        "timers": {
            "time_network": 54009971,
            "time_create": 617089753,
            "time_connect": 7977665787,
            "time_presimulate": 725730092,
            "time_simulate": 11375606960,
            "time_total": 20750102563
        }
    },
    "vps": 256,
    "0": {
        "stats": {
            "local_spike_counter": 609895,
            "num_neurons": 77169,
            "rate": 0.7527017078780092
        },
        "timers": {
            "time_network": 57060380,
            "time_create": 630875722,
            "time_connect": 7964502673,
            "time_presimulate": 725106001,
            "time_simulate": 11375520260,
            "time_total": 20753065036
        }
    },
    "1": {
        "stats": {
            "local_spike_counter": 622279,
            "num_neurons": 77169,
            "rate": 0.7679854172875983
        },
        "timers": {
            "time_network": 59255961,
            "time_create": 598008675,
            "time_connect": 7994372855,
            "time_presimulate": 728105206,
            "time_simulate": 11375538050,
            "time_total": 20755280747
        }
    },
    "2": {
        "stats": {
            "local_spike_counter": 611997,
            "num_neurons": 77169,
            "rate": 0.7552958904667493
        },
        "timers": {
            "time_network": 53994791,
            "time_create": 612059381,
            "time_connect": 7980663668,
            "time_presimulate": 727794354,
            "time_simulate": 11375525508,
            "time_total": 20750037702
        }
    }
}