{
    "threads": 128,
    "procs": 4,
    "2": {
        "stats": {
            "local_spike_counter": 620564,
            "num_neurons": 77169,
            "rate": 0.765868850617908
        },
        "timers": {
            "time_network": 101593017,
            "time_create": 735828378,
            "time_connect": 19360380430,
            "time_presimulate": 1373780686,
            "time_simulate": 25403674813,
            "time_total": 46975257324
        }
    },
    "vps": 512,
    "0": {
        "stats": {
            "local_spike_counter": 622193,
            "num_neurons": 77169,
            "rate": 0.7678792804166983
        },
        "timers": {
            "time_network": 99868905,
            "time_create": 746343293,
            "time_connect": 19348214647,
            "time_presimulate": 1375363007,
            "time_simulate": 25403764796,
            "time_total": 46973554648
        }
    },
    "3": {
        "stats": {
            "local_spike_counter": 614720,
            "num_neurons": 77169,
            "rate": 0.7586564799953596
        },
        "timers": {
            "time_network": 101073163,
            "time_create": 727211940,
            "time_connect": 19367515975,
            "time_presimulate": 1375233194,
            "time_simulate": 25403786206,
            "time_total": 46974820478
        }
    },
    "1": {
        "stats": {
            "local_spike_counter": 610810,
            "num_neurons": 77169,
            "rate": 0.753830954818398
        },
        "timers": {
            "time_network": 91241951,
            "time_create": 752874237,
            "time_connect": 19343646096,
            "time_presimulate": 1373491454,
            "time_simulate": 25403699927,
            "time_total": 46964953665
        }
    }
}