{
    "threads": 4,
    "procs": 32,
    "30": {
        "stats": {
            "local_spike_counter": 81155,
            "num_neurons": 77169,
            "rate": 0.10015741578934052
        },
        "timers": {
            "time_network": 97221223,
            "time_create": 294449300,
            "time_connect": 1958894279,
            "time_presimulate": 421636445,
            "time_simulate": 7802832999,
            "time_total": 10575034246
        }
    },
    "11": {
        "stats": {
            "local_spike_counter": 78452,
            "num_neurons": 77169,
            "rate": 0.0968215092539627
        },
        "timers": {
            "time_network": 55255920,
            "time_create": 297248715,
            "time_connect": 1952530716,
            "time_presimulate": 425226343,
            "time_simulate": 7802779549,
            "time_total": 10533041243
        }
    },
    "29": {
        "stats": {
            "local_spike_counter": 76007,
            "num_neurons": 77169,
            "rate": 0.09380401333128464
        },
        "timers": {
            "time_network": 63266550,
            "time_create": 293492236,
            "time_connect": 1958693677,
            "time_presimulate": 422813951,
            "time_simulate": 7802737179,
            "time_total": 10541003593
        }
    },
    "9": {
        "stats": {
            "local_spike_counter": 77848,
            "num_neurons": 77169,
            "rate": 0.09607608285833999
        },
        "timers": {
            "time_network": 70353677,
            "time_create": 292961363,
            "time_connect": 1959935804,
            "time_presimulate": 422122147,
            "time_simulate": 7802776049,
            "time_total": 10548149040
        }
    },
    "10": {
        "stats": {
            "local_spike_counter": 75561,
            "num_neurons": 77169,
            "rate": 0.093253582582199
        },
        "timers": {
            "time_network": 109103763,
            "time_create": 294442800,
            "time_connect": 1957008469,
            "time_presimulate": 423484564,
            "time_simulate": 7802849780,
            "time_total": 10586889376
        }
    },
    "31": {
        "stats": {
            "local_spike_counter": 73699,
            "num_neurons": 77169,
            "rate": 0.09095559591224948
        },
        "timers": {
            "time_network": 41784062,
            "time_create": 288577701,
            "time_connect": 1964134725,
            "time_presimulate": 422177647,
            "time_simulate": 7802830620,
            "time_total": 10519504755
        }
    },
    "22": {
        "stats": {
            "local_spike_counter": 75730,
            "num_neurons": 77169,
            "rate": 0.09346215387501396
        },
        "timers": {
            "time_network": 40290854,
            "time_create": 294621801,
            "time_connect": 1958856838,
            "time_presimulate": 421801996,
            "time_simulate": 7802782959,
            "time_total": 10518354448
        }
    },
    "14": {
        "stats": {
            "local_spike_counter": 74265,
            "num_neurons": 77169,
            "rate": 0.09165412462073037
        },
        "timers": {
            "time_network": 80140106,
            "time_create": 293438815,
            "time_connect": 1959513412,
            "time_presimulate": 422156017,
            "time_simulate": 7802726329,
            "time_total": 10557974679
        }
    },
    "28": {
        "stats": {
            "local_spike_counter": 78901,
            "num_neurons": 77169,
            "rate": 0.09737564245203323
        },
        "timers": {
            "time_network": 94345738,
            "time_create": 293715327,
            "time_connect": 1959129849,
            "time_presimulate": 422107037,
            "time_simulate": 7802842490,
            "time_total": 10572140441
        }
    },
    "8": {
        "stats": {
            "local_spike_counter": 79278,
            "num_neurons": 77169,
            "rate": 0.09784091687446662
        },
        "timers": {
            "time_network": 86858849,
            "time_create": 293041354,
            "time_connect": 1960592427,
            "time_presimulate": 421177102,
            "time_simulate": 7802836500,
            "time_total": 10564506232
        }
    },
    "vps": 128,
    "0": {
        "stats": {
            "local_spike_counter": 79957,
            "num_neurons": 77169,
            "rate": 0.09867890449471137
        },
        "timers": {
            "time_network": 38020242,
            "time_create": 297266775,
            "time_connect": 1954380096,
            "time_presimulate": 423530724,
            "time_simulate": 7802788699,
            "time_total": 10515986536
        }
    },
    "2": {
        "stats": {
            "local_spike_counter": 78820,
            "num_neurons": 77169,
            "rate": 0.09727567632944144
        },
        "timers": {
            "time_network": 12123091,
            "time_create": 305590977,
            "time_connect": 1943996113,
            "time_presimulate": 425635855,
            "time_simulate": 7802631529,
            "time_total": 10489977565
        }
    },
    "17": {
        "stats": {
            "local_spike_counter": 76556,
            "num_neurons": 77169,
            "rate": 0.09448156149551788
        },
        "timers": {
            "time_network": 31515310,
            "time_create": 297295315,
            "time_connect": 1951869563,
            "time_presimulate": 426023937,
            "time_simulate": 7802790259,
            "time_total": 10509494384
        }
    },
    "12": {
        "stats": {
            "local_spike_counter": 77191,
            "num_neurons": 77169,
            "rate": 0.09526524653065102
        },
        "timers": {
            "time_network": 108148918,
            "time_create": 293236814,
            "time_connect": 1959714183,
            "time_presimulate": 422033746,
            "time_simulate": 7802847230,
            "time_total": 10585980891
        }
    },
    "6": {
        "stats": {
            "local_spike_counter": 76820,
            "num_neurons": 77169,
            "rate": 0.09480737700618741
        },
        "timers": {
            "time_network": 10448533,
            "time_create": 298914204,
            "time_connect": 1953773222,
            "time_presimulate": 422494559,
            "time_simulate": 7802775909,
            "time_total": 10488406427
        }
    },
    "13": {
        "stats": {
            "local_spike_counter": 76912,
            "num_neurons": 77169,
            "rate": 0.0949209187750571
        },
        "timers": {
            "time_network": 57648112,
            "time_create": 292801693,
            "time_connect": 1960147144,
            "time_presimulate": 422097477,
            "time_simulate": 7802718389,
            "time_total": 10535412815
        }
    },
    "26": {
        "stats": {
            "local_spike_counter": 76829,
            "num_neurons": 77169,
            "rate": 0.09481848435314205
        },
        "timers": {
            "time_network": 63971024,
            "time_create": 298463901,
            "time_connect": 1954354505,
            "time_presimulate": 422229598,
            "time_simulate": 7802772669,
            "time_total": 10541791697
        }
    },
    "15": {
        "stats": {
            "local_spike_counter": 75939,
            "num_neurons": 77169,
            "rate": 0.09372009115429401
        },
        "timers": {
            "time_network": 51242269,
            "time_create": 296571962,
            "time_connect": 1955688962,
            "time_presimulate": 422802391,
            "time_simulate": 7802835589,
            "time_total": 10529141173
        }
    },
    "19": {
        "stats": {
            "local_spike_counter": 78356,
            "num_neurons": 77169,
            "rate": 0.09670303088644652
        },