{
    "BlockStep": {
        "conf": {
            "num_neurons": 77169
        },
        "seeds": [
            123459,
            123458,
            123451,
            123454,
            123457,
            123452,
            123453,
            123456,
            123450,
            123455
        ],
        "timers": {
            "time_initialize": {
                "mean": 0.00016246189999999998,
                "std": 3.7152382278933333e-06
            },
            "time_create": {
                "mean": 1.9187038209,
                "std": 0.019564727007972217
            },
            "time_connect": {
                "mean": 40.7864633884,
                "std": 0.47243969004359604
            },
            "time_calibrate": {
                "mean": 2.1939853053999996,
                "std": 0.015087540145536553
            },
            "time_construct": {
                "mean": 44.899314976599996,
                "std": 0.47665486349064246
            },
            "time_simulate": {
                "mean": 5.60474311,
                "std": 0.015578069520968671
            },
            "time_total": {
                "mean": 50.5040580866,
                "std": 0.47482163950917095
            }
        }
    }
}