{
    "conf": {
        "threads": 16,
        "procs": 8,
        "num_neurons": 77177,
        "seed": 123450
    },
    "ranks": {
        "3": {
            "stats": {
                "local_spike_counter": 313251,
                "rate": 0.405882409942502
            },
            "timers": {
                "time_initialize": 19328693,
                "time_create": 405621291,
                "time_connect": 1761451195,
                "time_calibrate": 2387053452,
                "time_construct": 4573454631,
                "time_simulate": 12604949939,
                "time_total": 17178404570
            }
        },
        "0": {
            "stats": {
                "local_spike_counter": 309846,
                "rate": 0.40147051786281446
            },
            "timers": {
                "time_initialize": 19312703,
                "time_create": 652523647,
                "time_connect": 1513908988,
                "time_calibrate": 2387681933,
                "time_construct": 4573427271,
                "time_simulate": 12604948679,
                "time_total": 17178375950
            }
        },
        "4": {
            "stats": {
                "local_spike_counter": 311424,
                "rate": 0.40351514802485466
            },
            "timers": {
                "time_initialize": 19344712,
                "time_create": 391394035,
                "time_connect": 1774231870,
                "time_calibrate": 2388499974,
                "time_construct": 4573470591,
                "time_simulate": 12604953059,
                "time_total": 17178423650
            }
        },
        "2": {
            "stats": {
                "local_spike_counter": 315228,
                "rate": 0.4084440283394308
            },
            "timers": {
                "time_initialize": 19366792,
                "time_create": 391868886,
                "time_connect": 1775023811,
                "time_calibrate": 2387233892,
                "time_construct": 4573493381,
                "time_simulate": 12604953489,
                "time_total": 17178446870
            }
        },
        "5": {
            "stats": {
                "local_spike_counter": 311707,
                "rate": 0.4038818339157656
            },
            "timers": {
                "time_initialize": 19356803,
                "time_create": 397363791,
                "time_connect": 1769658385,
                "time_calibrate": 2387106232,
                "time_construct": 4573485211,
                "time_simulate": 12604943879,
                "time_total": 17178429090
            }
        },
        "1": {
            "stats": {
                "local_spike_counter": 314863,
                "rate": 0.407971094239846
            },
            "timers": {
                "time_initialize": 19319323,
                "time_create": 392872126,
                "time_connect": 1772525108,
                "time_calibrate": 2388729134,
                "time_construct": 4573445691,
                "time_simulate": 12604951229,
                "time_total": 17178396920
            }
        },
        "6": {
            "stats": {
                "local_spike_counter": 311767,
                "rate": 0.40395957650747805
            },
            "timers": {
                "time_initialize": 19305642,
                "time_create": 396309020,
                "time_connect": 1769511186,
                "time_calibrate": 2388304623,
                "time_construct": 4573430471,
                "time_simulate": 12604960259,
                "time_total": 17178390730
            }
        },
        "7": {
            "stats": {
                "local_spike_counter": 308597,
                "rate": 0.3998521762453313
            },
            "timers": {
                "time_initialize": 19403812,
                "time_create": 403948940,
                "time_connect": 1762567576,
                "time_calibrate": 2387606923,
                "time_construct": 4573527251,
                "time_simulate": 12604953879,
                "time_total": 17178481130
            }
        }
    },
    "all_values": {
        "stats": {
            "local_spike_counter": 2496683,
            "rate": 3.234976785078023
        },
        "timers": {
            "time_initialize": [
                19328693,
                19312703,
                19344712,
                19366792,
                19356803,
                19319323,
                19305642,
                19403812
            ],
            "time_create": [
                405621291,
                652523647,
                391394035,
                391868886,
                397363791,
                392872126,
                396309020,
                403948940
            ],
            "time_connect": [
                1761451195,
                1513908988,
                1774231870,
                1775023811,
                1769658385,
                1772525108,
                1769511186,
                1762567576
            ],
            "time_calibrate": [
                2387053452,
                2387681933,
                2388499974,
                2387233892,
                2387106232,
                2388729134,
                2388304623,
                2387606923
            ],
            "time_construct": [
                4573454631,
                4573427271,
                4573470591,
                4573493381,
                4573485211,
                4573445691,
                4573430471,
                4573527251
            ],
            "time_simulate": [
                12604949939,
                12604948679,
                12604953059,
                12604953489,
                12604943879,
                12604951229,
                12604960259,
                12604953879
            ],
            "time_total": [
                17178404570,
                17178375950,
                17178423650,
                17178446870,
                17178429090,
                17178396920,
                17178390730,
                17178481130
            ]
        }
    }
}