{
    "BlockStep": {
        "conf": {
            "num_neurons": 77169
        },
        "seeds": [
            123453,
            123454,
            123451,
            123452,
            123458,
            123459,
            123457,
            123455,
            123456,
            123450
        ],
        "timers": {
            "time_initialize": {
                "mean": 0.0001844544,
                "std": 4.9980811958190564e-06
            },
            "time_create": {
                "mean": 1.7818593088,
                "std": 0.01827901827855522
            },
            "time_connect": {
                "mean": 44.2203679728,
                "std": 0.7012427933991356
            },
            "time_calibrate": {
                "mean": 2.1827531876000004,
                "std": 0.01367971189072171
            },
            "time_construct": {
                "mean": 48.1851649236,
                "std": 0.7162899618995433
            },
            "time_simulate": {
                "mean": 5.2188434246,
                "std": 0.01767266910680361
            },
            "time_total": {
                "mean": 53.4040083482,
                "std": 0.7281310354275936
            }
        }
    }
}