{
    "p-8-t-16": {
        "conf": {
            "threads": 16,
            "procs": 8,
            "num_neurons": 77177
        },
        "seeds": [
            123452,
            123450,
            123459,
            123451,
            123457,
            123454,
            123455,
            123456,
            123458,
            123453
        ],
        "ranks": {
            "5": {
                "stats": {
                    "local_spike_counter": {
                        "mean": 310763.8,
                        "std": 2241.249597880611
                    },
                    "rate": {
                        "mean": 0.4026597203740441,
                        "std": 0.0029040092068994276
                    }
                },
                "timers": {
                    "time_initialize": {
                        "mean": 0.0166202595,
                        "std": 0.008542840263527373
                    },
                    "time_create": {
                        "mean": 0.3928462891,
                        "std": 0.004277982490241265
                    },
                    "time_connect": {
                        "mean": 1.7274573531000001,
                        "std": 0.17198792877750557
                    },
                    "time_calibrate": {
                        "mean": 2.3995065442000003,
                        "std": 0.016355220166001758
                    },
                    "time_construct": {
                        "mean": 4.536430445900001,
                        "std": 0.17978484666191694
                    },
                    "time_simulate": {
                        "mean": 12.6674877213,
                        "std": 0.08174502667181423
                    },
                    "time_total": {
                        "mean": 17.203918167199998,
                        "std": 0.17519296481179802
                    }
                }
            },
            "3": {
                "stats": {
                    "local_spike_counter": {
                        "mean": 312130.0,
                        "std": 1764.3340953458899
                    },
                    "rate": {
                        "mean": 0.40442991918733906,
                        "std": 0.0022860650869836415
                    }
                },
                "timers": {
                    "time_initialize": {
                        "mean": 0.019766766300000002,
                        "std": 0.008262335789448152
                    },
                    "time_create": {
                        "mean": 0.3947627733,
                        "std": 0.004434237682945304
                    },
                    "time_connect": {
                        "mean": 1.7254519652,
                        "std": 0.1722592470900951
                    },
                    "time_calibrate": {
                        "mean": 2.3995843057000004,
                        "std": 0.016639199177870365
                    },
                    "time_construct": {
                        "mean": 4.5395658105,
                        "std": 0.18757843221145698
                    },
                    "time_simulate": {
                        "mean": 12.667498759199997,
                        "std": 0.08175233529687127
                    },
                    "time_total": {
                        "mean": 17.2070645697,
                        "std": 0.1823775213460644
                    }
                }
            },
            "7": {
                "stats": {
                    "local_spike_counter": {
                        "mean": 311773.3,
                        "std": 2162.1117940569125
                    },
                    "rate": {
                        "mean": 0.40396773947960796,
                        "std": 0.002801469574037862
                    }
                },
                "timers": {
                    "time_initialize": {
                        "mean": 0.019738818999999998,
                        "std": 0.008113306445786625
                    },
                    "time_create": {
                        "mean": 0.39605471259999997,
                        "std": 0.004500587271783715
                    },
                    "time_connect": {
                        "mean": 1.7241298405000003,
                        "std": 0.17222486346527033
                    },
                    "time_calibrate": {
                        "mean": 2.3996178677,
                        "std": 0.01643063711312666
                    },
                    "time_construct": {
                        "mean": 4.5395412398,
                        "std": 0.18742071736489455
                    },
                    "time_simulate": {
                        "mean": 12.667495320799999,
                        "std": 0.08174650228860933
                    },
                    "time_total": {
                        "mean": 17.2070365606,
                        "std": 0.182109087884803
                    }
                }
            },
            "4": {
                "stats": {
                    "local_spike_counter": {
                        "mean": 311701.1,
                        "std": 2899.393883210765
                    },
                    "rate": {
                        "mean": 0.4038741892275805,
                        "std": 0.0037567732479389833
                    }
                },
                "timers": {
                    "time_initialize": {
                        "mean": 0.016958875800000002,
                        "std": 0.008976473308386338
                    },
                    "time_create": {
                        "mean": 0.3919013447,
                        "std": 0.004905125573772886
                    },
                    "time_connect": {
                        "mean": 1.7279967527,
                        "std": 0.17175974828671398
                    },
                    "time_calibrate": {
                        "mean": 2.3999070781,
                        "std": 0.016366940449025005
                    },
                    "time_construct": {
                        "mean": 4.5367640513000005,
                        "std": 0.18027784042206452
                    },
                    "time_simulate": {
                        "mean": 12.6674891371,
                        "std": 0.08174899376015982
                    },
                    "time_total": {
                        "mean": 17.2042531884,
                        "std": 0.1751710558425928
                    }
                }
            },
            "2": {
                "stats": {
                    "local_spike_counter": {
                        "mean": 312820.6,
                        "std": 3639.2303636895535
                    },
                    "rate": {
                        "mean": 0.4053247364179506,
                        "std": 0.004715386671870955
                    }
                },
                "timers": {
                    "time_initialize": {
                        "mean": 0.0264155645,
                        "std": 0.019747908061284545
                    },
                    "time_create": {
                        "mean": 0.39459361779999996,
                        "std": 0.005615155493346728
                    },
                    "time_connect": {
                        "mean": 1.7254815623,
                        "std": 0.1745943738820059
                    },
                    "time_calibrate": {
                        "mean": 2.3997240176999997,
                        "std": 0.01671330498738946
                    },
                    "time_construct": {
                        "mean": 4.5462147623,
                        "std": 0.180681989076566
                    },
                    "time_simulate": {
                        "mean": 12.667498841,