{
    "BlockStep": {
        "conf": {
            "num_neurons": 77169
        },
        "seeds": [
            123452,
            123451,
            123453,
            123456,
            123457,
            123450,
            123454,
            123455,
            123458,
            123459
        ],
        "timers": {
            "time_initialize": {
                "mean": 0.0005041500999999999,
                "std": 1.3027304221902548e-05
            },
            "time_create": {
                "mean": 0.0070403072,
                "std": 0.0005480083050656803
            },
            "time_connect": {
                "mean": 0.10276486709999999,
                "std": 0.00040919510828661004
            },
            "time_calibrate": {
                "mean": 0.5785000548000001,
                "std": 0.0012852569205846574
            },
            "time_construct": {
                "mean": 0.6888093792000001,
                "std": 0.0017658960431933609
            },
            "time_simulate": {
                "mean": 6.365704740299999,
                "std": 0.02157383114943711
            },
            "time_total": {
                "mean": 7.0545141195,
                "std": 0.022237905478365218
            }
        }
    }
}