{
    "conf": {
        "threads": 16,
        "procs": 8,
        "vps": 128,
        "nodes": 1,
        "num_neurons": 77169,
        "seed": 123459
    },
    "ranks": {
        "7": {
            "stats": {
                "local_spike_counter": 314258,
                "rate": 0.4072294022877392
            },
            "timers": {
                "time_network": 16796882,
                "time_create": 386635547,
                "time_connect": 1693101096,
                "time_presimulate": 2601739831,
                "time_simulate": 7582794741,
                "time_total": 12281068097
            }
        },
        "4": {
            "stats": {
                "local_spike_counter": 305082,
                "rate": 0.39533873603455777
            },
            "timers": {
                "time_network": 16532060,
                "time_create": 398694557,
                "time_connect": 1704566325,
                "time_presimulate": 2578242674,
                "time_simulate": 7582810700,
                "time_total": 12280846316
            }
        },
        "1": {
            "stats": {
                "local_spike_counter": 306508,
                "rate": 0.3971866098441738
            },
            "timers": {
                "time_network": 16548621,
                "time_create": 394842087,
                "time_connect": 1714264468,
                "time_presimulate": 2572376949,
                "time_simulate": 7582822711,
                "time_total": 12280854836
            }
        },
        "2": {
            "stats": {
                "local_spike_counter": 313806,
                "rate": 0.40664368071554674
            },
            "timers": {
                "time_network": 16617930,
                "time_create": 389819515,
                "time_connect": 1688083094,
                "time_presimulate": 2603597216,
                "time_simulate": 7582803091,
                "time_total": 12280920846
            }
        },
        "6": {
            "stats": {
                "local_spike_counter": 308351,
                "rate": 0.39957485067946297
            },
            "timers": {
                "time_network": 16596950,
                "time_create": 388347912,
                "time_connect": 1687480872,
                "time_presimulate": 2605670961,
                "time_simulate": 7582802881,
                "time_total": 12280899576
            }
        },
        "3": {
            "stats": {
                "local_spike_counter": 305978,
                "rate": 0.3964998124254525
            },
            "timers": {
                "time_network": 16682271,
                "time_create": 387357578,
                "time_connect": 1680728126,
                "time_presimulate": 2613406640,
                "time_simulate": 7582802581,
                "time_total": 12280977196
            }
        },
        "0": {
            "stats": {
                "local_spike_counter": 315743,
                "rate": 0.40915373090434504
            },
            "timers": {
                "time_network": 16619861,
                "time_create": 403073687,
                "time_connect": 1710030888,
                "time_presimulate": 2568392899,
                "time_simulate": 7582815401,
                "time_total": 12280932736
            }
        },
        "5": {
            "stats": {
                "local_spike_counter": 306398,
                "rate": 0.3970440669836845
            },
            "timers": {
                "time_network": 16535531,
                "time_create": 407237297,
                "time_connect": 1764426141,
                "time_presimulate": 2509828627,
                "time_simulate": 7582803120,
                "time_total": 12280830716
            }
        }
    },
    "all_values": {
        "stats": {
            "local_spike_counter": 2476124,
            "rate": 3.2086708898749627
        },
        "timers": {
            "time_network": [
                16796882,
                16532060,
                16548621,
                16617930,
                16596950,
                16682271,
                16619861,
                16535531
            ],
            "time_create": [
                386635547,
                398694557,
                394842087,
                389819515,
                388347912,
                387357578,
                403073687,
                407237297
            ],
            "time_connect": [
                1693101096,
                1704566325,
                1714264468,
                1688083094,
                1687480872,
                1680728126,
                1710030888,
                1764426141
            ],
            "time_presimulate": [
                2601739831,
                2578242674,
                2572376949,
                2603597216,
                2605670961,
                2613406640,
                2568392899,
                2509828627
            ],
            "time_simulate": [
                7582794741,
                7582810700,
                7582822711,
                7582803091,
                7582802881,
                7582802581,
                7582815401,
                7582803120
            ],
            "time_total": [
                12281068097,
                12280846316,
                12280854836,
                12280920846,
                12280899576,
                12280977196,
                12280932736,
                12280830716
            ]
        }
    }
}