{
    "conf": {
        "threads": 16,
        "procs": 8,
        "vps": 128,
        "nodes": 1,
        "num_neurons": 77169,
        "seed": 123450
    },
    "ranks": {
        "1": {
            "stats": {
                "local_spike_counter": 315127,
                "rate": 0.4083554908856048
            },
            "timers": {
                "time_network": 197087333,
                "time_create": 389715357,
                "time_connect": 1733826588,
                "time_presimulate": 2620771400,
                "time_simulate": 7716560544,
                "time_total": 12657961222
            }
        },
        "0": {
            "stats": {
                "local_spike_counter": 309632,
                "rate": 0.40123482708207037
            },
            "timers": {
                "time_network": 196275940,
                "time_create": 401417636,
                "time_connect": 1728263094,
                "time_presimulate": 2614611745,
                "time_simulate": 7716606654,
                "time_total": 12657175069
            }
        },
        "5": {
            "stats": {
                "local_spike_counter": 308009,
                "rate": 0.39913167196775984
            },
            "timers": {
                "time_network": 196270299,
                "time_create": 391396744,
                "time_connect": 1762387127,
                "time_presimulate": 2590521344,
                "time_simulate": 7716577034,
                "time_total": 12657152548
            }
        },
        "4": {
            "stats": {
                "local_spike_counter": 311992,
                "rate": 0.4042930193616593
            },
            "timers": {
                "time_network": 75114994,
                "time_create": 389784687,
                "time_connect": 1716957838,
                "time_presimulate": 2637549860,
                "time_simulate": 7716598634,
                "time_total": 12536006013
            }
        },
        "6": {
            "stats": {
                "local_spike_counter": 309230,
                "rate": 0.4007138977191912
            },
            "timers": {
                "time_network": 190254815,
                "time_create": 397098027,
                "time_connect": 1704112904,
                "time_presimulate": 2643083544,
                "time_simulate": 7716595434,
                "time_total": 12651144724
            }
        },
        "2": {
            "stats": {
                "local_spike_counter": 310902,
                "rate": 0.4028805491986288
            },
            "timers": {
                "time_network": 481413950,
                "time_create": 395807132,
                "time_connect": 1706809235,
                "time_presimulate": 2641656338,
                "time_simulate": 7716607554,
                "time_total": 12942294209
            }
        },
        "3": {
            "stats": {
                "local_spike_counter": 308787,
                "rate": 0.4001398387446752
            },
            "timers": {
                "time_network": 388277390,
                "time_create": 393595074,
                "time_connect": 1687101713,
                "time_presimulate": 2663620189,
                "time_simulate": 7716621464,
                "time_total": 12849215830
            }
        },
        "7": {
            "stats": {
                "local_spike_counter": 306352,
                "rate": 0.3969844581511162
            },
            "timers": {
                "time_network": 197572445,
                "time_create": 391033652,
                "time_connect": 1726309617,
                "time_presimulate": 2627028937,
                "time_simulate": 7716536243,
                "time_total": 12658480894
            }
        }
    },
    "all_values": {
        "stats": {
            "local_spike_counter": 2480031,
            "rate": 3.2137337531107057
        },
        "timers": {
            "time_network": [
                197087333,
                196275940,
                196270299,
                75114994,
                190254815,
                481413950,
                388277390,
                197572445
            ],
            "time_create": [
                389715357,
                401417636,
                391396744,
                389784687,
                397098027,
                395807132,
                393595074,
                391033652
            ],
            "time_connect": [
                1733826588,
                1728263094,
                1762387127,
                1716957838,
                1704112904,
                1706809235,
                1687101713,
                1726309617
            ],
            "time_presimulate": [
                2620771400,
                2614611745,
                2590521344,
                2637549860,
                2643083544,
                2641656338,
                2663620189,
                2627028937
            ],
            "time_simulate": [
                7716560544,
                7716606654,
                7716577034,
                7716598634,
                7716595434,
                7716607554,
                7716621464,
                7716536243
            ],
            "time_total": [
                12657961222,
                12657175069,
                12657152548,
                12536006013,
                12651144724,
                12942294209,
                12849215830,
                12658480894
            ]
        }
    }
}