{
    "conf": {
        "threads": 16,
        "procs": 8,
        "num_neurons": 77169,
        "seed": 123453
    },
    "ranks": {
        "7": {
            "stats": {
                "local_spike_counter": 306548,
                "rate": 0.3972384436116244
            },
            "timers": {
                "time_initialize": 14240802,
                "time_create": 397444152,
                "time_connect": 1482230232,
                "time_calibrate": 2355634085,
                "time_construct": 4249549271,
                "time_simulate": 7735165161,
                "time_total": 11984714432
            }
        },
        "0": {
            "stats": {
                "local_spike_counter": 302406,
                "rate": 0.3918710569921086
            },
            "timers": {
                "time_initialize": 18744055,
                "time_create": 397071511,
                "time_connect": 1482378052,
                "time_calibrate": 2355847936,
                "time_construct": 4254041554,
                "time_simulate": 7735162381,
                "time_total": 11989203935
            }
        },
        "1": {
            "stats": {
                "local_spike_counter": 302783,
                "rate": 0.392359590250331
            },
            "timers": {
                "time_initialize": 18708495,
                "time_create": 401565574,
                "time_connect": 1477979810,
                "time_calibrate": 2355766135,
                "time_construct": 4254020014,
                "time_simulate": 7735156511,
                "time_total": 11989176525
            }
        },
        "2": {
            "stats": {
                "local_spike_counter": 298838,
                "rate": 0.38724748493550976
            },
            "timers": {
                "time_initialize": 18704944,
                "time_create": 386929971,
                "time_connect": 1492387752,
                "time_calibrate": 2356031986,
                "time_construct": 4254054653,
                "time_simulate": 7735064651,
                "time_total": 11989119304
            }
        },
        "5": {
            "stats": {
                "local_spike_counter": 303705,
                "rate": 0.39355435859006876
            },
            "timers": {
                "time_initialize": 18758565,
                "time_create": 390064250,
                "time_connect": 1489400403,
                "time_calibrate": 2355843456,
                "time_construct": 4254066674,
                "time_simulate": 7735146901,
                "time_total": 11989213575
            }
        },
        "3": {
            "stats": {
                "local_spike_counter": 306113,
                "rate": 0.39667475139059855
            },
            "timers": {
                "time_initialize": 16053697,
                "time_create": 397541232,
                "time_connect": 1481759171,
                "time_calibrate": 2356006526,
                "time_construct": 4251360626,
                "time_simulate": 7735159091,
                "time_total": 11986519717
            }
        },
        "4": {
            "stats": {
                "local_spike_counter": 308818,
                "rate": 0.40018000991444946
            },
            "timers": {
                "time_initialize": 18726764,
                "time_create": 390529042,
                "time_connect": 1488885381,
                "time_calibrate": 2355895666,
                "time_construct": 4254036853,
                "time_simulate": 7735160171,
                "time_total": 11989197024
            }
        },
        "6": {
            "stats": {
                "local_spike_counter": 311450,
                "rate": 0.4035906718127029
            },
            "timers": {
                "time_initialize": 17572971,
                "time_create": 394199712,
                "time_connect": 1485313422,
                "time_calibrate": 2355795945,
                "time_construct": 4252882050,
                "time_simulate": 7735156761,
                "time_total": 11988038811
            }
        }
    },
    "all_values": {
        "stats": {
            "local_spike_counter": 2440661,
            "rate": 3.162716367497393
        },
        "timers": {
            "time_initialize": [
                14240802,
                18744055,
                18708495,
                18704944,
                18758565,
                16053697,
                18726764,
                17572971
            ],
            "time_create": [
                397444152,
                397071511,
                401565574,
                386929971,
                390064250,
                397541232,
                390529042,
                394199712
            ],
            "time_connect": [
                1482230232,
                1482378052,
                1477979810,
                1492387752,
                1489400403,
                1481759171,
                1488885381,
                1485313422
            ],
            "time_calibrate": [
                2355634085,
                2355847936,
                2355766135,
                2356031986,
                2355843456,
                2356006526,
                2355895666,
                2355795945
            ],
            "time_construct": [
                4249549271,
                4254041554,
                4254020014,
                4254054653,
                4254066674,
                4251360626,
                4254036853,
                4252882050
            ],
            "time_simulate": [
                7735165161,
                7735162381,
                7735156511,
                7735064651,
                7735146901,
                7735159091,
                7735160171,
                7735156761
            ],
            "time_total": [
                11984714432,
                11989203935,
                11989176525,
                11989119304,
                11989213575,
                11986519717,
                11989197024,
                11988038811
            ]
        }
    }
}