{
    "BlockStep": {
        "conf": {
            "num_neurons": 77169
        },
        "seeds": [
            123457,
            123459,
            123458,
            123456,
            123451,
            123454,
            123453,
            123452,
            123450,
            123455
        ],
        "timers": {
            "time_initialize": {
                "mean": 0.000175161,
                "std": 1.6098864189749533e-05
            },
            "time_create": {
                "mean": 0.0014276826999999998,
                "std": 0.00012884003207702953
            },
            "time_connect": {
                "mean": 0.30569654189999995,
                "std": 0.01973542803852344
            },
            "time_calibrate": {
                "mean": 0.6011167776,
                "std": 0.0006131422080366183
            },
            "time_construct": {
                "mean": 0.9084161632000001,
                "std": 0.019500618460384197
            },
            "time_simulate": {
                "mean": 5.610479463,
                "std": 0.027136468859405686
            },
            "time_total": {
                "mean": 6.518895626199999,
                "std": 0.03441271402475324
            }
        }
    }
}