{
    "conf": {
        "threads": 16,
        "procs": 8,
        "vps": 128,
        "nodes": 1,
        "num_neurons": 77169,
        "seed": 123458
    },
    "ranks": {
        "0": {
            "stats": {
                "local_spike_counter": 302907,
                "rate": 0.3925202749294281
            },
            "timers": {
                "time_network": 10793120,
                "time_create": 392347327,
                "time_connect": 1694710885,
                "time_presimulate": 2557450315,
                "time_simulate": 7555556664,
                "time_total": 12210858311
            }
        },
        "5": {
            "stats": {
                "local_spike_counter": 306572,
                "rate": 0.39726954387209484
            },
            "timers": {
                "time_network": 10801730,
                "time_create": 391990075,
                "time_connect": 1729320010,
                "time_presimulate": 2523179112,
                "time_simulate": 7555564004,
                "time_total": 12210854931
            }
        },
        "4": {
            "stats": {
                "local_spike_counter": 310794,
                "rate": 0.4027405980265121
            },
            "timers": {
                "time_network": 10737469,
                "time_create": 389588467,
                "time_connect": 1675340291,
                "time_presimulate": 2579577189,
                "time_simulate": 7555557144,
                "time_total": 12210800560
            }
        },
        "3": {
            "stats": {
                "local_spike_counter": 305470,
                "rate": 0.3958415235788292
            },
            "timers": {
                "time_network": 10781230,
                "time_create": 390180971,
                "time_connect": 1729659513,
                "time_presimulate": 2524713524,
                "time_simulate": 7555386692,
                "time_total": 12210721930
            }
        },
        "2": {
            "stats": {
                "local_spike_counter": 307566,
                "rate": 0.39855761299324377
            },
            "timers": {
                "time_network": 10866250,
                "time_create": 390130871,
                "time_connect": 1730593219,
                "time_presimulate": 2523739157,
                "time_simulate": 7555564304,
                "time_total": 12210893801
            }
        },
        "6": {
            "stats": {
                "local_spike_counter": 307155,
                "rate": 0.3980250210326882
            },
            "timers": {
                "time_network": 10778830,
                "time_create": 390393503,
                "time_connect": 1748501712,
                "time_presimulate": 2505581412,
                "time_simulate": 7555470943,
                "time_total": 12210726400
            }
        },
        "1": {
            "stats": {
                "local_spike_counter": 301850,
                "rate": 0.3911505676245444
            },
            "timers": {
                "time_network": 10987431,
                "time_create": 389400985,
                "time_connect": 1691769643,
                "time_presimulate": 2563327519,
                "time_simulate": 7555580034,
                "time_total": 12211065612
            }
        },
        "7": {
            "stats": {
                "local_spike_counter": 303391,
                "rate": 0.3931474635155811
            },
            "timers": {
                "time_network": 10785049,
                "time_create": 387095179,
                "time_connect": 1735220313,
                "time_presimulate": 2522140515,
                "time_simulate": 7555565244,
                "time_total": 12210806300
            }
        }
    },
    "all_values": {
        "stats": {
            "local_spike_counter": 2445705,
            "rate": 3.1692526055729213
        },
        "timers": {
            "time_network": [
                10793120,
                10801730,
                10737469,
                10781230,
                10866250,
                10778830,
                10987431,
                10785049
            ],
            "time_create": [
                392347327,
                391990075,
                389588467,
                390180971,
                390130871,
                390393503,
                389400985,
                387095179
            ],
            "time_connect": [
                1694710885,
                1729320010,
                1675340291,
                1729659513,
                1730593219,
                1748501712,
                1691769643,
                1735220313
            ],
            "time_presimulate": [
                2557450315,
                2523179112,
                2579577189,
                2524713524,
                2523739157,
                2505581412,
                2563327519,
                2522140515
            ],
            "time_simulate": [
                7555556664,
                7555564004,
                7555557144,
                7555386692,
                7555564304,
                7555470943,
                7555580034,
                7555565244
            ],
            "time_total": [
                12210858311,
                12210854931,
                12210800560,
                12210721930,
                12210893801,
                12210726400,
                12211065612,
                12210806300
            ]
        }
    }
}