{
    "conf": {
        "num_neurons": 77169
    },
    "seeds": [
        123459,
        123452,
        123450,
        123453,
        123458,
        123457,
        123454,
        123456,
        123451,
        123455
    ],
    "timers": {
        "time_model_def": {
            "mean": 0.017273565799999998,
            "std": 0.00015547199656066682
        },
        "time_build": {
            "mean": 14.651682130900003,
            "std": 1.520412115354216
        },
        "time_construct_no_load": {
            "mean": 14.668955696700001,
            "std": 1.5205268219526864
        },
        "time_load": {
            "mean": 0.8388538978000002,
            "std": 0.011362509619122621
        },
        "time_construct": {
            "mean": 15.507809594500003,
            "std": 1.52000025919408
        },
        "time_simulate": {
            "mean": 5.3726274314,
            "std": 0.010247005890393157
        },
        "time_total": {
            "mean": 20.8804370259,
            "std": 1.5224991406774404
        }
    }
}