{
    "conf": {
        "num_neurons": 77169
    },
    "seeds": [
        123456,
        123450,
        123457,
        123458,
        123452,
        123451,
        123455,
        123454,
        123453,
        123459
    ],
    "timers": {
        "time_model_def": {
            "mean": 0.0175348575,
            "std": 0.00017449050697573761
        },
        "time_build": {
            "mean": 14.3014898733,
            "std": 0.7244164847664658
        },
        "time_load": {
            "mean": 0.8391475355000001,
            "std": 0.006834487012932925
        },
        "time_construct_no_build": {
            "mean": 0.856682393,
            "std": 0.006888323433966923
        },
        "time_construct": {
            "mean": 15.158172266300003,
            "std": 0.7287402282759733
        },
        "time_simulate": {
            "mean": 5.3952555498,
            "std": 0.016529235921298485
        },
        "time_total": {
            "mean": 20.5534278161,
            "std": 0.7218206099489105
        }
    }
}