{
    "time_model_def": {
        "mean": 0.0174149436,
        "std": 0.00040446948591759036
    },
    "time_build": {
        "mean": 18.467763293,
        "std": 1.0532475159936086
    },
    "time_load": {
        "mean": 0.8512081608,
        "std": 0.009852717316090265
    },
    "time_simulate": {
        "mean": 8.381362753999998,
        "std": 0.009335120248300039
    },
    "time_total": {
        "mean": 27.7177491514,
        "std": 1.0466542316520886
    }
}