{
    "time_network": {
        "mean": 0.0002190968,
        "std": 7.191592411114522e-05
    },
    "time_create": {
        "mean": 0.0020958033,
        "std": 9.386307747783475e-05
    },
    "time_connect": {
        "mean": 0.014988154699999997,
        "std": 8.008400648949842e-05
    },
    "time_build": {
        "mean": 16.289903729000002,
        "std": 0.9257830517074527
    },
    "time_load": {
        "mean": 0.6606348606,
        "std": 0.00601815486298751
    },
    "time_presimulate": {
        "mean": 0.5135729849999999,
        "std": 0.006626765241093003
    },
    "time_simulate": {
        "mean": 6.615325405,
        "std": 0.005958993780820611
    },
    "time_total": {
        "mean": 24.0967400344,
        "std": 0.9227194176498587
    }
}