{
    "time_model_def": {
        "mean": 0.017383557900000002,
        "std": 0.00015278678870206695
    },
    "time_build": {
        "mean": 16.288692935799997,
        "std": 0.46615299356032036
    },
    "time_load": {
        "mean": 0.8382641842,
        "std": 0.026873268233865905
    },
    "time_simulate": {
        "mean": 8.8565038173,
        "std": 0.01343925180242049
    },
    "time_total": {
        "mean": 26.0008444952,
        "std": 0.4692035356833528
    },
    "network_construction_time": {
        "mean": 17.144340677899997,
        "std": 0.47038583389935845
    },
    "network_construction_time_nobuild": {
        "mean": 0.8556477421,
        "std": 0.02683896343025609
    }
}