{
    "BlockStep": {
        "time_network": {
            "mean": 0.00015715470000000003,
            "std": 3.867875593914569e-06
        },
        "time_create": {
            "mean": 0.0016440527,
            "std": 0.0002912124703669299
        },
        "time_connect": {
            "mean": 0.3067399341,
            "std": 0.011485834947384166
        },
        "time_calibrate": {
            "mean": 0.6003264384,
            "std": 0.000783993629620064
        },
        "time_simulate": {
            "mean": 8.4255376628,
            "std": 0.021933119625301294
        },
        "time_total": {
            "mean": 9.3344052427,
            "std": 0.018671058509771608
        },
        "network_construction_time": {
            "mean": 0.9088675798999999,
            "std": 0.011052494427981653
        }
    }
}