{
    "BlockStep": {
        "time_network": {
            "mean": 0.0001540717,
            "std": 2.6776038934091843e-06
        },
        "time_create": {
            "mean": 1.8761490433999999,
            "std": 0.09914418682892712
        },
        "time_connect": {
            "mean": 36.311671972,
            "std": 0.4711041941929935
        },
        "time_calibrate": {
            "mean": 2.0971627728,
            "std": 0.011472493366312867
        },
        "time_simulate": {
            "mean": 8.4932421646,
            "std": 0.015772266651532633
        },
        "time_total": {
            "mean": 48.7783800245,
            "std": 0.5366216546813737
        },
        "network_construction_time": {
            "mean": 40.2851378599,
            "std": 0.5310490718942095
        }
    }
}