{
    "BlockStep": {
        "conf": {
            "num_neurons": 77169
        },
        "seeds": [
            123456,
            123457,
            123452,
            123451,
            123453,
            123459,
            123458,
            123450,
            123454,
            123455
        ],
        "timers": {
            "time_initialize": {
                "mean": 0.000191493,
                "std": 4.351017145450016e-06
            },
            "time_create": {
                "mean": 0.0019429791,
                "std": 2.530048665717711e-05
            },
            "time_connect": {
                "mean": 0.15995771250000002,
                "std": 0.0005299401508282323
            },
            "time_calibrate": {
                "mean": 0.363822282,
                "std": 0.0003891278004864106
            },
            "time_construct": {
                "mean": 0.5259144666000001,
                "std": 0.0007613175255898592
            },
            "time_simulate": {
                "mean": 4.706688972499999,
                "std": 0.007591759201411039
            },
            "time_total": {
                "mean": 5.2326034391,
                "std": 0.008028998129615461
            }
        }
    }
}