{
    "conf": {
        "num_neurons": 77169
    },
    "seeds": [
        123456,
        123458,
        123452,
        123453,
        123454,
        123459,
        123451,
        123457,
        123450,
        123455
    ],
    "timers": {
        "time_model_def": {
            "mean": 0.0109420103,
            "std": 7.015461577836492e-05
        },
        "time_build": {
            "mean": 8.1546426134,
            "std": 0.04134715084503723
        },
        "time_construct_no_load": {
            "mean": 8.165584623700001,
            "std": 0.04134764938661341
        },
        "time_load": {
            "mean": 0.44518242039999995,
            "std": 0.015126431399660183
        },
        "time_construct": {
            "mean": 8.6107670441,
            "std": 0.04250535105309944
        },
        "time_construct_no_build": {
            "mean": 0.45612443069999997,
            "std": 0.015108618202352373
        },
        "time_simulate": {
            "mean": 2.7193507205,
            "std": 0.006913076115114564
        },
        "time_total": {
            "mean": 11.3301177646,
            "std": 0.04376992721937348
        }
    }
}