{
    "conf": {
        "threads": 16,
        "procs": 8,
        "num_neurons": 77177,
        "seed": 123451
    },
    "ranks": {
        "4": {
            "stats": {
                "local_spike_counter": 312750,
                "rate": 0.4052332593017021
            },
            "timers": {
                "time_initialize": 9729842,
                "time_create": 400009254,
                "time_connect": 1622382074,
                "time_calibrate": 2398451866,
                "time_construct": 4430573036,
                "time_simulate": 12630382668,
                "time_total": 17060955704
            }
        },
        "7": {
            "stats": {
                "local_spike_counter": 310068,
                "rate": 0.4017581654521509
            },
            "timers": {
                "time_initialize": 11273073,
                "time_create": 391413775,
                "time_connect": 1629359062,
                "time_calibrate": 2400067868,
                "time_construct": 4432113778,
                "time_simulate": 12630387068,
                "time_total": 17062500846
            }
        },
        "0": {
            "stats": {
                "local_spike_counter": 311332,
                "rate": 0.4033959427175621
            },
            "timers": {
                "time_initialize": 11249534,
                "time_create": 402467027,
                "time_connect": 1617577228,
                "time_calibrate": 2400793228,
                "time_construct": 4432087017,
                "time_simulate": 12630388019,
                "time_total": 17062475036
            }
        },
        "1": {
            "stats": {
                "local_spike_counter": 309521,
                "rate": 0.4010494121577048
            },
            "timers": {
                "time_initialize": 9894832,
                "time_create": 390841833,
                "time_connect": 1629642863,
                "time_calibrate": 2400401467,
                "time_construct": 4430780995,
                "time_simulate": 12630344469,
                "time_total": 17061125464
            }
        },
        "5": {
            "stats": {
                "local_spike_counter": 310900,
                "rate": 0.40283619605723164
            },
            "timers": {
                "time_initialize": 11254193,
                "time_create": 391184595,
                "time_connect": 1631215324,
                "time_calibrate": 2398426406,
                "time_construct": 4432080518,
                "time_simulate": 12630389128,
                "time_total": 17062469646
            }
        },
        "3": {
            "stats": {
                "local_spike_counter": 310184,
                "rate": 0.4019084677961285
            },
            "timers": {
                "time_initialize": 11286864,
                "time_create": 394541728,
                "time_connect": 1629244292,
                "time_calibrate": 2397055274,
                "time_construct": 4432128158,
                "time_simulate": 12630393058,
                "time_total": 17062521216
            }
        },
        "6": {
            "stats": {
                "local_spike_counter": 312757,
                "rate": 0.4052423292707353
            },
            "timers": {
                "time_initialize": 11234833,
                "time_create": 396424751,
                "time_connect": 1624438236,
                "time_calibrate": 2399974467,
                "time_construct": 4432072287,
                "time_simulate": 12630398409,
                "time_total": 17062470696
            }
        },
        "2": {
            "stats": {
                "local_spike_counter": 317099,
                "rate": 0.4108683014910006
            },
            "timers": {
                "time_initialize": 11328134,
                "time_create": 391791444,
                "time_connect": 1629955564,
                "time_calibrate": 2399100435,
                "time_construct": 4432175577,
                "time_simulate": 12630389209,
                "time_total": 17062564786
            }
        }
    },
    "all_values": {
        "stats": {
            "local_spike_counter": 2494611,
            "rate": 3.2322920742442163
        },
        "timers": {
            "time_initialize": [
                9729842,
                11273073,
                11249534,
                9894832,
                11254193,
                11286864,
                11234833,
                11328134
            ],
            "time_create": [
                400009254,
                391413775,
                402467027,
                390841833,
                391184595,
                394541728,
                396424751,
                391791444
            ],
            "time_connect": [
                1622382074,
                1629359062,
                1617577228,
                1629642863,
                1631215324,
                1629244292,
                1624438236,
                1629955564
            ],
            "time_calibrate": [
                2398451866,
                2400067868,
                2400793228,
                2400401467,
                2398426406,
                2397055274,
                2399974467,
                2399100435
            ],
            "time_construct": [
                4430573036,
                4432113778,
                4432087017,
                4430780995,
                4432080518,
                4432128158,
                4432072287,
                4432175577
            ],
            "time_simulate": [
                12630382668,
                12630387068,
                12630388019,
                12630344469,
                12630389128,
                12630393058,
                12630398409,
                12630389209
            ],
            "time_total": [
                17060955704,
                17062500846,
                17062475036,
                17061125464,
                17062469646,
                17062521216,
                17062470696,
                17062564786
            ]
        }
    }
}