{
    "conf": {
        "threads": 16,
        "procs": 8,
        "num_neurons": 77169,
        "seed": 123456
    },
    "ranks": {
        "5": {
            "stats": {
                "local_spike_counter": 306449,
                "rate": 0.39711015503718405
            },
            "timers": {
                "time_initialize": 22984029,
                "time_create": 390156790,
                "time_connect": 1530343105,
                "time_calibrate": 2354322386,
                "time_construct": 4297806310,
                "time_simulate": 7668714002,
                "time_total": 11966520312
            }
        },
        "3": {
            "stats": {
                "local_spike_counter": 306456,
                "rate": 0.39711922594648796
            },
            "timers": {
                "time_initialize": 9844369,
                "time_create": 387346873,
                "time_connect": 1532924972,
                "time_calibrate": 2354528367,
                "time_construct": 4284644581,
                "time_simulate": 7668799412,
                "time_total": 11953443993
            }
        },
        "0": {
            "stats": {
                "local_spike_counter": 310698,
                "rate": 0.40261619698463047
            },
            "timers": {
                "time_initialize": 15104505,
                "time_create": 406330780,
                "time_connect": 1513950845,
                "time_calibrate": 2354504587,
                "time_construct": 4289890717,
                "time_simulate": 7668785692,
                "time_total": 11958676409
            }
        },
        "4": {
            "stats": {
                "local_spike_counter": 302115,
                "rate": 0.39149396633390504
            },
            "timers": {
                "time_initialize": 22979718,
                "time_create": 393406861,
                "time_connect": 1526821344,
                "time_calibrate": 2354572617,
                "time_construct": 4297780540,
                "time_simulate": 7668786313,
                "time_total": 11966566853
            }
        },
        "7": {
            "stats": {
                "local_spike_counter": 305027,
                "rate": 0.3952674646043131
            },
            "timers": {
                "time_initialize": 11334443,
                "time_create": 390248342,
                "time_connect": 1530032893,
                "time_calibrate": 2354522207,
                "time_construct": 4286137885,
                "time_simulate": 7668798602,
                "time_total": 11954936487
            }
        },
        "6": {
            "stats": {
                "local_spike_counter": 304838,
                "rate": 0.39502255005310877
            },
            "timers": {
                "time_initialize": 16438469,
                "time_create": 384169043,
                "time_connect": 1536363672,
                "time_calibrate": 2354266866,
                "time_construct": 4291238050,
                "time_simulate": 7668802983,
                "time_total": 11960041033
            }
        },
        "1": {
            "stats": {
                "local_spike_counter": 312912,
                "rate": 0.4054851960130245
            },
            "timers": {
                "time_initialize": 16982750,
                "time_create": 389911811,
                "time_connect": 1530431824,
                "time_calibrate": 2354458417,
                "time_construct": 4291784802,
                "time_simulate": 7668806743,
                "time_total": 11960591545
            }
        },
        "2": {
            "stats": {
                "local_spike_counter": 312796,
                "rate": 0.4053348780874176
            },
            "timers": {
                "time_initialize": 14863954,
                "time_create": 387796334,
                "time_connect": 1532453111,
                "time_calibrate": 2354554277,
                "time_construct": 4289667676,
                "time_simulate": 7668800022,
                "time_total": 11958467698
            }
        }
    },
    "all_values": {
        "stats": {
            "local_spike_counter": 2461291,
            "rate": 3.1894496330600717
        },
        "timers": {
            "time_initialize": [
                22984029,
                9844369,
                15104505,
                22979718,
                11334443,
                16438469,
                16982750,
                14863954
            ],
            "time_create": [
                390156790,
                387346873,
                406330780,
                393406861,
                390248342,
                384169043,
                389911811,
                387796334
            ],
            "time_connect": [
                1530343105,
                1532924972,
                1513950845,
                1526821344,
                1530032893,
                1536363672,
                1530431824,
                1532453111
            ],
            "time_calibrate": [
                2354322386,
                2354528367,
                2354504587,
                2354572617,
                2354522207,
                2354266866,
                2354458417,
                2354554277
            ],
            "time_construct": [
                4297806310,
                4284644581,
                4289890717,
                4297780540,
                4286137885,
                4291238050,
                4291784802,
                4289667676
            ],
            "time_simulate": [
                7668714002,
                7668799412,
                7668785692,
                7668786313,
                7668798602,
                7668802983,
                7668806743,
                7668800022
            ],
            "time_total": [
                11966520312,
                11953443993,
                11958676409,
                11966566853,
                11954936487,
                11960041033,
                11960591545,
                11958467698
            ]
        }
    }
}