{
    "BlockStep": {
        "conf": {
            "num_neurons": 77169
        },
        "seeds": [
            123453,
            123454,
            123457,
            123459,
            123452,
            123455,
            123456,
            123451,
            123458,
            123450
        ],
        "timers": {
            "time_initialize": {
                "mean": 0.0005185721,
                "std": 4.071856452393676e-05
            },
            "time_create": {
                "mean": 3.0063539945,
                "std": 0.02490225024249717
            },
            "time_connect": {
                "mean": 54.65360592249999,
                "std": 0.17342273455198018
            },
            "time_calibrate": {
                "mean": 1.9932340466,
                "std": 0.012407356336357391
            },
            "time_construct": {
                "mean": 59.6537125357,
                "std": 0.1945228118706342
            },
            "time_simulate": {
                "mean": 6.5303601224,
                "std": 0.011821753987945507
            },
            "time_total": {
                "mean": 66.1840726581,
                "std": 0.19671991598861996
            }
        }
    }
}