{
    "conf": {
        "threads": 16,
        "procs": 8,
        "vps": 128,
        "nodes": 1,
        "num_neurons": 77169,
        "seed": 123455
    },
    "ranks": {
        "1": {
            "stats": {
                "local_spike_counter": 308254,
                "rate": 0.3994491537933951
            },
            "timers": {
                "time_network": 21435065,
                "time_create": 384165919,
                "time_connect": 1696670905,
                "time_presimulate": 2539796388,
                "time_simulate": 8062567795,
                "time_total": 12704636072
            }
        },
        "0": {
            "stats": {
                "local_spike_counter": 303886,
                "rate": 0.393788906387783
            },
            "timers": {
                "time_network": 21479645,
                "time_create": 388485867,
                "time_connect": 1742723031,
                "time_presimulate": 2489381754,
                "time_simulate": 8062563745,
                "time_total": 12704634042
            }
        },
        "6": {
            "stats": {
                "local_spike_counter": 304858,
                "rate": 0.3950484669368341
            },
            "timers": {
                "time_network": 21600536,
                "time_create": 401881512,
                "time_connect": 1723756648,
                "time_presimulate": 2495054743,
                "time_simulate": 8062387943,
                "time_total": 12704681382
            }
        },
        "3": {
            "stats": {
                "local_spike_counter": 310477,
                "rate": 0.40232981541946555
            },
            "timers": {
                "time_network": 21383364,
                "time_create": 394111345,
                "time_connect": 1715345906,
                "time_presimulate": 2511266462,
                "time_simulate": 8062478624,
                "time_total": 12704585701
            }
        },
        "4": {
            "stats": {
                "local_spike_counter": 305943,
                "rate": 0.3964544578789332
            },
            "timers": {
                "time_network": 21441995,
                "time_create": 391605763,
                "time_connect": 1699549280,
                "time_presimulate": 2529485389,
                "time_simulate": 8062550915,
                "time_total": 12704633342
            }
        },
        "7": {
            "stats": {
                "local_spike_counter": 305101,
                "rate": 0.3953633570740968
            },
            "timers": {
                "time_network": 21508366,
                "time_create": 388830669,
                "time_connect": 1709004631,
                "time_presimulate": 2522823572,
                "time_simulate": 8062539005,
                "time_total": 12704706243
            }
        },
        "5": {
            "stats": {
                "local_spike_counter": 312633,
                "rate": 0.40512365548505613
            },
            "timers": {
                "time_network": 21466875,
                "time_create": 391695894,
                "time_connect": 1682052209,
                "time_presimulate": 2546876919,
                "time_simulate": 8062569355,
                "time_total": 12704661252
            }
        },
        "2": {
            "stats": {
                "local_spike_counter": 308504,
                "rate": 0.3997731148399618
            },
            "timers": {
                "time_network": 21561776,
                "time_create": 386487369,
                "time_connect": 1705770734,
                "time_presimulate": 2528352049,
                "time_simulate": 8062552555,
                "time_total": 12704724483
            }
        }
    },
    "all_values": {
        "stats": {
            "local_spike_counter": 2459656,
            "rate": 3.1873309278155255
        },
        "timers": {
            "time_network": [
                21435065,
                21479645,
                21600536,
                21383364,
                21441995,
                21508366,
                21466875,
                21561776
            ],
            "time_create": [
                384165919,
                388485867,
                401881512,
                394111345,
                391605763,
                388830669,
                391695894,
                386487369
            ],
            "time_connect": [
                1696670905,
                1742723031,
                1723756648,
                1715345906,
                1699549280,
                1709004631,
                1682052209,
                1705770734
            ],
            "time_presimulate": [
                2539796388,
                2489381754,
                2495054743,
                2511266462,
                2529485389,
                2522823572,
                2546876919,
                2528352049
            ],
            "time_simulate": [
                8062567795,
                8062563745,
                8062387943,
                8062478624,
                8062550915,
                8062539005,
                8062569355,
                8062552555
            ],
            "time_total": [
                12704636072,
                12704634042,
                12704681382,
                12704585701,
                12704633342,
                12704706243,
                12704661252,
                12704724483
            ]
        }
    }
}