{
    "BlockStep": {
        "conf": {
            "num_neurons": 100000,
            "av_num_conn_per_neuron": 100,
            "connectivity": "fixed_total_number"
        },
        "seeds": [
            123457,
            123451,
            123450,
            123453,
            123456,
            123452,
            123459,
            123458,
            123454,
            123455
        ],
        "timers": {
            "time_initialize": {
                "mean": 0.0012687965,
                "std": 0.0001180123886558102
            },
            "time_create": {
                "mean": 0.0008430754,
                "std": 1.1001779276098937e-05
            },
            "time_connect": {
                "mean": 0.0027313558000000003,
                "std": 4.646296685705726e-05
            },
            "time_calibrate": {
                "mean": 0.0068581618,
                "std": 0.0001960910494560117
            },
            "time_construct": {
                "mean": 0.0117013895,
                "std": 0.00035147410408200766
            },
            "time_simulate": {
                "mean": 0.002910555,
                "std": 5.3267890928776266e-05
            },
            "time_total": {
                "mean": 0.014611944500000001,
                "std": 0.00039680705879085624
            }
        }
    }
}