{
    "BlockStep": {
        "conf": {
            "num_neurons": 1000,
            "av_num_conn_per_neuron": 10000,
            "connectivity": "fixed_total_number"
        },
        "seeds": [
            123457,
            123451,
            123450,
            123453,
            123456,
            123452,
            123459,
            123458,
            123454,
            123455
        ],
        "timers": {
            "time_initialize": {
                "mean": 0.0011971752,
                "std": 6.342587409850966e-05
            },
            "time_create": {
                "mean": 0.0007103234,
                "std": 1.789097523445829e-05
            },
            "time_connect": {
                "mean": 0.0027158859000000002,
                "std": 3.053793549161435e-05
            },
            "time_calibrate": {
                "mean": 0.0045839565999999995,
                "std": 0.00010047871207992275
            },
            "time_construct": {
                "mean": 0.009207341099999999,
                "std": 0.00018222424316454173
            },
            "time_simulate": {
                "mean": 0.0027937210000000003,
                "std": 4.436427526738155e-05
            },
            "time_total": {
                "mean": 0.012001062100000001,
                "std": 0.00021337895906318875
            }
        }
    }
}