{
    "BlockStep": {
        "conf": {
            "num_neurons": 10000,
            "av_num_conn_per_neuron": 100,
            "connectivity": "fixed_outdegree"
        },
        "seeds": [
            123457,
            123451,
            123450,
            123453,
            123456,
            123452,
            123459,
            123458,
            123454,
            123455
        ],
        "timers": {
            "time_initialize": {
                "mean": 0.0012407003,
                "std": 8.539334056125219e-05
            },
            "time_create": {
                "mean": 0.0006538693,
                "std": 8.422172060585083e-05
            },
            "time_connect": {
                "mean": 0.0019624305,
                "std": 0.00013043578575011543
            },
            "time_calibrate": {
                "mean": 0.0017921747,
                "std": 5.3109512223423795e-05
            },
            "time_construct": {
                "mean": 0.0056491748,
                "std": 0.00016682616147463202
            },
            "time_simulate": {
                "mean": 0.0028751394999999994,
                "std": 6.468689750057586e-05
            },
            "time_total": {
                "mean": 0.0085243143,
                "std": 0.00021530391689658106
            }
        }
    }
}