{
    "BlockStep": {
        "conf": {
            "num_neurons": 1000,
            "av_num_conn_per_neuron": 100,
            "connectivity": "fixed_total_number"
        },
        "seeds": [
            123457,
            123451,
            123450,
            123453,
            123456,
            123452,
            123459,
            123458,
            123454,
            123455
        ],
        "timers": {
            "time_initialize": {
                "mean": 0.0012091141,
                "std": 7.700820390899919e-05
            },
            "time_create": {
                "mean": 0.0006644865,
                "std": 7.92655728942269e-05
            },
            "time_connect": {
                "mean": 0.0018911523999999998,
                "std": 0.00010308637411724209
            },
            "time_calibrate": {
                "mean": 0.0012277624,
                "std": 2.5800655740503943e-05
            },
            "time_construct": {
                "mean": 0.0049925154,
                "std": 0.00010974911187358183
            },
            "time_simulate": {
                "mean": 0.0028239065,
                "std": 4.254044233726298e-05
            },
            "time_total": {
                "mean": 0.007816421899999999,
                "std": 0.0001323933975471966
            }
        }
    }
}