{
    "BlockStep": {
        "conf": {
            "num_neurons": 1000,
            "av_num_conn_per_neuron": 100,
            "connectivity": "fixed_indegree"
        },
        "seeds": [
            123457,
            123451,
            123450,
            123453,
            123456,
            123452,
            123459,
            123458,
            123454,
            123455
        ],
        "timers": {
            "time_initialize": {
                "mean": 0.0012608272000000002,
                "std": 9.846037313742011e-05
            },
            "time_create": {
                "mean": 0.0007048153,
                "std": 7.368028850520334e-05
            },
            "time_connect": {
                "mean": 0.0018766673000000002,
                "std": 8.194317086255575e-05
            },
            "time_calibrate": {
                "mean": 0.0012385350999999998,
                "std": 4.749552341105423e-05
            },
            "time_construct": {
                "mean": 0.0050808449,
                "std": 0.00019842350850362973
            },
            "time_simulate": {
                "mean": 0.0028241753,
                "std": 2.566034322081444e-05
            },
            "time_total": {
                "mean": 0.0079050202,
                "std": 0.00021789074737941483
            }
        }
    }
}