{
    "BlockStep": {
        "conf": {
            "num_neurons": 1000,
            "av_num_conn_per_neuron": 10000,
            "connectivity": "fixed_outdegree"
        },
        "seeds": [
            123457,
            123451,
            123450,
            123453,
            123456,
            123452,
            123459,
            123458,
            123454,
            123455
        ],
        "timers": {
            "time_initialize": {
                "mean": 0.0012353611,
                "std": 7.204560720050879e-05
            },
            "time_create": {
                "mean": 0.0006456583,
                "std": 9.049061702414235e-05
            },
            "time_connect": {
                "mean": 0.0027164946999999997,
                "std": 0.0001202495181803653
            },
            "time_calibrate": {
                "mean": 0.0045550312,
                "std": 8.47341019316308e-05
            },
            "time_construct": {
                "mean": 0.009152545299999999,
                "std": 0.00017229578248874824
            },
            "time_simulate": {
                "mean": 0.0028025448999999996,
                "std": 3.98696552140848e-05
            },
            "time_total": {
                "mean": 0.0119550902,
                "std": 0.00019504754076983357
            }
        }
    }
}