{
    "BlockStep": {
        "conf": {
            "num_neurons": 100000,
            "av_num_conn_per_neuron": 100,
            "connectivity": "fixed_indegree"
        },
        "seeds": [
            123457,
            123451,
            123450,
            123453,
            123456,
            123452,
            123459,
            123458,
            123454,
            123455
        ],
        "timers": {
            "time_initialize": {
                "mean": 0.0012687050999999998,
                "std": 6.283831028990195e-05
            },
            "time_create": {
                "mean": 0.0008456952999999999,
                "std": 1.3626425437729447e-05
            },
            "time_connect": {
                "mean": 0.0026850862,
                "std": 2.915629653711182e-05
            },
            "time_calibrate": {
                "mean": 0.0068820512,
                "std": 0.00013574830252404647
            },
            "time_construct": {
                "mean": 0.011681537799999999,
                "std": 0.0002120252822485093
            },
            "time_simulate": {
                "mean": 0.0028926647,
                "std": 3.7141865416400396e-05
            },
            "time_total": {
                "mean": 0.014574202499999998,
                "std": 0.00023956799254543567
            }
        }
    }
}