{
    "BlockStep": {
        "conf": {
            "num_neurons": 1000000,
            "av_num_conn_per_neuron": 100,
            "connectivity": "fixed_outdegree"
        },
        "seeds": [
            123457,
            123451,
            123450,
            123453,
            123456,
            123452,
            123459,
            123458,
            123454,
            123455
        ],
        "timers": {
            "time_initialize": {
                "mean": 0.0011324762,
                "std": 9.295307834472188e-05
            },
            "time_create": {
                "mean": 0.0014373125,
                "std": 1.5362855471884113e-05
            },
            "time_connect": {
                "mean": 0.013695191799999997,
                "std": 7.2035590714313e-05
            },
            "time_calibrate": {
                "mean": 0.1194672729,
                "std": 0.0035180470267626184
            },
            "time_construct": {
                "mean": 0.1357322534,
                "std": 0.003613184304241677
            },
            "time_simulate": {
                "mean": 0.0034817539,
                "std": 3.846517658467201e-05
            },
            "time_total": {
                "mean": 0.13921400730000003,
                "std": 0.003642085930625059
            }
        }
    }
}