{
    "BlockStep": {
        "conf": {
            "num_neurons": 10000,
            "av_num_conn_per_neuron": 10000,
            "connectivity": "fixed_indegree"
        },
        "seeds": [
            123457,
            123451,
            123450,
            123453,
            123456,
            123452,
            123459,
            123458,
            123454,
            123455
        ],
        "timers": {
            "time_initialize": {
                "mean": 0.0011720991,
                "std": 8.154229650488142e-05
            },
            "time_create": {
                "mean": 0.0006974222,
                "std": 6.0432980063538145e-05
            },
            "time_connect": {
                "mean": 0.013788713099999999,
                "std": 0.0001790698340058701
            },
            "time_calibrate": {
                "mean": 0.07913078789999999,
                "std": 0.004854617539479553
            },
            "time_construct": {
                "mean": 0.0947890223,
                "std": 0.005052272216608028
            },
            "time_simulate": {
                "mean": 0.0028448276,
                "std": 4.9695503064563176e-05
            },
            "time_total": {
                "mean": 0.0976338499,
                "std": 0.005090354643209047
            }
        }
    }
}