{
    "BlockStep": {
        "conf": {
            "num_neurons": 10000,
            "av_num_conn_per_neuron": 1000,
            "connectivity": "fixed_outdegree"
        },
        "seeds": [
            123457,
            123451,
            123450,
            123453,
            123456,
            123452,
            123459,
            123458,
            123454,
            123455
        ],
        "timers": {
            "time_initialize": {
                "mean": 0.0012283374,
                "std": 5.7316637267376386e-05
            },
            "time_create": {
                "mean": 0.0006556710999999998,
                "std": 9.300261986143185e-05
            },
            "time_connect": {
                "mean": 0.0027176159000000004,
                "std": 0.00014945190467869596
            },
            "time_calibrate": {
                "mean": 0.004839584399999999,
                "std": 0.0002853802019777126
            },
            "time_construct": {
                "mean": 0.0094412088,
                "std": 0.00034853461632750347
            },
            "time_simulate": {
                "mean": 0.0028607117999999996,
                "std": 4.49894627169518e-05
            },
            "time_total": {
                "mean": 0.0123019206,
                "std": 0.00036691203119390873
            }
        }
    }
}