{
    "BlockStep": {
        "conf": {
            "num_neurons": 100000,
            "av_num_conn_per_neuron": 100,
            "connectivity": "fixed_outdegree"
        },
        "seeds": [
            123457,
            123451,
            123450,
            123453,
            123456,
            123452,
            123459,
            123458,
            123454,
            123455
        ],
        "timers": {
            "time_initialize": {
                "mean": 0.0012375582,
                "std": 9.204580537406361e-05
            },
            "time_create": {
                "mean": 0.0008427181,
                "std": 1.292582486690888e-05
            },
            "time_connect": {
                "mean": 0.0026755998999999997,
                "std": 3.770164761505786e-05
            },
            "time_calibrate": {
                "mean": 0.006724033900000001,
                "std": 0.00016941335002440043
            },
            "time_construct": {
                "mean": 0.0114799101,
                "std": 0.00029275090002199816
            },
            "time_simulate": {
                "mean": 0.002948386,
                "std": 6.177782389336812e-05
            },
            "time_total": {
                "mean": 0.014428296100000002,
                "std": 0.0003376401755148373
            }
        }
    }
}