{
    "BlockStep": {
        "conf": {
            "num_neurons": 1000000,
            "av_num_conn_per_neuron": 1000,
            "connectivity": "fixed_outdegree"
        },
        "seeds": [
            123457,
            123451,
            123450,
            123453,
            123456,
            123452,
            123459,
            123458,
            123454,
            123455
        ],
        "timers": {
            "time_initialize": {
                "mean": 0.0010996594,
                "std": 8.266344224649735e-05
            },
            "time_create": {
                "mean": 0.0014448115,
                "std": 2.9618393883700016e-05
            },
            "time_connect": {
                "mean": 0.1236542137,
                "std": 0.0013608939193597751
            },
            "time_calibrate": {
                "mean": 1.7572659419,
                "std": 0.0017508938104498647
            },
            "time_construct": {
                "mean": 1.8834646265000003,
                "std": 0.002708382189416145
            },
            "time_simulate": {
                "mean": 0.0034368651,
                "std": 3.9097436403043126e-05
            },
            "time_total": {
                "mean": 1.8869014916000002,
                "std": 0.0027083968141590996
            }
        }
    }
}