{
    "BlockStep": {
        "conf": {
            "num_neurons": 1000,
            "av_num_conn_per_neuron": 100,
            "connectivity": "fixed_outdegree"
        },
        "seeds": [
            123457,
            123451,
            123450,
            123453,
            123456,
            123452,
            123459,
            123458,
            123454,
            123455
        ],
        "timers": {
            "time_initialize": {
                "mean": 0.0012107510999999997,
                "std": 6.509369704426074e-05
            },
            "time_create": {
                "mean": 0.0006658161,
                "std": 7.792227046801191e-05
            },
            "time_connect": {
                "mean": 0.0019045904999999998,
                "std": 9.822389971005014e-05
            },
            "time_calibrate": {
                "mean": 0.0012261250999999998,
                "std": 2.0233369469517448e-05
            },
            "time_construct": {
                "mean": 0.0050072828,
                "std": 9.362494300644463e-05
            },
            "time_simulate": {
                "mean": 0.0028037476,
                "std": 3.0222496039208955e-05
            },
            "time_total": {
                "mean": 0.0078110304,
                "std": 0.00011106657777225324
            }
        }
    }
}