{
    "BlockStep": {
        "conf": {
            "num_neurons": 10000,
            "av_num_conn_per_neuron": 100,
            "connectivity": "fixed_total_number"
        },
        "seeds": [
            123457,
            123451,
            123450,
            123453,
            123456,
            123452,
            123459,
            123458,
            123454,
            123455
        ],
        "timers": {
            "time_initialize": {
                "mean": 0.0012004095,
                "std": 8.570105384562082e-05
            },
            "time_create": {
                "mean": 0.0006804564,
                "std": 8.247235483142214e-05
            },
            "time_connect": {
                "mean": 0.0019528285,
                "std": 0.00010472483925148799
            },
            "time_calibrate": {
                "mean": 0.0018139475999999998,
                "std": 3.6702474941616677e-05
            },
            "time_construct": {
                "mean": 0.005647642,
                "std": 0.00014093940396567596
            },
            "time_simulate": {
                "mean": 0.0028863452000000003,
                "std": 4.6132763114298706e-05
            },
            "time_total": {
                "mean": 0.0085339872,
                "std": 0.0001692819162242678
            }
        }
    }
}