{
    "BlockStep": {
        "conf": {
            "num_neurons": 100000,
            "av_num_conn_per_neuron": 1000,
            "connectivity": "fixed_outdegree"
        },
        "seeds": [
            123457,
            123451,
            123450,
            123453,
            123456,
            123452,
            123459,
            123458,
            123454,
            123455
        ],
        "timers": {
            "time_initialize": {
                "mean": 0.0011200713000000001,
                "std": 5.838483420041544e-05
            },
            "time_create": {
                "mean": 0.0008283873000000001,
                "std": 9.40178467153976e-06
            },
            "time_connect": {
                "mean": 0.013690253599999999,
                "std": 4.73128407754176e-05
            },
            "time_calibrate": {
                "mean": 0.1107589923,
                "std": 0.0020638072138838485
            },
            "time_construct": {
                "mean": 0.12639770450000004,
                "std": 0.0021353710307533075
            },
            "time_simulate": {
                "mean": 0.0028427659,
                "std": 4.796884566351368e-05
            },
            "time_total": {
                "mean": 0.1292404704,
                "std": 0.00213080639650186
            }
        }
    }
}