{
    "BlockStep": {
        "conf": {
            "num_neurons": 10000,
            "av_num_conn_per_neuron": 1000,
            "connectivity": "fixed_total_number"
        },
        "seeds": [
            123457,
            123451,
            123450,
            123453,
            123456,
            123452,
            123459,
            123458,
            123454,
            123455
        ],
        "timers": {
            "time_initialize": {
                "mean": 0.0013897395,
                "std": 0.0006758085058006079
            },
            "time_create": {
                "mean": 0.0007135692000000001,
                "std": 9.561015195051222e-06
            },
            "time_connect": {
                "mean": 0.002711063,
                "std": 3.0209258653598297e-05
            },
            "time_calibrate": {
                "mean": 0.0048640488,
                "std": 0.00010576462610892173
            },
            "time_construct": {
                "mean": 0.0096784205,
                "std": 0.0008066713247800803
            },
            "time_simulate": {
                "mean": 0.002837236,
                "std": 2.815279213506191e-05
            },
            "time_total": {
                "mean": 0.0125156565,
                "std": 0.0008102422437508736
            }
        }
    }
}