{
    "BlockStep": {
        "conf": {
            "num_neurons": 100000,
            "av_num_conn_per_neuron": 10000,
            "connectivity": "fixed_indegree"
        },
        "seeds": [
            123457,
            123451,
            123450,
            123453,
            123456,
            123452,
            123459,
            123458,
            123454,
            123455
        ],
        "timers": {
            "time_initialize": {
                "mean": 0.0010790243,
                "std": 4.8050904255903475e-05
            },
            "time_create": {
                "mean": 0.0008256522,
                "std": 5.219638240338122e-06
            },
            "time_connect": {
                "mean": 0.1230133113,
                "std": 0.00010660406941111524
            },
            "time_calibrate": {
                "mean": 1.6277848003000002,
                "std": 0.00345023974859517
            },
            "time_construct": {
                "mean": 1.7527027881,
                "std": 0.0035322529251852358
            },
            "time_simulate": {
                "mean": 0.0028648692,
                "std": 2.220366666926879e-05
            },
            "time_total": {
                "mean": 1.7555676572999999,
                "std": 0.003532193657644019
            }
        }
    }
}