{
    "BlockStep": {
        "conf": {
            "num_neurons": 10000,
            "av_num_conn_per_neuron": 10000,
            "connectivity": "fixed_outdegree"
        },
        "seeds": [
            123457,
            123451,
            123450,
            123453,
            123456,
            123452,
            123459,
            123458,
            123454,
            123455
        ],
        "timers": {
            "time_initialize": {
                "mean": 0.0011163154999999998,
                "std": 0.00010402829076866543
            },
            "time_create": {
                "mean": 0.0007119,
                "std": 9.962624152300436e-06
            },
            "time_connect": {
                "mean": 0.013743026900000002,
                "std": 0.00011782989940541402
            },
            "time_calibrate": {
                "mean": 0.1070879182,
                "std": 0.004613298667457566
            },
            "time_construct": {
                "mean": 0.1226591606,
                "std": 0.004821978313473216
            },
            "time_simulate": {
                "mean": 0.0028081516000000003,
                "std": 2.481575709181571e-05
            },
            "time_total": {
                "mean": 0.12546731220000001,
                "std": 0.004825975927704422
            }
        }
    }
}