{
    "BlockStep": {
        "conf": {
            "num_neurons": 77169
        },
        "seeds": [
            123452,
            123454,
            123453,
            123457,
            123455,
            123450,
            123459,
            123456,
            123451,
            123458
        ],
        "timers": {
            "time_initialize": {
                "mean": 0.0014442203,
                "std": 8.303726828605334e-05
            },
            "time_create": {
                "mean": 0.0065863294,
                "std": 0.00033669985791271134
            },
            "time_connect": {
                "mean": 0.07905247509999999,
                "std": 0.001310136979739863
            },
            "time_calibrate": {
                "mean": 0.41211847630000004,
                "std": 0.00878612873929059
            },
            "time_construct": {
                "mean": 0.49920150109999994,
                "std": 0.010253157501394265
            },
            "time_simulate": {
                "mean": 7.3196206152,
                "std": 0.05405949007067424
            },
            "time_total": {
                "mean": 7.8188221163,
                "std": 0.06169420011075696
            }
        }
    }
}