{
    "conf": {
        "threads": 16,
        "procs": 8,
        "num_neurons": 77177,
        "seed": 123457
    },
    "ranks": {
        "4": {
            "stats": {
                "local_spike_counter": 312098,
                "rate": 0.40438845647175903
            },
            "timers": {
                "time_initialize": 9605595,
                "time_create": 389580508,
                "time_connect": 1755589971,
                "time_calibrate": 2402404876,
                "time_construct": 4557180950,
                "time_simulate": 12862708136,
                "time_total": 17419889086
            }
        },
        "6": {
            "stats": {
                "local_spike_counter": 311125,
                "rate": 0.40312773077615377
            },
            "timers": {
                "time_initialize": 20804672,
                "time_create": 393515909,
                "time_connect": 1750706839,
                "time_calibrate": 2403325148,
                "time_construct": 4568352568,
                "time_simulate": 12862734716,
                "time_total": 17431087284
            }
        },
        "2": {
            "stats": {
                "local_spike_counter": 311308,
                "rate": 0.403364845680877
            },
            "timers": {
                "time_initialize": 13003132,
                "time_create": 393518649,
                "time_connect": 1750404108,
                "time_calibrate": 2403640039,
                "time_construct": 4560565928,
                "time_simulate": 12862709176,
                "time_total": 17423275104
            }
        },
        "3": {
            "stats": {
                "local_spike_counter": 314525,
                "rate": 0.407533144306532
            },
            "timers": {
                "time_initialize": 20838313,
                "time_create": 395846154,
                "time_connect": 1747753281,
                "time_calibrate": 2403944350,
                "time_construct": 4568382098,
                "time_simulate": 12862738616,
                "time_total": 17431120714
            }
        },
        "1": {
            "stats": {
                "local_spike_counter": 312178,
                "rate": 0.4044921132607091
            },
            "timers": {
                "time_initialize": 20808622,
                "time_create": 384299116,
                "time_connect": 1760633613,
                "time_calibrate": 2402634437,
                "time_construct": 4568375788,
                "time_simulate": 12862708816,
                "time_total": 17431084604
            }
        },
        "0": {
            "stats": {
                "local_spike_counter": 316484,
                "rate": 0.41007143992594697
            },
            "timers": {
                "time_initialize": 15102028,
                "time_create": 396481626,
                "time_connect": 1747469420,
                "time_calibrate": 2403599479,
                "time_construct": 4562652553,
                "time_simulate": 12862719616,
                "time_total": 17425372169
            }
        },
        "5": {
            "stats": {
                "local_spike_counter": 309681,
                "rate": 0.4012567257356049
            },
            "timers": {
                "time_initialize": 11221099,
                "time_create": 401339568,
                "time_connect": 1743130339,
                "time_calibrate": 2403117578,
                "time_construct": 4558808584,
                "time_simulate": 12862700106,
                "time_total": 17421508690
            }
        },
        "7": {
            "stats": {
                "local_spike_counter": 316983,
                "rate": 0.4107179991470231
            },
            "timers": {
                "time_initialize": 19557300,
                "time_create": 401585478,
                "time_connect": 1742731619,
                "time_calibrate": 2403259278,
                "time_construct": 4567133675,
                "time_simulate": 12862712336,
                "time_total": 17429846011
            }
        }
    },
    "all_values": {
        "stats": {
            "local_spike_counter": 2504382,
            "rate": 3.244952455304606
        },
        "timers": {
            "time_initialize": [
                9605595,
                20804672,
                13003132,
                20838313,
                20808622,
                15102028,
                11221099,
                19557300
            ],
            "time_create": [
                389580508,
                393515909,
                393518649,
                395846154,
                384299116,
                396481626,
                401339568,
                401585478
            ],
            "time_connect": [
                1755589971,
                1750706839,
                1750404108,
                1747753281,
                1760633613,
                1747469420,
                1743130339,
                1742731619
            ],
            "time_calibrate": [
                2402404876,
                2403325148,
                2403640039,
                2403944350,
                2402634437,
                2403599479,
                2403117578,
                2403259278
            ],
            "time_construct": [
                4557180950,
                4568352568,
                4560565928,
                4568382098,
                4568375788,
                4562652553,
                4558808584,
                4567133675
            ],
            "time_simulate": [
                12862708136,
                12862734716,
                12862709176,
                12862738616,
                12862708816,
                12862719616,
                12862700106,
                12862712336
            ],
            "time_total": [
                17419889086,
                17431087284,
                17423275104,
                17431120714,
                17431084604,
                17425372169,
                17421508690,
                17429846011
            ]
        }
    }
}