{
    "conf": {
        "threads": 16,
        "procs": 8,
        "num_neurons": 77177,
        "seed": 123458
    },
    "ranks": {
        "1": {
            "stats": {
                "local_spike_counter": 310165,
                "rate": 0.40188384930875287
            },
            "timers": {
                "time_initialize": 18256366,
                "time_create": 383697164,
                "time_connect": 1638790097,
                "time_calibrate": 2400097780,
                "time_construct": 4440841407,
                "time_simulate": 12738121552,
                "time_total": 17178962959
            }
        },
        "7": {
            "stats": {
                "local_spike_counter": 310794,
                "rate": 0.40269885081187284
            },
            "timers": {
                "time_initialize": 24553122,
                "time_create": 402245490,
                "time_connect": 1621072893,
                "time_calibrate": 2399205368,
                "time_construct": 4447076873,
                "time_simulate": 12738187962,
                "time_total": 17185264835
            }
        },
        "3": {
            "stats": {
                "local_spike_counter": 311764,
                "rate": 0.40395568937789245
            },
            "timers": {
                "time_initialize": 24557972,
                "time_create": 388661336,
                "time_connect": 1633562884,
                "time_calibrate": 2400302271,
                "time_construct": 4447084463,
                "time_simulate": 12738184572,
                "time_total": 17185269035
            }
        },
        "6": {
            "stats": {
                "local_spike_counter": 311858,
                "rate": 0.40407748610490885
            },
            "timers": {
                "time_initialize": 24575952,
                "time_create": 389497878,
                "time_connect": 1633109923,
                "time_calibrate": 2399916270,
                "time_construct": 4447100023,
                "time_simulate": 12738187282,
                "time_total": 17185287305
            }
        },
        "2": {
            "stats": {
                "local_spike_counter": 313160,
                "rate": 0.40576450034507133
            },
            "timers": {
                "time_initialize": 24563522,
                "time_create": 410368411,
                "time_connect": 1611407238,
                "time_calibrate": 2400749182,
                "time_construct": 4447088353,
                "time_simulate": 12738181682,
                "time_total": 17185270035
            }
        },
        "4": {
            "stats": {
                "local_spike_counter": 316411,
                "rate": 0.40997685310603
            },
            "timers": {
                "time_initialize": 17246554,
                "time_create": 392891927,
                "time_connect": 1630790867,
                "time_calibrate": 2398845847,
                "time_construct": 4439775195,
                "time_simulate": 12738184452,
                "time_total": 17177959647
            }
        },
        "5": {
            "stats": {
                "local_spike_counter": 312445,
                "rate": 0.40483806779383
            },
            "timers": {
                "time_initialize": 23450209,
                "time_create": 389930819,
                "time_connect": 1632588182,
                "time_calibrate": 2400006810,
                "time_construct": 4445976020,
                "time_simulate": 12738183862,
                "time_total": 17184159882
            }
        },
        "0": {
            "stats": {
                "local_spike_counter": 313071,
                "rate": 0.40564918216736434
            },
            "timers": {
                "time_initialize": 22425167,
                "time_create": 393928180,
                "time_connect": 1630221795,
                "time_calibrate": 2398429506,
                "time_construct": 4445004648,
                "time_simulate": 12738125392,
                "time_total": 17183130040
            }
        }
    },
    "all_values": {
        "stats": {
            "local_spike_counter": 2499668,
            "rate": 3.2388444790157225
        },
        "timers": {
            "time_initialize": [
                18256366,
                24553122,
                24557972,
                24575952,
                24563522,
                17246554,
                23450209,
                22425167
            ],
            "time_create": [
                383697164,
                402245490,
                388661336,
                389497878,
                410368411,
                392891927,
                389930819,
                393928180
            ],
            "time_connect": [
                1638790097,
                1621072893,
                1633562884,
                1633109923,
                1611407238,
                1630790867,
                1632588182,
                1630221795
            ],
            "time_calibrate": [
                2400097780,
                2399205368,
                2400302271,
                2399916270,
                2400749182,
                2398845847,
                2400006810,
                2398429506
            ],
            "time_construct": [
                4440841407,
                4447076873,
                4447084463,
                4447100023,
                4447088353,
                4439775195,
                4445976020,
                4445004648
            ],
            "time_simulate": [
                12738121552,
                12738187962,
                12738184572,
                12738187282,
                12738181682,
                12738184452,
                12738183862,
                12738125392
            ],
            "time_total": [
                17178962959,
                17185264835,
                17185269035,
                17185287305,
                17185270035,
                17177959647,
                17184159882,
                17183130040
            ]
        }
    }
}