{
    "conf": {
        "threads": 16,
        "procs": 8,
        "num_neurons": 77169,
        "seed": 123452
    },
    "ranks": {
        "1": {
            "stats": {
                "local_spike_counter": 312570,
                "rate": 0.40504201730132133
            },
            "timers": {
                "time_initialize": 18830985,
                "time_create": 392960599,
                "time_connect": 1506652923,
                "time_calibrate": 2353222708,
                "time_construct": 4271667215,
                "time_simulate": 8048473393,
                "time_total": 12320140608
            }
        },
        "5": {
            "stats": {
                "local_spike_counter": 304725,
                "rate": 0.39487611966006064
            },
            "timers": {
                "time_initialize": 18856565,
                "time_create": 390125900,
                "time_connect": 1509609503,
                "time_calibrate": 2353095627,
                "time_construct": 4271687595,
                "time_simulate": 8048496793,
                "time_total": 12320184388
            }
        },
        "0": {
            "stats": {
                "local_spike_counter": 312758,
                "rate": 0.40528563600833944
            },
            "timers": {
                "time_initialize": 18864005,
                "time_create": 396887070,
                "time_connect": 1502718962,
                "time_calibrate": 2353211498,
                "time_construct": 4271681535,
                "time_simulate": 8048475703,
                "time_total": 12320157238
            }
        },
        "6": {
            "stats": {
                "local_spike_counter": 306502,
                "rate": 0.3971788347790562
            },
            "timers": {
                "time_initialize": 18101563,
                "time_create": 394997685,
                "time_connect": 1504498887,
                "time_calibrate": 2353332148,
                "time_construct": 4270930283,
                "time_simulate": 8048478933,
                "time_total": 12319409216
            }
        },
        "4": {
            "stats": {
                "local_spike_counter": 309365,
                "rate": 0.4008888366843372
            },
            "timers": {
                "time_initialize": 18815835,
                "time_create": 390063091,
                "time_connect": 1509527501,
                "time_calibrate": 2353235878,
                "time_construct": 4271642305,
                "time_simulate": 8048483463,
                "time_total": 12320125768
            }
        },
        "7": {
            "stats": {
                "local_spike_counter": 306145,
                "rate": 0.39671621840455906
            },
            "timers": {
                "time_initialize": 16487418,
                "time_create": 386897171,
                "time_connect": 1512787912,
                "time_calibrate": 2353146577,
                "time_construct": 4269319078,
                "time_simulate": 8048493573,
                "time_total": 12317812651
            }
        },
        "2": {
            "stats": {
                "local_spike_counter": 312157,
                "rate": 0.4045068336523933
            },
            "timers": {
                "time_initialize": 18793054,
                "time_create": 390869933,
                "time_connect": 1508730729,
                "time_calibrate": 2353235348,
                "time_construct": 4271629064,
                "time_simulate": 8048505023,
                "time_total": 12320134087
            }
        },
        "3": {
            "stats": {
                "local_spike_counter": 308848,
                "rate": 0.40021888524003746
            },
            "timers": {
                "time_initialize": 18798734,
                "time_create": 393398180,
                "time_connect": 1506178592,
                "time_calibrate": 2353290628,
                "time_construct": 4271666134,
                "time_simulate": 8048395103,
                "time_total": 12320061237
            }
        }
    },
    "all_values": {
        "stats": {
            "local_spike_counter": 2473070,
            "rate": 3.2047133817301043
        },
        "timers": {
            "time_initialize": [
                18830985,
                18856565,
                18864005,
                18101563,
                18815835,
                16487418,
                18793054,
                18798734
            ],
            "time_create": [
                392960599,
                390125900,
                396887070,
                394997685,
                390063091,
                386897171,
                390869933,
                393398180
            ],
            "time_connect": [
                1506652923,
                1509609503,
                1502718962,
                1504498887,
                1509527501,
                1512787912,
                1508730729,
                1506178592
            ],
            "time_calibrate": [
                2353222708,
                2353095627,
                2353211498,
                2353332148,
                2353235878,
                2353146577,
                2353235348,
                2353290628
            ],
            "time_construct": [
                4271667215,
                4271687595,
                4271681535,
                4270930283,
                4271642305,
                4269319078,
                4271629064,
                4271666134
            ],
            "time_simulate": [
                8048473393,
                8048496793,
                8048475703,
                8048478933,
                8048483463,
                8048493573,
                8048505023,
                8048395103
            ],
            "time_total": [
                12320140608,
                12320184388,
                12320157238,
                12319409216,
                12320125768,
                12317812651,
                12320134087,
                12320061237
            ]
        }
    }
}