{
    "conf": {
        "threads": 16,
        "procs": 8,
        "num_neurons": 77169,
        "seed": 123457
    },
    "ranks": {
        "7": {
            "stats": {
                "local_spike_counter": 312125,
                "rate": 0.40446536663843274
            },
            "timers": {
                "time_initialize": 17039611,
                "time_create": 393641491,
                "time_connect": 1536245582,
                "time_calibrate": 2350566476,
                "time_construct": 4297493160,
                "time_simulate": 8089746357,
                "time_total": 12387239517
            }
        },
        "0": {
            "stats": {
                "local_spike_counter": 312625,
                "rate": 0.40511328873156605
            },
            "timers": {
                "time_initialize": 17877033,
                "time_create": 410545972,
                "time_connect": 1519071411,
                "time_calibrate": 2350825816,
                "time_construct": 4298320232,
                "time_simulate": 8089748047,
                "time_total": 12388068279
            }
        },
        "4": {
            "stats": {
                "local_spike_counter": 306466,
                "rate": 0.3971321843883506
            },
            "timers": {
                "time_initialize": 14585604,
                "time_create": 391874996,
                "time_connect": 1537619346,
                "time_calibrate": 2350949536,
                "time_construct": 4295029482,
                "time_simulate": 8089747518,
                "time_total": 12384777000
            }
        },
        "2": {
            "stats": {
                "local_spike_counter": 305807,
                "rate": 0.3962782230696009
            },
            "timers": {
                "time_initialize": 17845053,
                "time_create": 394318393,
                "time_connect": 1535364950,
                "time_calibrate": 2350777035,
                "time_construct": 4298305431,
                "time_simulate": 8089756348,
                "time_total": 12388061779
            }
        },
        "3": {
            "stats": {
                "local_spike_counter": 309863,
                "rate": 0.40153416708909795
            },
            "timers": {
                "time_initialize": 12074176,
                "time_create": 391515395,
                "time_connect": 1538135138,
                "time_calibrate": 2350801005,
                "time_construct": 4292525714,
                "time_simulate": 8089754268,
                "time_total": 12382279982
            }
        },
        "5": {
            "stats": {
                "local_spike_counter": 304391,
                "rate": 0.39444330770184766
            },
            "timers": {
                "time_initialize": 17834903,
                "time_create": 392652268,
                "time_connect": 1537316935,
                "time_calibrate": 2350483095,
                "time_construct": 4298287201,
                "time_simulate": 8089749148,
                "time_total": 12388036349
            }
        },
        "1": {
            "stats": {
                "local_spike_counter": 306700,
                "rate": 0.39743541192793697
            },
            "timers": {
                "time_initialize": 15174705,
                "time_create": 390660913,
                "time_connect": 1538094747,
                "time_calibrate": 2351698018,
                "time_construct": 4295628383,
                "time_simulate": 8089752448,
                "time_total": 12385380831
            }
        },
        "6": {
            "stats": {
                "local_spike_counter": 305691,
                "rate": 0.3961279051439941
            },
            "timers": {
                "time_initialize": 16519369,
                "time_create": 383769942,
                "time_connect": 1546134651,
                "time_calibrate": 2350551106,
                "time_construct": 4296975068,
                "time_simulate": 8089747967,
                "time_total": 12386723035
            }
        }
    },
    "all_values": {
        "stats": {
            "local_spike_counter": 2463668,
            "rate": 3.192529854690827
        },
        "timers": {
            "time_initialize": [
                17039611,
                17877033,
                14585604,
                17845053,
                12074176,
                17834903,
                15174705,
                16519369
            ],
            "time_create": [
                393641491,
                410545972,
                391874996,
                394318393,
                391515395,
                392652268,
                390660913,
                383769942
            ],
            "time_connect": [
                1536245582,
                1519071411,
                1537619346,
                1535364950,
                1538135138,
                1537316935,
                1538094747,
                1546134651
            ],
            "time_calibrate": [
                2350566476,
                2350825816,
                2350949536,
                2350777035,
                2350801005,
                2350483095,
                2351698018,
                2350551106
            ],
            "time_construct": [
                4297493160,
                4298320232,
                4295029482,
                4298305431,
                4292525714,
                4298287201,
                4295628383,
                4296975068
            ],
            "time_simulate": [
                8089746357,
                8089748047,
                8089747518,
                8089756348,
                8089754268,
                8089749148,
                8089752448,
                8089747967
            ],
            "time_total": [
                12387239517,
                12388068279,
                12384777000,
                12388061779,
                12382279982,
                12388036349,
                12385380831,
                12386723035
            ]
        }
    }
}