{
    "BlockStep": {
        "conf": {
            "num_neurons": 77169
        },
        "seeds": [
            123454,
            123455,
            123458,
            123452,
            123459,
            123453,
            123450,
            123456,
            123457,
            123451
        ],
        "timers": {
            "time_initialize": {
                "mean": 0.0015188227,
                "std": 0.0004042638517060485
            },
            "time_create": {
                "mean": 3.2825493167,
                "std": 0.025508226812849106
            },
            "time_connect": {
                "mean": 55.8900492799,
                "std": 0.18571440268713532
            },
            "time_calibrate": {
                "mean": 2.0594119576,
                "std": 0.015821845720254128
            },
            "time_construct": {
                "mean": 61.2335293769,
                "std": 0.18660258537336843
            },
            "time_simulate": {
                "mean": 7.4331724796000005,
                "std": 0.023615450345722686
            },
            "time_total": {
                "mean": 68.6667018565,
                "std": 0.2025829101165512
            }
        }
    }
}