{
    "BlockStep": {
        "conf": {
            "num_neurons": 77169
        },
        "seeds": [
            123455,
            123451,
            123454,
            123452,
            123459,
            123456,
            123453,
            123458,
            123457,
            123450
        ],
        "timers": {
            "time_initialize": {
                "mean": 0.0001860387,
                "std": 4.195748539891302e-06
            },
            "time_create": {
                "mean": 1.7874321310000003,
                "std": 0.034116296002623725
            },
            "time_connect": {
                "mean": 44.1745214735,
                "std": 0.7166934157616378
            },
            "time_calibrate": {
                "mean": 2.1805248318999997,
                "std": 0.014693832379832945
            },
            "time_construct": {
                "mean": 48.142664475100005,
                "std": 0.7300990188570755
            },
            "time_simulate": {
                "mean": 3.9529813138,
                "std": 0.013621824784327413
            },
            "time_total": {
                "mean": 52.09564578889999,
                "std": 0.726463141849987
            }
        }
    }
}