{
    "BlockStep": {
        "time_network": {
            "mean": 0.0013619654999999999,
            "std": 9.61992523892468e-05
        },
        "time_create": {
            "mean": 3.2780271147999995,
            "std": 0.03152575206692292
        },
        "time_connect": {
            "mean": 55.53948674689999,
            "std": 0.2671526665847744
        },
        "time_presimulate": {
            "mean": 2.5269314548,
            "std": 0.010982684276470457
        },
        "time_simulate": {
            "mean": 9.134225839900001,
            "std": 0.023490054308442254
        },
        "time_total": {
            "mean": 70.4800331219,
            "std": 0.27518721969238347
        }
    }
}