{
    "BlockStep": {
        "time_network": {
            "mean": 0.0014107931999999999,
            "std": 0.00027372098404901293
        },
        "time_create": {
            "mean": 3.2497787443999995,
            "std": 0.014305677928787525
        },
        "time_connect": {
            "mean": 55.8653417301,
            "std": 0.15638578556220356
        },
        "time_calibrate": {
            "mean": 2.0205486933,
            "std": 0.012344986278139942
        },
        "time_simulate": {
            "mean": 9.141165256399999,
            "std": 0.025998329804907426
        },
        "time_total": {
            "mean": 70.2782452174,
            "std": 0.1314771670953619
        },
        "network_construction_time": {
            "mean": 61.137079961,
            "std": 0.14655725225542887
        }
    }
}