{
    "BlockStep": {
        "time_network": {
            "mean": 0.0014185952999999998,
            "std": 0.00013729954007938265
        },
        "time_create": {
            "mean": 0.0038322760000000003,
            "std": 0.00044705041218233996
        },
        "time_connect": {
            "mean": 0.0823189329,
            "std": 0.0020595015959519163
        },
        "time_calibrate": {
            "mean": 0.4093667289,
            "std": 0.003660386904411218
        },
        "time_simulate": {
            "mean": 8.5972278527,
            "std": 0.031425472098955576
        },
        "time_total": {
            "mean": 9.094164385800001,
            "std": 0.0349286641615157
        },
        "network_construction_time": {
            "mean": 0.49693653309999997,
            "std": 0.005519956116187337
        }
    }
}