{
    "BlockStep": {
        "time_network": {
            "mean": 0.0013858886,
            "std": 6.138645357112591e-05
        },
        "time_create": {
            "mean": 0.0390634155,
            "std": 0.10453533484655687
        },
        "time_connect": {
            "mean": 0.0817046947,
            "std": 0.0005997125354557898
        },
        "time_presimulate": {
            "mean": 0.8415337467,
            "std": 0.0032053502892143144
        },
        "time_simulate": {
            "mean": 8.6327297634,
            "std": 0.02953169370581282
        },
        "time_total": {
            "mean": 9.5964175089,
            "std": 0.12225950050828358
        }
    }
}