{
    "conf": {
        "threads": 16,
        "procs": 8,
        "vps": 128,
        "nodes": 1,
        "num_neurons": 77169,
        "seed": 123453
    },
    "ranks": {
        "6": {
            "stats": {
                "local_spike_counter": 313161,
                "rate": 0.4058078612154048
            },
            "timers": {
                "time_network": 208845054,
                "time_create": 394869394,
                "time_connect": 1705218904,
                "time_presimulate": 2579929133,
                "time_simulate": 7671017540,
                "time_total": 12559880025
            }
        },
        "4": {
            "stats": {
                "local_spike_counter": 306890,
                "rate": 0.39768162232332754
            },
            "timers": {
                "time_network": 222055600,
                "time_create": 391498946,
                "time_connect": 1683336349,
                "time_presimulate": 2605244837,
                "time_simulate": 7671018659,
                "time_total": 12573154391
            }
        },
        "1": {
            "stats": {
                "local_spike_counter": 305474,
                "rate": 0.3958467069555743
            },
            "timers": {
                "time_network": 69423386,
                "time_create": 391455797,
                "time_connect": 1702671844,
                "time_presimulate": 2585904612,
                "time_simulate": 7671023059,
                "time_total": 12420478698
            }
        },
        "2": {
            "stats": {
                "local_spike_counter": 303717,
                "rate": 0.393569908720304
            },
            "timers": {
                "time_network": 68051695,
                "time_create": 390608640,
                "time_connect": 1713964275,
                "time_presimulate": 2575484267,
                "time_simulate": 7671024200,
                "time_total": 12419133077
            }
        },
        "5": {
            "stats": {
                "local_spike_counter": 306129,
                "rate": 0.39669548489757883
            },
            "timers": {
                "time_network": 222052079,
                "time_create": 397167243,
                "time_connect": 1702525382,
                "time_presimulate": 2580366637,
                "time_simulate": 7671022820,
                "time_total": 12573134161
            }
        },
        "3": {
            "stats": {
                "local_spike_counter": 311314,
                "rate": 0.4034144370033706
            },
            "timers": {
                "time_network": 222120530,
                "time_create": 388643704,
                "time_connect": 1700829899,
                "time_presimulate": 2590550519,
                "time_simulate": 7671026659,
                "time_total": 12573171311
            }
        },
        "7": {
            "stats": {
                "local_spike_counter": 307709,
                "rate": 0.3987429187118799
            },
            "timers": {
                "time_network": 222050660,
                "time_create": 406000783,
                "time_connect": 1735330815,
                "time_presimulate": 2538740014,
                "time_simulate": 7670974429,
                "time_total": 12573096701
            }
        },
        "0": {
            "stats": {
                "local_spike_counter": 306279,
                "rate": 0.39688986152551875
            },
            "timers": {
                "time_network": 68551540,
                "time_create": 397786677,
                "time_connect": 1732683114,
                "time_presimulate": 2549554640,
                "time_simulate": 7671031730,
                "time_total": 12419607701
            }
        }
    },
    "all_values": {
        "stats": {
            "local_spike_counter": 2460673,
            "rate": 3.1886488013529584
        },
        "timers": {
            "time_network": [
                208845054,
                222055600,
                69423386,
                68051695,
                222052079,
                222120530,
                222050660,
                68551540
            ],
            "time_create": [
                394869394,
                391498946,
                391455797,
                390608640,
                397167243,
                388643704,
                406000783,
                397786677
            ],
            "time_connect": [
                1705218904,
                1683336349,
                1702671844,
                1713964275,
                1702525382,
                1700829899,
                1735330815,
                1732683114
            ],
            "time_presimulate": [
                2579929133,
                2605244837,
                2585904612,
                2575484267,
                2580366637,
                2590550519,
                2538740014,
                2549554640
            ],
            "time_simulate": [
                7671017540,
                7671018659,
                7671023059,
                7671024200,
                7671022820,
                7671026659,
                7670974429,
                7671031730
            ],
            "time_total": [
                12559880025,
                12573154391,
                12420478698,
                12419133077,
                12573134161,
                12573171311,
                12573096701,
                12419607701
            ]
        }
    }
}