{
    "conf": {
        "threads": 16,
        "procs": 8,
        "num_neurons": 77177,
        "seed": 123452
    },
    "ranks": {
        "5": {
            "stats": {
                "local_spike_counter": 307783,
                "rate": 0.3987974684177643
            },
            "timers": {
                "time_initialize": 9481109,
                "time_create": 388442107,
                "time_connect": 1524475602,
                "time_calibrate": 2391067270,
                "time_construct": 4313466088,
                "time_simulate": 12670548187,
                "time_total": 16984014275
            }
        },
        "3": {
            "stats": {
                "local_spike_counter": 313281,
                "rate": 0.4059212812383583
            },
            "timers": {
                "time_initialize": 13109585,
                "time_create": 388952218,
                "time_connect": 1523464740,
                "time_calibrate": 2391559851,
                "time_construct": 4317086394,
                "time_simulate": 12670540957,
                "time_total": 16987627351
            }
        },
        "7": {
            "stats": {
                "local_spike_counter": 310881,
                "rate": 0.40281157756985597
            },
            "timers": {
                "time_initialize": 13111246,
                "time_create": 391934424,
                "time_connect": 1521655356,
                "time_calibrate": 2390388619,
                "time_construct": 4317089645,
                "time_simulate": 12670539817,
                "time_total": 16987629462
            }
        },
        "4": {
            "stats": {
                "local_spike_counter": 313071,
                "rate": 0.40564918216736434
            },
            "timers": {
                "time_initialize": 13104776,
                "time_create": 391049122,
                "time_connect": 1520566844,
                "time_calibrate": 2392364573,
                "time_construct": 4317085315,
                "time_simulate": 12670530697,
                "time_total": 16987616012
            }
        },
        "2": {
            "stats": {
                "local_spike_counter": 315751,
                "rate": 0.4091216845971919
            },
            "timers": {
                "time_initialize": 13132646,
                "time_create": 389626789,
                "time_connect": 1522671409,
                "time_calibrate": 2391679541,
                "time_construct": 4317110385,
                "time_simulate": 12670537727,
                "time_total": 16987648112
            }
        },
        "0": {
            "stats": {
                "local_spike_counter": 316752,
                "rate": 0.4104186901689297
            },
            "timers": {
                "time_initialize": 10521511,
                "time_create": 399786369,
                "time_connect": 1512350328,
                "time_calibrate": 2391831862,
                "time_construct": 4314490070,
                "time_simulate": 12670532497,
                "time_total": 16985022567
            }
        },
        "6": {
            "stats": {
                "local_spike_counter": 313294,
                "rate": 0.40593812546656266
            },
            "timers": {
                "time_initialize": 13119146,
                "time_create": 388443627,
                "time_connect": 1524937513,
                "time_calibrate": 2390592729,
                "time_construct": 4317093015,
                "time_simulate": 12670535327,
                "time_total": 16987628342
            }
        },
        "1": {
            "stats": {
                "local_spike_counter": 316338,
                "rate": 0.4098822662861131
            },
            "timers": {
                "time_initialize": 11043421,
                "time_create": 386626274,
                "time_connect": 1526405965,
                "time_calibrate": 2390950260,
                "time_construct": 4315025920,
                "time_simulate": 12670530977,
                "time_total": 16985556897
            }
        }
    },
    "all_values": {
        "stats": {
            "local_spike_counter": 2507151,
            "rate": 3.24854027591214
        },
        "timers": {
            "time_initialize": [
                9481109,
                13109585,
                13111246,
                13104776,
                13132646,
                10521511,
                13119146,
                11043421
            ],
            "time_create": [
                388442107,
                388952218,
                391934424,
                391049122,
                389626789,
                399786369,
                388443627,
                386626274
            ],
            "time_connect": [
                1524475602,
                1523464740,
                1521655356,
                1520566844,
                1522671409,
                1512350328,
                1524937513,
                1526405965
            ],
            "time_calibrate": [
                2391067270,
                2391559851,
                2390388619,
                2392364573,
                2391679541,
                2391831862,
                2390592729,
                2390950260
            ],
            "time_construct": [
                4313466088,
                4317086394,
                4317089645,
                4317085315,
                4317110385,
                4314490070,
                4317093015,
                4315025920
            ],
            "time_simulate": [
                12670548187,
                12670540957,
                12670539817,
                12670530697,
                12670537727,
                12670532497,
                12670535327,
                12670530977
            ],
            "time_total": [
                16984014275,
                16987627351,
                16987629462,
                16987616012,
                16987648112,
                16985022567,
                16987628342,
                16985556897
            ]
        }
    }
}