{
    "BlockStep": {
        "time_network": {
            "mean": 0.0004268144,
            "std": 1.9062189670654306e-05
        },
        "time_create": {
            "mean": 2.9773447541999998,
            "std": 0.01682132651778641
        },
        "time_connect": {
            "mean": 52.474184581500005,
            "std": 0.08383411640568615
        },
        "time_calibrate": {
            "mean": 2.1282396251,
            "std": 0.014153411411717725
        },
        "time_simulate": {
            "mean": 8.999712856399999,
            "std": 0.0290838792636525
        },
        "time_total": {
            "mean": 66.5799086316,
            "std": 0.08143031618379484
        },
        "total_net_constr": {
            "mean": 57.5801957752,
            "std": 0.08006372238241212
        }
    }
}