{
    "n-1-p-8-t-16": {
        "conf": {
            "threads": 16,
            "procs": 8,
            "vps": 128,
            "nodes": 1,
            "num_neurons": 77169
        },
        "seeds": [
            123450,
            123459,
            123453,
            123452,
            123451,
            123458,
            123457,
            123455,
            123454,
            123456
        ],
        "ranks": {
            "1": {
                "stats": {
                    "local_spike_counter": {
                        "mean": 309264.0,
                        "std": 3900.811454043889
                    },
                    "rate": {
                        "mean": 0.40075795642152423,
                        "std": 0.005054843844444556
                    }
                },
                "timers": {
                    "time_network": {
                        "mean": 0.0711259613,
                        "std": 0.08572387273489315
                    },
                    "time_create": {
                        "mean": 0.39136004560000004,
                        "std": 0.003497876019129385
                    },
                    "time_connect": {
                        "mean": 1.6945743169,
                        "std": 0.017378209527331198
                    },
                    "time_presimulate": {
                        "mean": 2.5790331486,
                        "std": 0.05716058328348376
                    },
                    "time_simulate": {
                        "mean": 7.712826161999999,
                        "std": 0.17718271037705965
                    },
                    "time_total": {
                        "mean": 12.448919634400003,
                        "std": 0.15050409588272862
                    }
                }
            },
            "0": {
                "stats": {
                    "local_spike_counter": {
                        "mean": 308963.7,
                        "std": 4446.941759231843
                    },
                    "rate": {
                        "mean": 0.4003688144123885,
                        "std": 0.00576254362536633
                    }
                },
                "timers": {
                    "time_network": {
                        "mean": 0.06394850939999999,
                        "std": 0.06326511424977288
                    },
                    "time_create": {
                        "mean": 0.395453009,
                        "std": 0.004205592557130237
                    },
                    "time_connect": {
                        "mean": 1.7112056204,
                        "std": 0.02039539509327587
                    },
                    "time_presimulate": {
                        "mean": 2.5583081754000006,
                        "std": 0.047262348703419985
                    },
                    "time_simulate": {
                        "mean": 7.7128288972,
                        "std": 0.17718647088429168
                    },
                    "time_total": {
                        "mean": 12.441744211400001,
                        "std": 0.1621555366729545
                    }
                }
            },
            "5": {
                "stats": {
                    "local_spike_counter": {
                        "mean": 307052.6,
                        "std": 2107.984307341969
                    },
                    "rate": {
                        "mean": 0.39789232658801454,
                        "std": 0.002731619209410111
                    }
                },
                "timers": {
                    "time_network": {
                        "mean": 0.09996667430000002,
                        "std": 0.10228408156748174
                    },
                    "time_create": {
                        "mean": 0.3953198202,
                        "std": 0.0052890928912203835
                    },
                    "time_connect": {
                        "mean": 1.7124555384,
                        "std": 0.02814896215869538
                    },
                    "time_presimulate": {
                        "mean": 2.5571929046,
                        "std": 0.05804487895356378
                    },
                    "time_simulate": {
                        "mean": 7.712814277000001,
                        "std": 0.1771760897857487
                    },
                    "time_total": {
                        "mean": 12.477749214500001,
                        "std": 0.1504506804616756
                    }
                }
            },
            "4": {
                "stats": {
                    "local_spike_counter": {
                        "mean": 307494.3,
                        "std": 3516.387039277673
                    },
                    "rate": {
                        "mean": 0.39846470096508846,
                        "std": 0.004556689701510867
                    }
                },
                "timers": {
                    "time_network": {
                        "mean": 0.0818292881,
                        "std": 0.08009619038491429
                    },
                    "time_create": {
                        "mean": 0.39379263080000004,
                        "std": 0.0035321690636750647
                    },
                    "time_connect": {
                        "mean": 1.6899046679,
                        "std": 0.013912562125915658
                    },
                    "time_presimulate": {
                        "mean": 2.5812819564000002,
                        "std": 0.05256230074309481
                    },
                    "time_simulate": {
                        "mean": 7.712822505999999,
                        "std": 0.17718416345779966
                    },
                    "time_total": {
                        "mean": 12.459631049199999,
                        "std": 0.1598137795841587
                    }
                }
            },
            "6": {
                "stats": {
                    "local_spike_counter": {
                        "mean": 307179.5,
                        "std": 2602.730959972621
                    },
                    "rate": {
                        "mean": 0.39805676921525174,
                        "std": 0.0033727337828963412
                    }
                },
                "timers": {
                    "time_network": {
                        "mean": 0.10419185900000001,
                        "std": 0.09079031199647498
                    },
                    "time_create": {
                        "mean": 0.39309571969999996,
                        "std": 0.004909270923094832
                    },
                    "time_connect": {
                        "mean": 1.7128717799,
                        "std": 0.018809436830941904
                    },
                    "time_presimulate": {
                        "mean": 2.558974097,
                        "std": 0.06654025436721353
                    },
                    "time_simulate": {
                        "mean": 7.7127937619999996,
                        "std": 0.17715589197701895
                    },
                    "time_total": {
                        "mean": 12.481927217600001,
                        "std": 0.17827427919817948
                    }
                }
            },
            "2": {
                "stats": {
                    "local_spike_counter": {
                        "mean": 309525.2,
                        "std": 2695.6746391209754
                    },
                    "rate": {
                        "mean": 0.4010964309229771,
                        "std": 0.00349317430917096
                    }
                },
                "timers": {
                    "time_network": {
                        "mean": 0.1312743056,