{
    "threads": 32,
    "procs": 12,
    "vps": 384,
    "ranks": {
        "6": {
            "stats": {
                "local_spike_counter": {
                    "mean": 206638.2,
                    "std": 2043.5280668490952
                },
                "num_neurons": {
                    "mean": 77169.0,
                    "std": 0.0
                },
                "rate": {
                    "mean": 0.25502246460921574,
                    "std": 0.002522019472227124
                }
            },
            "timers": {
                "time_network": {
                    "mean": 0.10589275940000001,
                    "std": 0.023154204267079547
                },
                "time_create": {
                    "mean": 0.387280217,
                    "std": 0.005385034387685323
                },
                "time_connect": {
                    "mean": 3.3900721547000003,
                    "std": 0.12211155027743363
                },
                "time_presimulate": {
                    "mean": 0.349376177,
                    "std": 0.0054047605418252225
                },
                "time_simulate": {
                    "mean": 6.241208963300001,
                    "std": 0.05242115261695441
                },
                "time_total": {
                    "mean": 10.4738302714,
                    "std": 0.10281664364916925
                }
            }
        },
        "3": {
            "stats": {
                "local_spike_counter": {
                    "mean": 207007.8,
                    "std": 2442.7825445585613
                },
                "num_neurons": {
                    "mean": 77169.0,
                    "std": 0.0
                },
                "rate": {
                    "mean": 0.2554786063241531,
                    "std": 0.003014759250795333
                }
            },
            "timers": {
                "time_network": {
                    "mean": 0.1153597131,
                    "std": 0.02163420036758328
                },
                "time_create": {
                    "mean": 0.3910238548,
                    "std": 0.004056269854237697
                },
                "time_connect": {
                    "mean": 3.3861349171,
                    "std": 0.11728853221879476
                },
                "time_presimulate": {
                    "mean": 0.3495769843,
                    "std": 0.005464930729970069
                },
                "time_simulate": {
                    "mean": 6.2412209022,
                    "std": 0.05243157458545468
                },
                "time_total": {
                    "mean": 10.483316371499999,
                    "std": 0.09834018019439744
                }
            }
        },
        "11": {
            "stats": {
                "local_spike_counter": {
                    "mean": 205774.5,
                    "std": 4560.134937696471
                },
                "num_neurons": {
                    "mean": 77169.0,
                    "std": 0.0
                },
                "rate": {
                    "mean": 0.2539565295464685,
                    "std": 0.005627888990331635
                }
            },
            "timers": {
                "time_network": {
                    "mean": 0.101605357,
                    "std": 0.021792733070686927
                },
                "time_create": {
                    "mean": 0.39114416960000004,
                    "std": 0.0031396677128873772
                },
                "time_connect": {
                    "mean": 3.3867329892999996,
                    "std": 0.11806864329668393
                },
                "time_presimulate": {
                    "mean": 0.3488465069999999,
                    "std": 0.005392456602855063
                },
                "time_simulate": {
                    "mean": 6.2411997786,
                    "std": 0.052410200819448444
                },
                "time_total": {
                    "mean": 10.4695288015,
                    "std": 0.10017857289465273
                }
            }
        },
        "4": {
            "stats": {
                "local_spike_counter": {
                    "mean": 205199.6,
                    "std": 1501.0834220655427
                },
                "num_neurons": {
                    "mean": 77169.0,
                    "std": 0.0
                },
                "rate": {
                    "mean": 0.25324701690599916,
                    "std": 0.001852561597416115
                }
            },
            "timers": {
                "time_network": {
                    "mean": 0.10497355950000001,
                    "std": 0.01993927081350048
                },
                "time_create": {
                    "mean": 0.3891241867,
                    "std": 0.005887264877020812
                },
                "time_connect": {
                    "mean": 3.3881957915000003,
                    "std": 0.11902171151279974
                },
                "time_presimulate": {
                    "mean": 0.34945427370000004,
                    "std": 0.0055067961741976255
                },
                "time_simulate": {
                    "mean": 6.241168588999999,
                    "std": 0.052391745901605905
                },
                "time_total": {
                    "mean": 10.4729164004,
                    "std": 0.10066933245722486
                }
            }
        },
        "2": {
            "stats": {
                "local_spike_counter": {
                    "mean": 204794.9,
                    "std": 989.3499330368401
                },
                "num_neurons": {
                    "mean": 77169.0,
                    "std": 0.0
                },
                "rate": {
                    "mean": 0.2527475565379387,
                    "std": 0.0012210058850881378
                }
            },
            "timers": {
                "time_network": {
                    "mean": 0.1125663445,
                    "std": 0.023278460384953122
                },
                "time_create": {
                    "mean": 0.390679246,
                    "std": 0.00344008526660565
                },
                "time_connect": {
                    "mean": 3.3862262067000004,
                    "std": 0.11863828997859796
                },
                "time_presimulate": {
                    "mean": 0.3498393727,
                    "std": 0.005552090611067368
                },
                "time_simulate": {
                    "mean": 6.2412063377,
                    "std": 0.052409226914977874
                },
                "time_total": {
                    "mean": 10.480517507600002,
                    "std": 0.09726334763622262
                }
            }
        },
        "8": {
            "stats": {
                "local_spike_counter": {
                    "mean": 204499.1,
                    "std": 2412.4013534235964
                },
                "num_neurons": {
                    "mean": 77169.0,
                    "std": 0.0
                },
                "rate": {
                    "mean": 0.25238249506802946,
                    "std": 0.0029772643140362908
                }
            },
            "timers": {
                "time_network": {
                    "mean": 0.1051128517,
                    "std": 0.020448041431607153
                },
                "time_create": {
                    "mean": 0.3968672973,
                    "std": 0.007389321087657909
                },
                "time_connect": {
                    "mean": 3.3809517849999997,
                    "std": 0.11679238354127978
                },
                "time_presimulate": {
                    "mean": 0.3489316729,