{
    "threads": 16,
    "procs": 8,
    "vps": 128,
    "ranks": {
        "7": {
            "stats": {
                "local_spike_counter": {
                    "mean": 307034.6,
                    "std": 3144.5529793597057
                },
                "num_neurons": {
                    "mean": 77169.0,
                    "std": 0.0
                },
                "rate": {
                    "mean": 0.3789266476977864,
                    "std": 0.003880848995445009
                }
            },
            "timers": {
                "time_network": {
                    "mean": 0.0312233028,
                    "std": 0.006087899203532607
                },
                "time_create": {
                    "mean": 0.39751199159999995,
                    "std": 0.018802281700761536
                },
                "time_connect": {
                    "mean": 4.1941301329,
                    "std": 0.1718693856847384
                },
                "time_presimulate": {
                    "mean": 0.3898783379,
                    "std": 0.009383894508497585
                },
                "time_simulate": {
                    "mean": 7.5466692176,
                    "std": 0.06463049306059081
                },
                "time_total": {
                    "mean": 12.5594129828,
                    "std": 0.1704006312233754
                }
            }
        },
        "6": {
            "stats": {
                "local_spike_counter": {
                    "mean": 307091.3,
                    "std": 2600.4365421982516
                },
                "num_neurons": {
                    "mean": 77169.0,
                    "std": 0.0
                },
                "rate": {
                    "mean": 0.3789966239836006,
                    "std": 0.003209327878636485
                }
            },
            "timers": {
                "time_network": {
                    "mean": 0.032662865199999995,
                    "std": 0.005188406640275871
                },
                "time_create": {
                    "mean": 0.4003036388,
                    "std": 0.017449258564946765
                },
                "time_connect": {
                    "mean": 4.1912518699,
                    "std": 0.17349899967115207
                },
                "time_presimulate": {
                    "mean": 0.3899468383,
                    "std": 0.009284637610459048
                },
                "time_simulate": {
                    "mean": 7.546688453600001,
                    "std": 0.06463004445251368
                },
                "time_total": {
                    "mean": 12.5608536658,
                    "std": 0.16863855903271785
                }
            }
        },
        "2": {
            "stats": {
                "local_spike_counter": {
                    "mean": 309495.7,
                    "std": 2743.760851459179
                },
                "num_neurons": {
                    "mean": 77169.0,
                    "std": 0.0
                },
                "rate": {
                    "mean": 0.3819640134300166,
                    "std": 0.003386211526413816
                }
            },
            "timers": {
                "time_network": {
                    "mean": 0.032449345799999994,
                    "std": 0.005215303363409474
                },
                "time_create": {
                    "mean": 0.4027572687,
                    "std": 0.020554112593383893
                },
                "time_connect": {
                    "mean": 4.1888258172,
                    "std": 0.16892867176438675
                },
                "time_presimulate": {
                    "mean": 0.3899335283,
                    "std": 0.009380489717016336
                },
                "time_simulate": {
                    "mean": 7.5466811715999995,
                    "std": 0.06467126888139811
                },
                "time_total": {
                    "mean": 12.5606471316,
                    "std": 0.16888037662091712
                }
            }
        },
        "5": {
            "stats": {
                "local_spike_counter": {
                    "mean": 307031.9,
                    "std": 2055.0052287038106
                },
                "num_neurons": {
                    "mean": 77169.0,
                    "std": 0.0
                },
                "rate": {
                    "mean": 0.37892331549369995,
                    "std": 0.002536184007646554
                }
            },
            "timers": {
                "time_network": {
                    "mean": 0.0189585908,
                    "std": 0.007002033061637139
                },
                "time_create": {
                    "mean": 0.4031475146,
                    "std": 0.022459354808815255
                },
                "time_connect": {
                    "mean": 4.1885350708999995,
                    "std": 0.16957543732477925
                },
                "time_presimulate": {
                    "mean": 0.3898379027,
                    "std": 0.009349892819109747
                },
                "time_simulate": {
                    "mean": 7.5466762755,
                    "std": 0.06462865845659217
                },
                "time_total": {
                    "mean": 12.5471553545,
                    "std": 0.16976808296746998
                }
            }
        },
        "3": {
            "stats": {
                "local_spike_counter": {
                    "mean": 308402.5,
                    "std": 2269.7490279764415
                },
                "num_neurons": {
                    "mean": 77169.0,
                    "std": 0.0
                },
                "rate": {
                    "mean": 0.38061484101992593,
                    "std": 0.0028012099948553667
                }
            },
            "timers": {
                "time_network": {
                    "mean": 0.026467155799999996,
                    "std": 0.006965494687690714
                },
                "time_create": {
                    "mean": 0.4014144895999999,
                    "std": 0.01965201306181051
                },
                "time_connect": {
                    "mean": 4.1903408583,
                    "std": 0.17153058298449925
                },
                "time_presimulate": {
                    "mean": 0.3897685574,
                    "std": 0.009265934703254227
                },
                "time_simulate": {
                    "mean": 7.5466576524,
                    "std": 0.06462672361780102
                },
                "time_total": {
                    "mean": 12.554648713499999,
                    "std": 0.17055056584560915
                }
            }
        },
        "4": {
            "stats": {
                "local_spike_counter": {
                    "mean": 307425.3,
                    "std": 3567.129856060752
                },
                "num_neurons": {
                    "mean": 77169.0,
                    "std": 0.0
                },
                "rate": {
                    "mean": 0.37940882997058406,
                    "std": 0.004402372104837013
                }
            },
            "timers": {
                "time_network": {
                    "mean": 0.015078166899999999,
                    "std": 0.0034370939858318233
                },
                "time_create": {
                    "mean": 0.41349249180000003,
                    "std": 0.03530671566701224
                },
                "time_connect": {
                    "mean": 4.1782222269,
                    "std": 0.1524767763740207
                },
                "time_presimulate": {
                    "mean": 0.3898099087,