{
    "threads": 32,
    "procs": 12,
    "vps": 384,
    "ranks": {
        "2": {
            "stats": {
                "local_spike_counter": {
                    "mean": 204794.9,
                    "std": 989.34993303684
                },
                "num_neurons": {
                    "mean": 77169.0,
                    "std": 0.0
                },
                "rate": {
                    "mean": 0.2527475565379387,
                    "std": 0.0012210058850881378
                }
            },
            "timers": {
                "time_network": {
                    "mean": 0.1125663445,
                    "std": 0.02327846038495312
                },
                "time_create": {
                    "mean": 0.39067924600000004,
                    "std": 0.00344008526660565
                },
                "time_connect": {
                    "mean": 3.3862262067000004,
                    "std": 0.11863828997859796
                },
                "time_presimulate": {
                    "mean": 0.3498393727,
                    "std": 0.005552090611067368
                },
                "time_simulate": {
                    "mean": 6.2412063377,
                    "std": 0.05240922691497787
                },
                "time_total": {
                    "mean": 10.4805175076,
                    "std": 0.09726334763622263
                }
            }
        },
        "3": {
            "stats": {
                "local_spike_counter": {
                    "mean": 207007.8,
                    "std": 2442.7825445585613
                },
                "num_neurons": {
                    "mean": 77169.0,
                    "std": 0.0
                },
                "rate": {
                    "mean": 0.2554786063241531,
                    "std": 0.0030147592507953334
                }
            },
            "timers": {
                "time_network": {
                    "mean": 0.1153597131,
                    "std": 0.02163420036758328
                },
                "time_create": {
                    "mean": 0.3910238548,
                    "std": 0.004056269854237697
                },
                "time_connect": {
                    "mean": 3.3861349171,
                    "std": 0.11728853221879477
                },
                "time_presimulate": {
                    "mean": 0.3495769843,
                    "std": 0.0054649307299700686
                },
                "time_simulate": {
                    "mean": 6.2412209022,
                    "std": 0.05243157458545468
                },
                "time_total": {
                    "mean": 10.483316371499999,
                    "std": 0.09834018019439744
                }
            }
        },
        "8": {
            "stats": {
                "local_spike_counter": {
                    "mean": 204499.1,
                    "std": 2412.4013534235964
                },
                "num_neurons": {
                    "mean": 77169.0,
                    "std": 0.0
                },
                "rate": {
                    "mean": 0.25238249506802946,
                    "std": 0.0029772643140362908
                }
            },
            "timers": {
                "time_network": {
                    "mean": 0.1051128517,
                    "std": 0.020448041431607153
                },
                "time_create": {
                    "mean": 0.3968672973,
                    "std": 0.007389321087657909
                },
                "time_connect": {
                    "mean": 3.3809517849999997,
                    "std": 0.11679238354127978
                },
                "time_presimulate": {
                    "mean": 0.34893167289999993,
                    "std": 0.00531509984295813
                },
                "time_simulate": {
                    "mean": 6.2411887936,
                    "std": 0.05240880975556366
                },
                "time_total": {
                    "mean": 10.473052400499999,
                    "std": 0.09873309303661523
                }
            }
        },
        "6": {
            "stats": {
                "local_spike_counter": {
                    "mean": 206638.2,
                    "std": 2043.5280668490952
                },
                "num_neurons": {
                    "mean": 77169.0,
                    "std": 0.0
                },
                "rate": {
                    "mean": 0.2550224646092158,
                    "std": 0.002522019472227124
                }
            },
            "timers": {
                "time_network": {
                    "mean": 0.10589275940000001,
                    "std": 0.023154204267079547
                },
                "time_create": {
                    "mean": 0.387280217,
                    "std": 0.0053850343876853226
                },
                "time_connect": {
                    "mean": 3.3900721547000003,
                    "std": 0.12211155027743363
                },
                "time_presimulate": {
                    "mean": 0.349376177,
                    "std": 0.0054047605418252225
                },
                "time_simulate": {
                    "mean": 6.241208963299999,
                    "std": 0.05242115261695441
                },
                "time_total": {
                    "mean": 10.4738302714,
                    "std": 0.10281664364916925
                }
            }
        },
        "0": {
            "stats": {
                "local_spike_counter": {
                    "mean": 205970.2,
                    "std": 2238.555686151229
                },
                "num_neurons": {
                    "mean": 77169.0,
                    "std": 0.0
                },
                "rate": {
                    "mean": 0.25419805263524886,
                    "std": 0.002762712742596769
                }
            },
            "timers": {
                "time_network": {
                    "mean": 0.1082110876,
                    "std": 0.02065566065700233
                },
                "time_create": {
                    "mean": 0.4185176360000001,
                    "std": 0.018814295968493655
                },
                "time_connect": {
                    "mean": 3.3587705776,
                    "std": 0.1152020992601607
                },
                "time_presimulate": {
                    "mean": 0.34952913910000005,
                    "std": 0.005499300334869284
                },
                "time_simulate": {
                    "mean": 6.2411116103,
                    "std": 0.05237428573027619
                },
                "time_total": {
                    "mean": 10.476140050600002,
                    "std": 0.09719950104679453
                }
            }
        },
        "11": {
            "stats": {
                "local_spike_counter": {
                    "mean": 205774.5,
                    "std": 4560.134937696471
                },
                "num_neurons": {
                    "mean": 77169.0,
                    "std": 0.0
                },
                "rate": {
                    "mean": 0.2539565295464685,
                    "std": 0.005627888990331635
                }
            },
            "timers": {
                "time_network": {
                    "mean": 0.101605357,
                    "std": 0.021792733070686927
                },
                "time_create": {
                    "mean": 0.39114416960000004,
                    "std": 0.0031396677128873772
                },
                "time_connect": {
                    "mean": 3.3867329893000004,
                    "std": 0.11806864329668394
                },
                "time_presimulate": {
                    "mean": 0.3488465069999999,