{
    "p-8-t-16": {
        "conf": {
            "threads": 16,
            "procs": 8,
            "num_neurons": 77169
        },
        "seeds": [
            123456,
            123454,
            123455,
            123451,
            123458,
            123453,
            123450,
            123457,
            123452,
            123459
        ],
        "ranks": {
            "5": {
                "stats": {
                    "local_spike_counter": {
                        "mean": 305761.6,
                        "std": 2381.3909884771124
                    },
                    "rate": {
                        "mean": 0.3962193917435445,
                        "std": 0.0030859116676455202
                    }
                },
                "timers": {
                    "time_initialize": {
                        "mean": 0.0183074955,
                        "std": 0.0034116768893825583
                    },
                    "time_create": {
                        "mean": 0.3919983028000001,
                        "std": 0.002557570352334688
                    },
                    "time_connect": {
                        "mean": 1.5364030086,
                        "std": 0.07286957703461948
                    },
                    "time_calibrate": {
                        "mean": 2.3519900177000004,
                        "std": 0.005180548557695441
                    },
                    "time_construct": {
                        "mean": 4.2986988246,
                        "std": 0.07298146998437119
                    },
                    "time_simulate": {
                        "mean": 7.7740622252,
                        "std": 0.15017252404636094
                    },
                    "time_total": {
                        "mean": 12.0727610498,
                        "std": 0.16644775805143142
                    }
                }
            },
            "3": {
                "stats": {
                    "local_spike_counter": {
                        "mean": 307071.1,
                        "std": 2164.916924503109
                    },
                    "rate": {
                        "mean": 0.3979162997054605,
                        "std": 0.0028053950103673095
                    }
                },
                "timers": {
                    "time_initialize": {
                        "mean": 0.0174194749,
                        "std": 0.012274768298072234
                    },
                    "time_create": {
                        "mean": 0.39213313800000005,
                        "std": 0.004082547532540826
                    },
                    "time_connect": {
                        "mean": 1.536090261,
                        "std": 0.07406178633387986
                    },
                    "time_calibrate": {
                        "mean": 2.3521657082000003,
                        "std": 0.005140907059964461
                    },
                    "time_construct": {
                        "mean": 4.2978085821,
                        "std": 0.07405180546155825
                    },
                    "time_simulate": {
                        "mean": 7.7740733651,
                        "std": 0.15014116583115428
                    },
                    "time_total": {
                        "mean": 12.071881947200001,
                        "std": 0.1654955110042898
                    }
                }
            },
            "0": {
                "stats": {
                    "local_spike_counter": {
                        "mean": 308469.9,
                        "std": 3251.6809637478273
                    },
                    "rate": {
                        "mean": 0.3997289265532101,
                        "std": 0.004213671872466093
                    }
                },
                "timers": {
                    "time_initialize": {
                        "mean": 0.022149135699999996,
                        "std": 0.010437697306239975
                    },
                    "time_create": {
                        "mean": 0.4238042384,
                        "std": 0.06611954895622468
                    },
                    "time_connect": {
                        "mean": 1.5044810996,
                        "std": 0.012648422991318692
                    },
                    "time_calibrate": {
                        "mean": 2.3520893472,
                        "std": 0.005141996061092783
                    },
                    "time_construct": {
                        "mean": 4.3025238209,
                        "std": 0.07249585714453106
                    },
                    "time_simulate": {
                        "mean": 7.7740795680999994,
                        "std": 0.15015546818115752
                    },
                    "time_total": {
                        "mean": 12.076603389000002,
                        "std": 0.1638992277998997
                    }
                }
            },
            "4": {
                "stats": {
                    "local_spike_counter": {
                        "mean": 306803.1,
                        "std": 3578.391438901004
                    },
                    "rate": {
                        "mean": 0.39756901346354107,
                        "std": 0.004637037742285702
                    }
                },
                "timers": {
                    "time_initialize": {
                        "mean": 0.0181632389,
                        "std": 0.004534733277168425
                    },
                    "time_create": {
                        "mean": 0.39193856269999994,
                        "std": 0.002489294014478575
                    },
                    "time_connect": {
                        "mean": 1.5363276584,
                        "std": 0.07417836637329368
                    },
                    "time_calibrate": {
                        "mean": 2.3521248821,
                        "std": 0.005117934966592468
                    },
                    "time_construct": {
                        "mean": 4.298554342099999,
                        "std": 0.07279554367795465
                    },
                    "time_simulate": {
                        "mean": 7.774062755200001,
                        "std": 0.15016697832882966
                    },
                    "time_total": {
                        "mean": 12.072617097299998,
                        "std": 0.1656894868972191
                    }
                }
            },
            "7": {
                "stats": {
                    "local_spike_counter": {
                        "mean": 306538.5,
                        "std": 2107.9486355222225
                    },
                    "rate": {
                        "mean": 0.3972261330918549,
                        "std": 0.0027315729842898786
                    }
                },
                "timers": {
                    "time_initialize": {
                        "mean": 0.0201163582,
                        "std": 0.010439645163548776
                    },
                    "time_create": {
                        "mean": 0.39127703680000003,
                        "std": 0.00439571105162925
                    },
                    "time_connect": {
                        "mean": 1.5371795539,
                        "std": 0.07340481426908313
                    },
                    "time_calibrate": {
                        "mean": 2.3519341296,
                        "std": 0.005129295986234933
                    },
                    "time_construct": {
                        "mean": 4.3005070785,
                        "std": 0.07306832039268651
                    },
                    "time_simulate": {
                        "mean": 7.774075470999999,