{
    "time_model_def": {
        "mean": 0.0107427122,
        "std": 0.000185304207578673
    },
    "time_build": {
        "mean": 6.9605648114,
        "std": 0.04683001964395992
    },
    "time_load": {
        "mean": 0.515292769,
        "std": 0.008900606433803774
    },
    "time_simulate": {
        "mean": 6.9464885236,
        "std": 0.01140223268353022
    },
    "time_total": {
        "mean": 14.433088816200002,
        "std": 0.040383573893938894
    },
    "network_construction_time": {
        "mean": 7.4866002925999995,
        "std": 0.041521438169142395
    },
    "network_construction_time_nobuild": {
        "mean": 0.5260354812,
        "std": 0.009015660522364832
    }
}