{
    "BlockStep": {
        "time_network": {
            "mean": 0.0004319865,
            "std": 1.3459805357062195e-05
        },
        "time_create": {
            "mean": 0.028263913299999992,
            "std": 0.07545174176224947
        },
        "time_connect": {
            "mean": 0.10397494659999999,
            "std": 0.00039995294342889915
        },
        "time_calibrate": {
            "mean": 0.6749136605,
            "std": 0.0009705139094368795
        },
        "time_simulate": {
            "mean": 8.8605425947,
            "std": 0.07700777810768324
        },
        "time_total": {
            "mean": 9.668127101600001,
            "std": 0.08783148850841437
        },
        "total_net_constr": {
            "mean": 0.8075845068999999,
            "std": 0.07515929565886983
        }
    }
}