{
    "BlockStep": {
        "conf": {
            "num_neurons": 77169
        },
        "seeds": [
            123455,
            123450,
            123458,
            123451,
            123457,
            123453,
            123456,
            123452,
            123454,
            123459
        ],
        "timers": {
            "time_initialize": {
                "mean": 0.00019663879999999998,
                "std": 9.584881196968483e-06
            },
            "time_create": {
                "mean": 0.0016457903,
                "std": 3.531614433385958e-05
            },
            "time_connect": {
                "mean": 0.15388417999999998,
                "std": 0.0005288886755635831
            },
            "time_calibrate": {
                "mean": 0.3631879939,
                "std": 0.0002946254321916079
            },
            "time_construct": {
                "mean": 0.518914603,
                "std": 0.0004706019862535536
            },
            "time_simulate": {
                "mean": 3.8624719382,
                "std": 0.010173034424294819
            },
            "time_total": {
                "mean": 4.3813865411999995,
                "std": 0.010167430927430875
            }
        }
    }
}