{
    "conf": {
        "threads": 16,
        "procs": 8,
        "num_neurons": 77177,
        "seed": 123455
    },
    "ranks": {
        "2": {
            "stats": {
                "local_spike_counter": 311127,
                "rate": 0.40313032219587747
            },
            "timers": {
                "time_initialize": 27601484,
                "time_create": 393171127,
                "time_connect": 1941489184,
                "time_calibrate": 2383658374,
                "time_construct": 4745920169,
                "time_simulate": 12615882745,
                "time_total": 17361802914
            }
        },
        "3": {
            "stats": {
                "local_spike_counter": 313290,
                "rate": 0.40593294262711516
            },
            "timers": {
                "time_initialize": 27549053,
                "time_create": 393939888,
                "time_connect": 1942252916,
                "time_calibrate": 2382145080,
                "time_construct": 4745886937,
                "time_simulate": 12615856947,
                "time_total": 17361743884
            }
        },
        "7": {
            "stats": {
                "local_spike_counter": 311811,
                "rate": 0.40401658774140065
            },
            "timers": {
                "time_initialize": 27575493,
                "time_create": 393498097,
                "time_connect": 1941375655,
                "time_calibrate": 2383465473,
                "time_construct": 4745914718,
                "time_simulate": 12615852805,
                "time_total": 17361767523
            }
        },
        "4": {
            "stats": {
                "local_spike_counter": 307971,
                "rate": 0.399041061871797
            },
            "timers": {
                "time_initialize": 10135119,
                "time_create": 393744458,
                "time_connect": 1940641882,
                "time_calibrate": 2383944354,
                "time_construct": 4728465813,
                "time_simulate": 12615856967,
                "time_total": 17344322780
            }
        },
        "1": {
            "stats": {
                "local_spike_counter": 312342,
                "rate": 0.40470460967805677
            },
            "timers": {
                "time_initialize": 13296645,
                "time_create": 387255615,
                "time_connect": 1947482506,
                "time_calibrate": 2383599364,
                "time_construct": 4731634130,
                "time_simulate": 12615854105,
                "time_total": 17347488235
            }
        },
        "6": {
            "stats": {
                "local_spike_counter": 309389,
                "rate": 0.4008783784559371
            },
            "timers": {
                "time_initialize": 27553673,
                "time_create": 397749106,
                "time_connect": 1937599636,
                "time_calibrate": 2382987352,
                "time_construct": 4745889767,
                "time_simulate": 12615858816,
                "time_total": 17361748583
            }
        },
        "0": {
            "stats": {
                "local_spike_counter": 313286,
                "rate": 0.40592775978766765
            },
            "timers": {
                "time_initialize": 27561523,
                "time_create": 401991254,
                "time_connect": 1932320896,
                "time_calibrate": 2384016585,
                "time_construct": 4745890258,
                "time_simulate": 12615855665,
                "time_total": 17361745923
            }
        },
        "5": {
            "stats": {
                "local_spike_counter": 315099,
                "rate": 0.4082768817672488
            },
            "timers": {
                "time_initialize": 9820129,
                "time_create": 396029162,
                "time_connect": 1939002500,
                "time_calibrate": 2383299242,
                "time_construct": 4728151033,
                "time_simulate": 12615859747,
                "time_total": 17344010780
            }
        }
    },
    "all_values": {
        "stats": {
            "local_spike_counter": 2494315,
            "rate": 3.2319085441251008
        },
        "timers": {
            "time_initialize": [
                27601484,
                27549053,
                27575493,
                10135119,
                13296645,
                27553673,
                27561523,
                9820129
            ],
            "time_create": [
                393171127,
                393939888,
                393498097,
                393744458,
                387255615,
                397749106,
                401991254,
                396029162
            ],
            "time_connect": [
                1941489184,
                1942252916,
                1941375655,
                1940641882,
                1947482506,
                1937599636,
                1932320896,
                1939002500
            ],
            "time_calibrate": [
                2383658374,
                2382145080,
                2383465473,
                2383944354,
                2383599364,
                2382987352,
                2384016585,
                2383299242
            ],
            "time_construct": [
                4745920169,
                4745886937,
                4745914718,
                4728465813,
                4731634130,
                4745889767,
                4745890258,
                4728151033
            ],
            "time_simulate": [
                12615882745,
                12615856947,
                12615852805,
                12615856967,
                12615854105,
                12615858816,
                12615855665,
                12615859747
            ],
            "time_total": [
                17361802914,
                17361743884,
                17361767523,
                17344322780,
                17347488235,
                17361748583,
                17361745923,
                17344010780
            ]
        }
    }
}